{"primary_winrate_percent": 46.60003057870193, "winrate_top": 46.60003057870193, "winrate_jungle": 43.20422535211267, "winrate_mid": 48.254474570264044, "winrate_adc": 35.16483516483517, "winrate_support": 33.33333333333333, "roles": [4, 5, 1, 2, 3], "matchups_top": [[74, 202, 325], [6, 510, 847], [54, 589, 1007], [80, 753, 1299], [240, 671, 1175], [27, 226, 396], [10, 1796, 3151], [133, 279, 490], [83, 315, 554], [68, 270, 476], [164, 730, 1291], [85, 441, 780], [98, 610, 1079], [114, 1543, 2739], [67, 304, 541], [57, 258, 460], [78, 282, 508], [150, 529, 959], [157, 550, 999], [420, 431, 783]], "matchups_jungle": [[19, 36, 50], [421, 25, 35], [163, 20, 29], [24, 28, 42], [121, 86, 135], [59, 100, 158], [56, 32, 51], [32, 23, 37], [5, 39, 64], [107, 26, 43], [36, 29, 48], [120, 44, 73], [76, 34, 57], [35, 44, 74], [154, 66, 114], [60, 90, 156], [2, 23, 40], [80, 16, 28], [28, 38, 67], [113, 13, 23]], "matchups_mid": [[10, 53, 80], [74, 27, 41], [142, 52, 82], [103, 128, 205], [61, 79, 127], [99, 54, 87], [114, 26, 42], [80, 56, 91], [90, 63, 106], [164, 22, 38], [34, 34, 59], [238, 150, 263], [161, 35, 62], [134, 66, 117], [55, 90, 162], [8, 126, 229], [1, 28, 51], [136, 23, 42], [91, 113, 208], [58, 28, 52]], "matchups_adc": [[18, 1, 1], [61, 1, 1], [134, 1, 1], [429, 2, 2], [498, 3, 3], [202, 5, 6], [222, 8, 10], [21, 3, 4], [145, 12, 16], [67, 3, 5], [81, 6, 10], [51, 7, 13], [119, 1, 2], [236, 2, 4], [22, 4, 9], [25, 0, 2], [107, 0, 1], [110, 0, 1]], "matchups_support": [[1, 1, 1], [3, 1, 1], [9, 1, 1], [12, 1, 1], [40, 1, 1], [43, 1, 1], [54, 1, 1], [63, 1, 1], [79, 1, 1], [117, 3, 3], [350, 1, 1], [432, 1, 1], [53, 5, 6], [25, 3, 4], [412, 7, 10], [111, 2, 3], [555, 2, 3], [89, 4, 7], [26, 1, 2], [50, 1, 2]]}