{"primary_winrate_percent": 46.50916564595487, "matchups_top": 46.50916564595487, "matchups_jungle": 42.64018691588785, "matchups_mid": 48.07954767011113, "matchups_adc": 34.146341463414636, "matchups_support": 33.33333333333333, "roles": [4, 5, 1, 2, 3]}