{"primary_winrate_percent": 0.4650916564595487, "matchups_top": 0.4650916564595487, "matchups_jungle": 0.4264018691588785, "matchups_mid": 0.48079547670111134, "matchups_adc": 0.34146341463414637, "matchups_support": 0.3333333333333333, "roles": [4, 5, 1, 2, 3]}