{"primary_winrate_percent": 0.5234458512483074, "matchups_top": 0.5404178019981835, "matchups_jungle": 0.30434782608695654, "matchups_mid": 0.5234458512483074, "matchups_adc": 0.4878048780487805, "matchups_support": 0.5046854082998661, "roles": [5, 2, 4, 3, 1]}