{"primary_winrate_percent": 52.34511534428522, "winrate_top": 53.99659863945578, "winrate_jungle": 29.166666666666668, "winrate_mid": 52.34511534428522, "winrate_adc": 48.285714285714285, "winrate_support": 50.49875311720699, "roles": [5, 2, 4, 3, 1], "matchups_top": [[238, 6, 6], [54, 20, 29], [57, 6, 9], [27, 7, 11], [10, 43, 71], [39, 13, 22], [157, 11, 19], [150, 15, 26], [17, 34, 59], [90, 4, 7], [164, 14, 25], [98, 5, 9], [78, 5, 9], [6, 6, 11], [75, 6, 11], [84, 24, 47], [24, 16, 32], [518, 5, 10], [41, 15, 31], [92, 18, 38]], "matchups_jungle": [[9, 1, 1], [20, 1, 1], [59, 1, 1], [60, 1, 1], [64, 3, 3], [106, 1, 1], [113, 1, 1], [141, 3, 3], [427, 1, 1], [517, 1, 1], [28, 1, 2], [121, 1, 2], [245, 1, 2], [11, 0, 1], [54, 0, 1], [102, 0, 1], [120, 0, 1]], "matchups_mid": [[74, 344, 655], [115, 361, 692], [90, 1258, 2456], [55, 1501, 2971], [157, 2659, 5273], [101, 790, 1570], [10, 488, 974], [91, 1020, 2045], [245, 1028, 2065], [99, 1528, 3077], [105, 1508, 3046], [161, 616, 1245], [8, 1536, 3107], [131, 962, 1953], [134, 1846, 3793], [69, 658, 1354], [1, 813, 1673], [45, 1611, 3320], [142, 1110, 2292], [54, 243, 504]], "matchups_adc": [[115, 2, 2], [110, 5, 6], [21, 9, 12], [29, 2, 3], [498, 22, 37], [51, 15, 27], [22, 17, 31], [145, 35, 64], [222, 10, 19], [15, 6, 12], [67, 11, 22], [119, 7, 14], [202, 6, 14], [236, 12, 28], [45, 2, 5], [81, 10, 26], [157, 1, 3], [429, 1, 3], [18, 3, 10], [61, 0, 2]], "matchups_support": [[54, 6, 6], [201, 7, 8], [16, 19, 25], [26, 9, 13], [267, 32, 51], [37, 3, 5], [99, 16, 27], [89, 30, 53], [43, 9, 16], [412, 53, 99], [111, 34, 64], [53, 23, 44], [25, 21, 41], [101, 3, 6], [45, 3, 6], [50, 7, 15], [161, 4, 9], [40, 15, 35], [117, 21, 51], [497, 18, 44]]}