{"primary_winrate_percent": 52.34458512483074, "matchups_top": 54.04178019981835, "matchups_jungle": 30.434782608695656, "matchups_mid": 52.34458512483074, "matchups_adc": 48.78048780487805, "matchups_support": 50.46854082998661, "roles": [5, 2, 4, 3, 1]}