{"primary_winrate_percent": 44.96764243813148, "matchups_top": 45.8307181924146, "matchups_jungle": 13.725490196078432, "matchups_mid": 44.96764243813148, "matchups_adc": 39.39393939393939, "matchups_support": 27.27272727272727, "roles": [5, 4, 2, 3, 1]}