{"primary_winrate_percent": 44.95837433837806, "winrate_top": 45.95709570957096, "winrate_jungle": 14.545454545454545, "winrate_mid": 44.95837433837806, "winrate_adc": 37.96296296296296, "winrate_support": 27.380952380952383, "roles": [5, 4, 2, 3, 1], "matchups_top": [[240, 635, 1060], [420, 361, 604], [57, 250, 420], [85, 470, 795], [83, 248, 431], [78, 273, 479], [516, 421, 749], [157, 554, 986], [10, 1665, 2989], [80, 589, 1061], [6, 313, 564], [86, 1240, 2243], [164, 698, 1266], [75, 424, 770], [54, 452, 822], [17, 553, 1008], [98, 559, 1021], [41, 940, 1717], [74, 159, 292], [92, 1032, 1897]], "matchups_jungle": [[5, 1, 1], [11, 1, 1], [19, 2, 2], [20, 1, 1], [24, 1, 1], [29, 1, 1], [33, 2, 2], [35, 2, 2], [57, 1, 1], [59, 3, 3], [60, 4, 4], [62, 1, 1], [64, 4, 4], [77, 2, 2], [79, 1, 1], [107, 1, 1], [113, 2, 2], [120, 1, 1], [121, 4, 4], [131, 1, 1]], "matchups_mid": [[90, 957, 1585], [54, 236, 392], [74, 302, 510], [10, 522, 882], [99, 1011, 1749], [4, 1591, 2755], [55, 1592, 2771], [161, 456, 797], [103, 2018, 3529], [3, 633, 1118], [131, 970, 1723], [518, 466, 828], [38, 1227, 2187], [1, 648, 1155], [80, 461, 825], [115, 254, 455], [142, 882, 1584], [112, 699, 1257], [45, 1197, 2158], [91, 1216, 2193]], "matchups_adc": [[18, 4, 4], [27, 1, 1], [29, 1, 1], [111, 1, 1], [157, 2, 2], [236, 9, 9], [498, 4, 5], [222, 7, 9], [145, 14, 20], [15, 2, 3], [119, 2, 3], [202, 4, 6], [67, 5, 8], [81, 5, 10], [51, 2, 6], [110, 1, 3], [22, 3, 11], [21, 0, 1], [74, 0, 1], [96, 0, 2]], "matchups_support": [[26, 1, 1], [43, 3, 3], [53, 2, 2], [54, 1, 1], [99, 3, 3], [117, 4, 4], [143, 1, 1], [201, 1, 1], [350, 2, 2], [516, 1, 1], [63, 5, 6], [267, 5, 6], [16, 3, 4], [111, 6, 8], [412, 9, 12], [40, 2, 3], [555, 4, 6], [497, 3, 5], [9, 1, 2], [89, 3, 6]]}