{"primary_winrate_percent": 0.4496764243813148, "matchups_top": 0.458307181924146, "matchups_jungle": 0.13725490196078433, "matchups_mid": 0.4496764243813148, "matchups_adc": 0.3939393939393939, "matchups_support": 0.2727272727272727, "roles": [5, 4, 2, 3, 1]}