{"primary_winrate_percent": 46.89454192216623, "matchups_top": 45.08196721311475, "matchups_jungle": 30.88235294117647, "matchups_mid": 23.25581395348837, "matchups_adc": 46.666666666666664, "matchups_support": 46.89454192216623, "roles": [2, 4, 1, 5, 3]}