{"primary_winrate_percent": 46.95008212923522, "winrate_top": 45.52238805970149, "winrate_jungle": 30.136986301369863, "winrate_mid": 26.08695652173913, "winrate_adc": 52.94117647058824, "winrate_support": 46.95008212923522, "roles": [2, 4, 1, 5, 3], "matchups_top": [[38, 1, 1], [157, 1, 1], [58, 2, 2], [107, 2, 2], [27, 4, 4], [54, 2, 2], [6, 4, 4], [82, 3, 3], [126, 1, 1], [8, 3, 3], [13, 1, 1], [79, 1, 1], [25, 1, 1], [17, 2, 2], [83, 1, 1], [92, 8, 11], [86, 6, 9], [266, 2, 3], [150, 2, 3], [75, 2, 3]], "matchups_jungle": [[246, 1, 1], [77, 1, 1], [24, 1, 1], [203, 1, 1], [56, 1, 1], [72, 1, 1], [60, 1, 1], [33, 3, 3], [2, 1, 1], [421, 1, 1], [76, 4, 4], [36, 2, 2], [79, 1, 1], [78, 1, 1], [154, 1, 1], [254, 1, 1], [517, 1, 1], [141, 4, 5], [28, 3, 4], [107, 3, 4]], "matchups_mid": [[1, 1, 1], [26, 1, 1], [34, 2, 2], [45, 1, 1], [55, 5, 5], [58, 1, 1], [69, 3, 3], [91, 1, 1], [99, 2, 2], [101, 1, 1], [105, 1, 1], [112, 1, 1], [114, 1, 1], [127, 1, 1], [131, 1, 1], [161, 3, 3], [238, 1, 1], [517, 1, 1], [157, 2, 3], [13, 1, 2]], "matchups_adc": [[21, 1, 1], [22, 1, 1], [145, 4, 4], [222, 2, 2], [29, 0, 1], [51, 0, 1], [67, 0, 5], [81, 0, 1], [202, 0, 1]], "matchups_support": [[40, 759, 1305], [50, 345, 612], [63, 352, 625], [432, 279, 496], [16, 444, 793], [117, 856, 1542], [25, 857, 1549], [44, 121, 219], [497, 1085, 1968], [26, 236, 429], [161, 177, 325], [267, 825, 1518], [89, 2002, 3686], [143, 289, 533], [35, 118, 220], [43, 319, 595], [111, 1878, 3505], [101, 144, 272], [412, 2743, 5240], [53, 1893, 3650]]}