{"primary_winrate_percent": 46.952513966480446, "lane_winrates": {"1": 30.0, "2": 46.952513966480446, "3": 52.94117647058824, "4": 45.714285714285715, "5": 23.404255319148938}, "roles": [2, 4, 1, 5, 3], "matchups": {"1": [[11, 0, 2, 3283, 4105, 0, -7, 0, 47, 1, 0, 0, -17, 0, 4307], [44, 0, 1, -142, -434, 0, 4, 0, 3, -1, 0, 0, 14, 0, -2409], [104, 0, 1, 1981, 1821, 0, 12, 0, 33, 0, 0, 0, -4, 0, -156], [80, 0, 1, -163, 1177, 0, -2, 0, 4, 1, 0, 0, -3, 0, -1193], [102, 0, 1, 314, 286, 0, 7, 0, 19, -1, 0, 0, 8, 0, -10223], [5, 1, 3, 1946, 3055, 0, -3, 0, 52, -1, 0, 0, 12, 0, -1025], [120, 1, 2, 564, 1445, 0, -9, 0, 50, 0, 0, 0, 0, 0, 4381], [54, 1, 2, 600, 1392, 0, 10, 0, 13, 4, 0, 0, 8, 0, 789], [245, 4, 7, 5120, 4614, 0, 11, 0, 119, 0, 0, 0, 39, 0, 27495], [59, 3, 5, 4045, 4441, 0, -18, 0, 184, -3, 0, 0, 15, 0, 4138], [121, 2, 3, 5986, 6308, 0, 28, 0, 40, 2, 0, 0, -2, 0, 12358], [19, 2, 3, 2864, 4173, 0, 6, 0, 67, -2, 0, 0, 5, 0, 12038], [141, 3, 4, 4666, 5666, 0, -22, 0, 115, 3, 0, 0, -2, 0, 11623], [64, 3, 4, 7746, 8221, 0, 30, 0, 113, 1, 0, 0, -9, 0, 21711], [107, 3, 4, 6468, 7871, 0, 21, 0, 117, 4, 0, 0, -25, 0, 17153], [28, 3, 4, 5442, 3909, 0, -6, 0, 102, 3, 0, 0, 8, 0, 12476], [517, 1, 1, 3600, 3761, 0, 33, 0, 12, 3, 0, 0, -12, 0, 10252], [254, 1, 1, 3032, 2647, 0, 6, 0, 36, 1, 0, 0, -6, 0, 9034], [154, 1, 1, 2064, 1759, 0, 4, 0, 36, 0, 0, 0, -6, 0, 2269], [427, 1, 1, 803, 1129, 0, 1, 0, 4, 0, 0, 0, 2, 0, 7188], [78, 1, 1, 61, 244, 0, -4, 0, 5, 0, 0, 0, 8, 0, 1767], [79, 2, 2, 231, 642, 0, -3, 0, 0, 1, 0, 0, 12, 0, -3029], [76, 4, 4, 8337, 6633, 0, -47, 0, 233, 3, 0, 0, -19, 0, 13033], [421, 1, 1, 733, 75, 0, -4, 0, -17, -1, 0, 0, 0, 0, 567], [2, 1, 1, 1205, 1298, 0, -5, 0, 32, 1, 0, 0, -4, 0, 4692], [33, 3, 3, 2316, 2304, 0, 0, 0, 45, 3, 0, 0, 12, 0, -4722], [60, 1, 1, 1990, 2283, 0, 19, 0, 6, 2, 0, 0, -7, 0, 6001], [72, 1, 1, 1907, 1493, 0, 0, 0, 21, -1, 0, 0, -1, 0, 4553], [56, 1, 1, 1545, 1304, 0, 10, 0, 24, 1, 0, 0, -1, 0, 6375], [203, 1, 1, 2697, 2534, 0, 2, 0, 40, 0, 0, 0, -6, 0, 7085], [24, 1, 1, 1843, 2000, 0, 10, 0, 11, 0, 0, 0, -1, 0, 9897], [77, 1, 1, 2537, 4009, 0, -17, 0, 85, 0, 0, 0, -10, 0, 10335], [246, 1, 1, 2679, 2123, 0, 6, 0, 43, 0, 0, 0, -1, 0, 10998]], "2": [[164, 0, 2, 180, 2280, 0, -6, 0, 0, 2, 0, 0, -19, 0, 7332], [141, 0, 1, -779, -2597, 0, -5, 0, -3, -2, 0, 0, 26, 0, -7115], [75, 0, 1, -110, -429, 0, -16, 0, 0, -1, 0, 0, 11, 0, -3595], [13, 0, 2, -588, 827, 0, 16, 0, 4, 0, 0, 0, 2, 0, -4026], [69, 0, 1, -378, -89, 0, -6, 0, 0, -1, 0, 0, 10, 0, -1381], [266, 0, 1, 935, 172, 0, 6, 0, 0, 0, 0, 0, 10, 0, -2469], [91, 0, 1, -388, -100, 0, -8, 0, 0, -2, 0, 0, 10, 0, 1854], [120, 0, 1, 126, 69, 0, 12, 0, 0, 0, 0, 0, 10, 0, -838], [72, 0, 1, 615, 166, 0, 31, 0, 4, 1, 0, 0, 10, 0, -6840], [114, 0, 1, -982, -327, 0, -2, 0, 0, 1, 0, 0, 12, 0, -7339], [24, 0, 1, 929, 1104, 0, 13, 0, 0, 1, 0, 0, 1, 0, -139], [157, 0, 2, 1114, 3654, 0, 84, 0, 0, 2, 0, 0, -10, 0, 135], [127, 0, 6, -361, 1783, 0, -56, 0, 0, 0, 0, 0, 43, 0, -8129], [81, 6, 26, -12621, 14650, 0, -177, 0, 0, 3, 0, 0, 129, 0, -36733], [82, 1, 4, 962, -259, 0, 49, 0, 0, 0, 0, 0, 34, 0, -10123], [105, 1, 3, -613, -2672, 0, -16, 0, 1, 0, 0, 0, 37, 0, -5196], [517, 1, 3, 3033, 1961, 0, -6, 0, 0, 0, 0, 0, 22, 0, 5453], [420, 1, 3, -1485, -1626, 0, 49, 0, 0, 1, 0, 0, 46, 0, -10870], [90, 3, 9, -3422, -970, 0, -101, 0, 0, 0, 0, 0, 87, 0, -7527], [80, 11, 31, -5377, 2738, 0, 16, 0, -13, 6, 0, 0, 257, 0, -18630], [518, 36, 93, 25650, 73319, 0, -851, 0, 3, 27, 0, 0, 450, 0, 127572], [7, 6, 15, -7620, -8, 0, -220, 0, 0, 5, 0, 0, 135, 0, 727], [33, 2, 5, -5162, -3176, 0, -28, 0, 0, 0, 0, 0, 75, 0, -10461], [10, 6, 15, -388, 3425, 0, -247, 0, 0, 4, 0, 0, 119, 0, -22047], [4, 2, 5, 1852, 7512, 0, -37, 0, 8, 3, 0, 0, -5, 0, 8058], [350, 331, 817, -35548, -21547, 0, -14363, 0, -23, 109, 0, 0, 8002, 0, -1093861], [3, 38, 92, 27356, 44973, 0, 328, 0, -4, 36, 0, 0, 601, 0, 110098], [86, 6, 14, 2709, 12361, 0, 760, 0, 0, 6, 0, 0, 55, 0, -21997], [31, 3, 7, -1779, 658, 0, -40, 0, 0, -1, 0, 0, 62, 0, 233], [223, 40, 93, 2964, 8106, 0, 357, 0, 0, 15, 0, 0, 894, 0, -62705], [61, 4, 9, -891, 4350, 0, -111, 0, 0, 2, 0, 0, 55, 0, -15991], [21, 39, 87, -11967, 33095, 0, -841, 0, 20, 21, 0, 0, 526, 0, 27722], [34, 9, 20, -2034, 8142, 0, -209, 0, 5, 5, 0, 0, 163, 0, 22374], [57, 38, 83, 6318, 14083, 0, -62, 0, 16, 30, 0, 0, 651, 0, -28856], [201, 322, 696, 18876, -32327, 0, 623, 0, -1, -3, 0, 0, 7194, 0, -267684], [9, 190, 402, 19755, 177643, 0, -3645, 0, 92, 61, 0, 0, 2504, 0, 194438], [1, 46, 97, 10746, 48871, 0, -1070, 0, 0, 16, 0, 0, 615, 0, 75695], [45, 65, 134, 3311, 40128, 0, -977, 0, 13, 25, 0, 0, 1003, 0, 22345], [98, 56, 115, 23117, 23496, 0, 446, 0, 14, 19, 0, 0, 951, 0, 7373], [62, 3, 6, -1586, 1286, 0, 18, 0, 12, 5, 0, 0, 51, 0, -3], [236, 1, 2, 1013, 3960, 0, -16, 0, 2, 1, 0, 0, -2, 0, 6795], [68, 2, 4, 2344, 4872, 0, -39, 0, 0, 4, 0, 0, 0, 0, 11408], [154, 11, 22, 2772, 4936, 0, 74, 0, 12, 1, 0, 0, 194, 0, -261], [64, 2, 4, -2098, 294, 0, -8, 0, 51, 0, 0, 0, 33, 0, -7293], [238, 1, 2, 1134, 2274, 0, 56, 0, 0, 1, 0, 0, 0, 0, 704], [36, 2, 4, 1660, 2209, 0, 13, 0, 4, 1, 0, 0, 28, 0, 10291], [32, 2, 4, 2038, 2465, 0, 21, 0, 0, 6, 0, 0, 27, 0, 6531], [163, 5, 10, 2507, 8857, 0, -88, 0, 4, 2, 0, 0, 18, 0, 31099], [113, 2, 4, -788, 1704, 0, 6, 0, 4, 3, 0, 0, 23, 0, -5598], [18, 1, 2, -119, 2767, 0, 2, 0, 0, 3, 0, 0, -3, 0, 5789], [240, 1, 2, -1241, 630, 0, 47, 0, 0, 1, 0, 0, 13, 0, -5790], [246, 2, 4, 872, 1413, 0, -25, 0, 8, 4, 0, 0, 38, 0, 3649], [555, 1037, 2056, 346384, 1615664, 0, -3375, 0, 114, 1322, 0, 0, 7181, 0, 2548297], [37, 153, 301, -56956, 44061, 0, -4447, 0, -6, -6, 0, 0, 2518, 0, -108857], [101, 142, 278, 68913, 202354, 0, -2548, 0, 66, 89, 0, 0, 1184, 0, 196137], [99, 418, 817, 74768, 361717, 0, -8894, 0, 102, 161, 0, 0, 5282, 0, 300395], [412, 2702, 5195, 583161, 2011883, 0, -77739, 0, -26, 606, 0, 0, 36265, 0, 3433927], [53, 1909, 3661, 613598, 754474, 0, -8092, 0, 183, 805, 0, 0, 30817, 0, 2334141], [43, 310, 584, 57229, 242785, 0, -7062, 0, 43, 107, 0, 0, 3975, 0, 471131], [78, 43, 81, 6579, 11832, 0, 255, 0, 12, 13, 0, 0, 671, 0, 61754], [35, 117, 219, 4982, 94183, 0, -2496, 0, 60, 110, 0, 0, 1274, 0, 39947], [267, 812, 1511, -28406, 265962, 0, -25242, 0, 12, 199, 0, 0, 12991, 0, 326492], [44, 120, 223, 9089, 14276, 0, 160, 0, 4, 39, 0, 0, 2091, 0, -29105], [111, 1855, 3445, 690449, 1016529, 0, 9280, 0, 183, 631, 0, 0, 26694, 0, 2799329], [54, 101, 187, 12699, 63746, 0, -1659, 0, 23, 42, 0, 0, 1344, 0, 53080], [161, 174, 320, 88927, 227085, 0, -2179, 0, 61, 207, 0, 0, 1389, 0, 365816], [143, 284, 522, 67747, 319285, 0, -4324, 0, 82, 101, 0, 0, 2692, 0, 460999], [89, 2014, 3687, 542242, 685776, 0, 6298, 0, -8, 270, 0, 0, 31458, 0, 2237459], [26, 237, 432, 131698, 126321, 0, -4397, 0, 12, 80, 0, 0, 3205, 0, 142047], [497, 1084, 1961, 17713, 463767, 0, -31557, 0, 59, -24, 0, 0, 15863, 0, 738572], [63, 350, 631, 95893, 462739, 0, -6262, 0, 233, 267, 0, 0, 2579, 0, 646210], [117, 850, 1524, 147922, 439809, 0, -22274, 0, 76, 205, 0, 0, 11747, 0, 360474], [79, 56, 100, -8932, 21821, 0, -872, 0, 12, 13, 0, 0, 823, 0, 67342], [25, 862, 1537, 334974, 941058, 0, -18407, 0, 122, 401, 0, 0, 7936, 0, 1750407], [106, 36, 64, 12307, 26657, 0, 201, 0, 24, 31, 0, 0, 434, 0, 98512], [142, 9, 16, 6788, 11160, 0, -152, 0, 8, 13, 0, 0, 59, 0, 22132], [432, 285, 505, 125578, 177665, 0, -7491, 0, 65, 76, 0, 0, 3561, 0, 267434], [16, 463, 812, 17224, 121505, 0, -12400, 0, 26, -70, 0, 0, 7038, 0, 397191], [14, 8, 14, 4490, 12902, 0, 151, 0, 4, 4, 0, 0, 33, 0, 6127], [40, 743, 1291, 150160, 499298, 0, -19269, 0, 54, 116, 0, 0, 8983, 0, 1169608], [50, 353, 611, 211006, 514426, 0, -5978, 0, 15, 265, 0, 0, 2193, 0, 972092], [134, 7, 12, -3190, 3235, 0, -110, 0, 0, 5, 0, 0, 89, 0, -4985], [59, 10, 17, -4728, -1784, 0, -174, 0, 8, -11, 0, 0, 191, 0, -15930], [516, 21, 35, 13050, 13632, 0, 291, 0, 3, 14, 0, 0, 255, 0, 4056], [85, 8, 13, 6184, 12454, 0, -115, 0, 9, -3, 0, 0, 49, 0, 42765], [17, 31, 49,