{"primary_winrate_percent": 0.46894541922166233, "matchups_top": 0.45081967213114754, "matchups_jungle": 0.3088235294117647, "matchups_mid": 0.23255813953488372, "matchups_adc": 0.4666666666666667, "matchups_support": 0.46894541922166233, "roles": [2, 4, 1, 5, 3]}