{"primary_winrate_percent": 49.96028594122319, "lane_winrates": {"1": 49.96028594122319, "2": 41.74757281553398, "3": 0.0, "4": 41.509433962264154, "5": 46.15384615384615}, "roles": [1, 2, 4, 5, 3], "matchups": {"1": [[39, 0, 1, -1170, -777, 0, -1, 0, -8, -1, 0, 0, 19, 0, -950], [26, 0, 1, -1632, -2575, 0, 5, 0, -80, 0, 0, 0, 23, 0, -5029], [25, 0, 1, -634, 250, 0, 4, 0, -12, 0, 0, 0, 6, 0, -2581], [13, 0, 1, -1642, -654, 0, 9, 0, -35, -2, 0, 0, 17, 0, -10070], [69, 0, 1, 759, 437, 0, -6, 0, 8, 1, 0, 0, 5, 0, 2049], [267, 0, 1, -5286, -3111, 0, -6, 0, -79, 0, 0, 0, 20, 0, -17153], [222, 0, 1, -2450, -2367, 0, -14, 0, -28, -1, 0, 0, 28, 0, -4528], [91, 0, 4, -3307, -4478, 0, -14, 0, -41, -4, 0, 0, 70, 0, -18960], [350, 0, 1, -4141, -4359, 0, -7, 0, -84, -1, 0, 0, 31, 0, -10100], [115, 0, 1, -2205, -257, 0, 41, 0, -74, 1, 0, 0, 11, 0, -1593], [498, 0, 1, -5077, -2787, 0, -6, 0, -68, 0, 0, 0, 32, 0, -5258], [101, 0, 1, -2705, -1928, 0, 26, 0, -92, -2, 0, 0, 17, 0, -8518], [40, 0, 2, -2049, -162, 0, -10, 0, -46, 1, 0, 0, 23, 0, 1717], [96, 0, 1, -1347, -373, 0, -8, 0, -16, -1, 0, 0, 9, 0, -1377], [134, 0, 2, 1304, 2796, 0, 16, 0, -30, 3, 0, 0, -2, 0, 111], [38, 0, 1, 128, 417, 0, -1, 0, 3, 0, 0, 0, 6, 0, -2333], [518, 1, 5, -2884, -5506, 0, 10, 0, -87, -7, 0, 0, 93, 0, 505], [92, 5, 25, -12382, -7455, 0, 37, 0, -185, -1, 0, 0, 248, 0, -48802], [4, 1, 5, -4894, -1072, 0, -45, 0, -32, -3, 0, 0, 52, 0, -16585], [105, 4, 16, -4849, 2417, 0, 96, 0, -327, 1, 0, 0, 144, 0, -3264], [238, 1, 4, 404, 1211, 0, 23, 0, -17, -1, 0, 0, 29, 0, -1803], [18, 1, 4, -2275, -1934, 0, -4, 0, -56, 2, 0, 0, 48, 0, -4828], [27, 1, 4, -924, -1340, 0, 34, 0, -7, -1, 0, 0, 43, 0, -7133], [236, 1, 3, -1339, -171, 0, 11, 0, -35, -1, 0, 0, 17, 0, 4513], [122, 1, 3, -1533, -489, 0, 4, 0, -58, 2, 0, 0, 26, 0, 10231], [98, 5, 15, -4349, -4400, 0, -11, 0, -112, -8, 0, 0, 188, 0, -4204], [44, 1, 3, -5022, -4110, 0, -20, 0, -99, 0, 0, 0, 67, 0, -9969], [67, 3, 9, -7655, -6704, 0, -23, 0, -152, -2, 0, 0, 148, 0, 411], [10, 2, 6, -691, -24, 0, 14, 0, -5, 1, 0, 0, 65, 0, -5286], [555, 1, 3, -2305, -2893, 0, 11, 0, -79, -1, 0, 0, 53, 0, -8079], [53, 1, 3, -2681, -5303, 0, -12, 0, -82, -3, 0, 0, 71, 0, -14710], [223, 1, 3, 332, 503, 0, -8, 0, 5, -2, 0, 0, 30, 0, 3234], [516, 6, 17, -11733, -16452, 0, -92, 0, -169, -4, 0, 0, 249, 0, -53954], [240, 3, 8, -2852, -1332, 0, 51, 0, -86, -2, 0, 0, 98, 0, -7291], [246, 64, 167, -64625, -29828, 0, -132, 0, -1419, -32, 0, 0, 1860, 0, -65636], [266, 14, 36, 13020, 17077, 0, 44, 0, 172, 10, 0, 0, 236, 0, 11853], [517, 67, 172, -34447, 13488, 0, -246, 0, -978, 53, 0, 0, 1599, 0, 7463], [145, 11, 28, -2164, -3603, 0, 124, 0, -180, -22, 0, 0, 321, 0, -17372], [75, 8, 20, -11800, -7953, 0, 102, 0, -331, 5, 0, 0, 251, 0, -46043], [111, 12, 30, -17921, -9850, 0, 3, 0, -494, 2, 0, 0, 396, 0, -28117], [6, 2, 5, 48, 2503, 0, 34, 0, 8, 0, 0, 0, 23, 0, 7410], [86, 10, 25, -178, 6509, 0, -4, 0, 64, 8, 0, 0, 199, 0, -3207], [164, 37, 91, -34014, 1531, 0, 4, 0, -1167, 20, 0, 0, 889, 0, 2190], [157, 5, 12, -7302, -6725, 0, 73, 0, -103, -9, 0, 0, 174, 0, -26520], [113, 119, 284, -81410, -63493, 0, -330, 0, -1442, 6, 0, 0, 3363, 0, -176384], [79, 313, 736, -139073, -63787, 0, -1460, 0, -3447, 27, 0, 0, 7972, 0, 69813], [31, 20, 47, -1987, 11570, 0, 72, 0, 66, 16, 0, 0, 352, 0, -11444], [62, 68, 157, -55995, -18155, 0, -185, 0, -695, -2, 0, 0, 1708, 0, -50989], [72, 60, 136, -5965, -6298, 0, -62, 0, 384, -8, 0, 0, 1367, 0, -3083], [17, 8, 18, -3702, -5669, 0, 48, 0, -141, -3, 0, 0, 201, 0, -41323], [131, 38, 85, 8955, 17316, 0, 247, 0, -4, 8, 0, 0, 628, 0, -6123], [76, 187, 409, 116443, 194801, 0, 105, 0, 1360, 117, 0, 0, 2458, 0, 133928], [54, 280, 608, -108455, -56932, 0, -708, 0, -2145, 35, 0, 0, 6465, 0, -67966], [56, 326, 703, 221995, 348274, 0, 1090, 0, 2912, 128, 0, 0, 4213, 0, 465018], [80, 189, 404, -41969, 96097, 0, -266, 0, -2063, 85, 0, 0, 3257, 0, 305931], [5, 204, 436, 24266, 163339, 0, -119, 0, -182, 122, 0, 0, 3171, 0, 390512], [421, 191, 406, 59276, 188187, 0, -142, 0, -734, 147, 0, 0, 2601, 0, 270575], [33, 201, 424, -139866, -89746, 0, -680, 0, -3203, -60, 0, 0, 5002, 0, -34999], [104, 261, 540, 166107, 229969, 0, 2327, 0, 2361, 49, 0, 0, 3389, 0, 232682], [141, 934, 1931, 211434, 464997, 0, 1014, 0, 2549, 235, 0, 0, 15335, 0, -126421], [60, 514, 1055, -122214, 156796, 0, -798, 0, -5432, 260, 0, 0, 9334, 0, 861540], [78, 39, 79, 333, 24255, 0, -44, 0, -82, 22, 0, 0, 623, 0, 104816], [107, 305, 616, 145981, 285229, 0, 1220, 0, 1779, 179, 0, 0, 3756, 0, 245674], [24, 304, 612, -47114, 37893, 0, -541, 0, 763, 40, 0, 0, 5607, 0, -78036], [2, 280, 563, 227992, 427790, 0, 1252, 0, 3001, 332, 0, 0, 2222, 0, 595629], [143, 1, 2, -193, -1071, 0, 10, 0, -25, 0, 0, 0, 23, 0, -5417], [99, 1, 2, -594, -965, 0, 0, 0, 2, 0, 0, 0, 28, 0, -4689], [1, 2, 4, -5449, -4286, 0, 2, 0, -93, -1, 0, 0, 73, 0, -9744], [89, 4, 8, -5772, -4462, 0, 16, 0, -122, -3, 0, 0, 111, 0, 15327], [29, 125, 249, -44857, 60887, 0, 538, 0, -3261, 24, 0, 0, 1878, 0, 79480], [64, 1813, 3605, 297107, 1557929, 0, -904, 0, -6677, 1265, 0, 0, 24132, 0, 2980135], [28, 387, 765, 127443, 178224, 0, -2222, 0, 990, 109, 0, 0, 6225, 0, 205939], [30, 206, 405, 260156, 263675, 0, 1524, 0, 3915, 197, 0, 0, 1781, 0, 343285], [154, 460, 899, -93419, -99001, 0, 325, 0, -7406, 42, 0, 0, 9723, 0, 54050], [120, 577, 1127, 278107, 573543, 0, 801, 0, 3313, 367, 0, 0, 6637, 0, 821307], [11, 647, 1259, 206905, 518509, 0, 505, 0, 5858, 251, 0, 0, 8216, 0, 242887], [254, 466, 901, 56454, 148409, 0, -631, 0, 1983, 72, 0, 0, 7703, 0, 243473], [35, 548, 1057, -44648, 347921, 0, -199, 0, -6233, 449, 0, 0, 7767, 0, 744075], [121, 989, 1907, 130477, 579383, 0, -2614, 0, 2827, 754, 0, 0, 14098, 0, 968082], [59, 769, 1482, -20604, 439310, 0, -527, 0, -3987, 226, 0, 0, 11499, 0, 1345379], [245, 877, 1682, 91418, 345752, 0, 1892, 0, -3628, 311, 0, 0, 13495, 0, 726557], [77, 160, 306, 66483, 140341, 0, -387, 0, 2161, 85, 0, 0, 1991, 0, 444057], [102, 155, 296, 96285, 99363, 0, 781, 0, 1887, 35, 0, 0, 1989, 0, -32074], [106, 170, 324, -35733, 54195, 0, 327, 0, -1946, 89, 0, 0, 2777, 0, 109143], [48, 68, 129, 1053, 45279, 0, 77, 0, -41, 12, 0, 0, 966, 0, 74911], [163, 89, 168, -6929, 22478, 0, 310, 0, -934, 29, 0, 0, 1434, 0, 68045], [19, 376, 707, 93678, 330765, 0, -370, 0, 641, 282, 0, 0, 4184, 0, 556570], [23, 23, 43, -684, 6281, 0, 127, 0, -9, 5, 0, 0, 336, 0, 951], [203, 184, 343, 53737, 168750, 0, 125, 0, 806, 73, 0, 0, 1998, 0, 389185], [68, 11, 20, -1945, -1414, 0, 7, 0, 24, 2, 0, 0, 230, 0, 4756], [9, 139, 251, -1990, 12451, 0, 621, 0, -759, -4, 0, 0, 2384, 0, 53805], [63, 5, 9, 2827, 5599, 0, 17, 0, 40, 9, 0, 0, 39, 0, 20993], [20, 280, 482, 12389, 64180, 0, 738, 0, -1357, 18, 0, 0, 4258, 0, 546094], [427, 109, 186, 12306, -22735, 0, -566, 0, -167, 5, 0, 0, 2082, 0, 88005], [82, 17, 29, 8425, 16723, 0, 18, 0, 100, 19, 0, 0, 154, 0, 10482], [36, 292, 488, 247581, 326396, 0, 1440, 0, 4876, 218, 0, 0, 2125, 0, 427227], [133, 6, 10, -1983, -332, 0, -61, 0, -21, -1, 0, 0, 105, 0, 15838], [81, 7, 11, -3027, 778, 0, 8, 0, -106, 0, 0, 0, 100, 0, 15832], [57, 32, 50, -16975, -9274, 0, 74, 0, -368, 4, 0, 0, 558, 0, 28211], [14, 8, 11, 1844, 1394, 0, 43, 0, 5, 1, 0, 0, 107, 0, 1084], [83, 1, 1, 1563, 1213, 0, 3, 0, 25, 2, 0, 0, 0, 0, 36], [126, 1, 1, -1355, -1615, 0, 1, 0, -1, 1, 0, 0, 26, 0, 1597], [201, 1, 1, 16, -277, 0, 5, 0, -16, 0, 0, 0, 14, 0, -2648], [42, 1, 1, 125, 662, 0, -10, 0, 19, 1, 0, 0, 5, 0, 6078], [43, 1, 1, 1956, 1319, 0, -4, 0, 24, 2, 0, 0, 1, 0, 1387], [114, 1, 1, -287, 728, 0, 4, 0, -17, 0, 0, 0, 1, 0, 10908], [16, 1, 1, -1305, -2310, 0, 3, 0, -35, -2, 0, 0, 29, 0, -743]],