{"primary_winrate_percent": 50.14050439298545, "matchups_top": 42.14046822742475, "matchups_jungle": 50.14050439298545, "matchups_mid": 46.666666666666664, "matchups_adc": 12.5, "matchups_support": 41.891891891891895, "roles": [1, 2, 4, 5, 3]}