{"primary_winrate_percent": 50.06898364102227, "winrate_top": 41.358024691358025, "winrate_jungle": 50.06898364102227, "winrate_mid": 46.96969696969697, "winrate_adc": 12.5, "winrate_support": 40.894568690095845, "roles": [1, 2, 4, 5, 3], "matchups_top": [[27, 2, 2], [74, 3, 3], [45, 3, 3], [67, 4, 4], [50, 2, 2], [17, 9, 10], [516, 11, 13], [36, 4, 5], [8, 6, 8], [84, 8, 11], [14, 2, 3], [120, 2, 3], [266, 4, 6], [75, 2, 3], [114, 7, 11], [80, 10, 16], [10, 10, 16], [157, 3, 5], [86, 7, 12], [39, 11, 20]], "matchups_jungle": [[427, 114, 190], [36, 285, 479], [20, 285, 484], [9, 138, 252], [163, 91, 170], [106, 174, 329], [203, 181, 343], [19, 373, 708], [245, 890, 1702], [28, 401, 771], [35, 552, 1064], [121, 996, 1925], [77, 161, 312], [154, 461, 894], [102, 152, 295], [254, 468, 916], [11, 647, 1275], [30, 212, 418], [120, 563, 1114], [59, 749, 1483]], "matchups_mid": [[4, 1, 1], [38, 1, 1], [39, 2, 2], [54, 1, 1], [74, 1, 1], [91, 3, 3], [101, 2, 2], [105, 1, 1], [112, 1, 1], [127, 1, 1], [131, 1, 1], [518, 1, 1], [142, 3, 4], [8, 2, 3], [13, 2, 3], [84, 2, 3], [115, 2, 3], [517, 1, 2], [103, 2, 5], [157, 2, 5]], "matchups_adc": [[91, 1, 1], [96, 1, 1], [145, 1, 1], [202, 2, 2], [222, 2, 2], [51, 0, 1]], "matchups_support": [[21, 2, 2], [101, 2, 2], [45, 2, 2], [35, 3, 3], [1, 2, 2], [89, 11, 14], [37, 3, 4], [44, 3, 4], [16, 8, 11], [111, 18, 25], [26, 5, 7], [201, 2, 3], [9, 7, 11], [412, 27, 43], [350, 5, 8], [25, 8, 13], [43, 3, 5], [99, 3, 5], [555, 8, 15], [53, 15, 29]]}