{"primary_winrate_percent": 0.5014050439298545, "matchups_top": 0.4214046822742475, "matchups_jungle": 0.5014050439298545, "matchups_mid": 0.4666666666666667, "matchups_adc": 0.125, "matchups_support": 0.4189189189189189, "roles": [1, 2, 4, 5, 3]}