{"primary_winrate_percent": 50.22075055187638, "winrate_top": 52.12669683257919, "winrate_jungle": 20.0, "winrate_mid": 50.22075055187638, "winrate_adc": 51.256281407035175, "winrate_support": 47.211611917494274, "roles": [5, 2, 4, 3, 1], "matchups_top": [[236, 5, 7], [126, 14, 21], [8, 25, 39], [10, 50, 87], [518, 4, 7], [83, 4, 7], [420, 9, 16], [68, 9, 16], [112, 5, 9], [133, 5, 9], [58, 22, 40], [240, 13, 24], [92, 14, 26], [98, 7, 13], [13, 14, 27], [157, 9, 18], [23, 12, 24], [27, 3, 6], [14, 4, 8], [86, 28, 56]], "matchups_jungle": [[5, 1, 1], [33, 1, 1], [59, 1, 1], [60, 1, 1], [64, 1, 1], [86, 1, 1], [120, 2, 2], [121, 3, 3], [141, 1, 1], [11, 0, 1], [77, 0, 1], [79, 0, 1]], "matchups_mid": [[131, 225, 409], [134, 380, 715], [101, 215, 405], [91, 231, 437], [161, 177, 335], [105, 385, 733], [80, 90, 172], [103, 524, 1005], [55, 375, 727], [157, 645, 1261], [238, 523, 1024], [518, 117, 230], [112, 237, 466], [245, 228, 449], [38, 337, 666], [136, 56, 111], [90, 304, 603], [115, 117, 234], [84, 407, 815], [1, 178, 358]], "matchups_adc": [[45, 1, 1], [110, 1, 1], [134, 1, 1], [202, 11, 14], [18, 2, 3], [157, 4, 6], [21, 7, 12], [74, 1, 2], [81, 10, 20], [96, 1, 2], [119, 2, 4], [145, 19, 38], [51, 8, 17], [222, 7, 15], [67, 6, 14], [236, 4, 11], [498, 7, 20], [15, 1, 3], [22, 4, 13], [29, 0, 1]], "matchups_support": [[9, 9, 9], [16, 33, 47], [43, 14, 21], [35, 8, 12], [53, 49, 77], [89, 47, 81], [111, 53, 92], [555, 40, 70], [26, 9, 16], [143, 16, 29], [201, 21, 39], [497, 35, 65], [267, 46, 87], [63, 16, 31], [412, 86, 170], [12, 9, 18], [101, 7, 14], [99, 21, 43], [350, 15, 31], [25, 43, 89]]}