{"primary_winrate_percent": 50.29757785467128, "lane_winrates": {"1": 28.57142857142857, "2": 47.081712062256805, "3": 49.25373134328358, "4": 52.26860254083484, "5": 50.29757785467128}, "roles": [5, 2, 4, 3, 1], "matchups": {"1": [[79, 0, 1, -641, -375, 0, 2, 0, -23, 0, 0, 0, 13, 0, -1876], [77, 0, 1, -25, 1030, 0, 2, 0, 48, 2, 0, 0, 4, 0, -6892], [54, 0, 1, 52, 377, 0, -6, 0, 12, 1, 0, 0, 3, 0, 156], [11, 0, 1, 1674, 1579, 0, -9, 0, 28, 0, 0, 0, -2, 0, 2148], [121, 3, 3, 530, 1424, 0, -13, 0, 73, 2, 0, 0, 18, 0, 19998], [120, 2, 2, 2521, 3421, 0, 4, 0, 60, 0, 0, 0, -8, 0, 7008], [86, 1, 1, 836, -524, 0, 7, 0, 18, -1, 0, 0, 11, 0, 3840], [64, 1, 1, -280, 35, 0, -12, 0, -24, 0, 0, 0, 7, 0, 3350], [60, 1, 1, 3307, 4157, 0, -3, 0, 51, 5, 0, 0, -17, 0, 8641], [59, 1, 1, 906, -254, 0, -18, 0, 18, 0, 0, 0, 9, 0, -602], [5, 1, 1, 182, 1311, 0, -9, 0, 9, -1, 0, 0, 4, 0, 5430]], "2": [[78, 0, 1, -387, -1546, 0, 2, 0, 0, -1, 0, 0, 24, 0, -3228], [64, 0, 1, 338, -254, 0, 5, 0, 0, -1, 0, 0, 16, 0, 3553], [122, 0, 1, 734, 192, 0, 21, 0, 0, 2, 0, 0, 10, 0, -5046], [79, 0, 1, -116, -1377, 0, -9, 0, 0, 0, 0, 0, 18, 0, -6750], [1, 0, 3, -1806, -3157, 0, -20, 0, 0, -5, 0, 0, 58, 0, -19363], [32, 0, 1, -136, -324, 0, 8, 0, 0, 0, 0, 0, 8, 0, -37], [61, 0, 1, -635, 118, 0, 1, 0, 0, -3, 0, 0, 10, 0, -1030], [30, 0, 1, -545, -153, 0, 4, 0, 0, 0, 0, 0, 10, 0, -2833], [223, 0, 1, 341, 473, 0, 15, 0, 0, 0, 0, 0, 7, 0, -2727], [44, 1, 8, -4261, -10599, 0, 74, 0, 4, -6, 0, 0, 154, 0, -26033], [45, 1, 6, -4696, -4032, 0, -5, 0, 2, -2, 0, 0, 86, 0, -19728], [516, 1, 4, -96, -1925, 0, 74, 0, 4, 2, 0, 0, 43, 0, -11859], [54, 2, 7, -4247, -5022, 0, 60, 0, -4, -3, 0, 0, 119, 0, -8137], [3, 2, 6, 62, -2383, 0, 74, 0, -4, 2, 0, 0, 66, 0, -26102], [37, 4, 10, -58, -3902, 0, -43, 0, -8, -3, 0, 0, 118, 0, -3250], [161, 8, 19, 4340, 5894, 0, 166, 0, 0, 1, 0, 0, 161, 0, 731], [432, 14, 33, 5207, -1188, 0, -122, 0, 9, 0, 0, 0, 347, 0, -23435], [40, 26, 61, -7335, -22898, 0, -234, 0, 7, -28, 0, 0, 770, 0, -36572], [25, 41, 91, -6644, -6268, 0, -229, 0, -7, -26, 0, 0, 937, 0, -48877], [50, 10, 21, -5068, -5888, 0, -69, 0, -8, -8, 0, 0, 236, 0, -38413], [98, 2, 4, -1564, -1992, 0, 47, 0, 4, -3, 0, 0, 47, 0, -6375], [99, 21, 42, 2577, 1251, 0, -39, 0, -20, -10, 0, 0, 407, 0, 27530], [7, 1, 2, -309, 1591, 0, -8, 0, 0, 0, 0, 0, 13, 0, 3461], [518, 1, 2, -24, 1526, 0, 35, 0, 0, -3, 0, 0, 0, 0, 2223], [106, 1, 2, -1293, -150, 0, 19, 0, 0, -3, 0, 0, 21, 0, -146], [350, 17, 34, -1106, -11230, 0, -279, 0, -32, 6, 0, 0, 377, 0, -25753], [101, 6, 12, 3013, 1167, 0, -3, 0, -2, 0, 0, 0, 99, 0, 9746], [31, 1, 2, 1216, -287, 0, 61, 0, 0, -1, 0, 0, 17, 0, -4109], [22, 1, 2, -673, -2592, 0, 9, 0, 0, -1, 0, 0, 40, 0, -4266], [117, 27, 54, -4064, -6003, 0, -427, 0, -8, -12, 0, 0, 592, 0, 12896], [59, 1, 2, 557, 952, 0, -10, 0, 0, -1, 0, 0, 12, 0, 4208], [12, 9, 18, 1849, -7719, 0, 187, 0, -5, -5, 0, 0, 207, 0, -24600], [267, 45, 89, -5785, -34231, 0, -541, 0, -40, -33, 0, 0, 1221, 0, -19848], [412, 84, 163, -13688, -34571, 0, -1002, 0, -21, -91, 0, 0, 1873, 0, 15678], [143, 14, 27, 1323, 7884, 0, 59, 0, -6, -5, 0, 0, 194, 0, 12888], [201, 20, 38, 2632, -18764, 0, 395, 0, -4, -21, 0, 0, 540, 0, -6088], [26, 8, 15, -586, -9841, 0, -21, 0, 0, -3, 0, 0, 228, 0, -15954], [497, 35, 65, -7303, -8169, 0, -345, 0, -23, -13, 0, 0, 730, 0, 19044], [111, 50, 85, 8487, -15100, 0, 954, 0, 1, 1, 0, 0, 899, 0, 40480], [89, 46, 78, -24318, -51308, 0, 623, 0, -18, -36, 0, 0, 1204, 0, -28970], [555, 39, 66, -1308, 21443, 0, 367, 0, 0, 12, 0, 0, 540, 0, 92443], [63, 17, 27, 746, 21626, 0, -19, 0, -19, 9, 0, 0, 148, 0, 62023], [53, 50, 78, 14140, 8812, 0, 464, 0, 3, -5, 0, 0, 766, 0, 102682], [43, 14, 21, 1308, 3598, 0, -132, 0, -4, -8, 0, 0, 185, 0, 39342], [57, 2, 3, 513, 1957, 0, -18, 0, 0, 2, 0, 0, 12, 0, 18873], [35, 9, 13, -966, 2233, 0, -45, 0, 8, 3, 0, 0, 107, 0, 23538], [16, 34, 49, -4080, -9201, 0, -274, 0, -5, -4, 0, 0, 580, 0, 27144], [11, 1, 1, 50, 450, 0, 41, 0, 2, 1, 0, 0, 3, 0, 3784], [17, 1, 1, 719, 1441, 0, 3, 0, 0, -1, 0, 0, 3, 0, 479], [74, 1, 1, 124, 577, 0, -5, 0, -4, 0, 0, 0, 6, 0, 1814], [9, 9, 9, 3466, 5406, 0, -22, 0, -4, -2, 0, 0, 61, 0, 32031], [103, 1, 1, 1143, 2111, 0, -4, 0, 0, 2, 0, 0, -3, 0, 9770], [90, 1, 1, -867, -133, 0, 3, 0, -1, 0, 0, 0, 8, 0, 4348], [157, 1, 1, 1554, 2532, 0, 43, 0, 0, 1, 0, 0, -10, 0, 1908]], "3": [[61, 0, 1, 417, 880, 0, 20, 0, 0, 1, 0, 0, 10, 0, -5032], [22, 3, 13, -7216, -2656, 0, 29, 0, 0, -6, 0, 0, 126, 0, -10934], [236, 4, 11, -2244, 6434, 0, 135, 0, -14, 2, 0, 0, 67, 0, -569], [498, 7, 19, -8468, -4915, 0, 18, 0, 4, -16, 0, 0, 203, 0, -15027], [119, 2, 5, 1399, 8464, 0, 110, 0, 4, 0, 0, 0, -32, 0, 13363], [67, 6, 14, -3785, -1031, 0, 24, 0, -2, -5, 0, 0, 144, 0, -28339], [96, 1, 2, -2020, -2584, 0, 2, 0, -4, -1, 0, 0, 28, 0, -7902], [81, 10, 20, -5583, 7483, 0, 131, 0, -9, -12, 0, 0, 160, 0, 10013], [74, 1, 2, 525, -1289, 0, 7, 0, 0, -3, 0, 0, 24, 0, -3425], [51, 9, 18, 309, 8958, 0, 404, 0, -12, -8, 0, 0, 118, 0, 3429], [21, 6, 12, -3173, 680, 0, 158, 0, -4, -2, 0, 0, 118, 0, 1093], [15, 1, 2, -1042, 24, 0, 36, 0, -4, -3, 0, 0, 22, 0, 568], [145, 22, 38, -3540, 20134, 0, 532, 0, -8, 8, 0, 0, 214, 0, 34319], [222, 10, 17, -2704, 3492, 0, 117, 0, 4, 1, 0, 0, 141, 0, 18843], [157, 4, 6, 1925, 5273, 0, 64, 0, 8, 2, 0, 0, 23, 0, 7722], [202, 11, 15, 6419, 16608, 0, 264, 0, 20, 9, 0, 0, 22, 0, 51022], [18, 3, 4, 1397, 9424, 0, 64, 0, 0, 6, 0, 0, -31, 0, 18670], [110, 1, 1, 228, 589, 0, 24, 0, 0, 0, 0, 0, 6, 0, 8679], [45, 1, 1, 98, 44, 0, -11, 0, 0, 1, 0, 0, 15, 0, -2823]],