{"primary_winrate_percent": 0.5022723867552314, "matchups_top": 0.5239520958083832, "matchups_jungle": 0.2, "matchups_mid": 0.5022723867552314, "matchups_adc": 0.5085714285714286, "matchups_support": 0.47180762852404645, "roles": [5, 2, 4, 3, 1]}