{"primary_winrate_percent": 50.22723867552315, "matchups_top": 52.39520958083832, "matchups_jungle": 20.0, "matchups_mid": 50.22723867552315, "matchups_adc": 50.857142857142854, "matchups_support": 47.18076285240465, "roles": [5, 2, 4, 3, 1]}