{"primary_winrate_percent": 50.340298915831596, "matchups_top": 50.371017023134, "matchups_jungle": 30.15075376884422, "matchups_mid": 50.340298915831596, "matchups_adc": 45.629370629370634, "matchups_support": 45.766092475068, "roles": [5, 2, 4, 3, 1]}