{"primary_winrate_percent": 50.2440703423243, "winrate_top": 50.34122842232035, "winrate_jungle": 30.136986301369863, "winrate_mid": 50.2440703423243, "winrate_adc": 46.317512274959086, "winrate_support": 45.84915002475656, "roles": [5, 2, 4, 3, 1], "matchups_top": [[83, 12, 15], [54, 19, 30], [78, 8, 13], [420, 21, 35], [80, 28, 47], [133, 22, 37], [58, 48, 81], [57, 13, 22], [98, 25, 44], [41, 35, 62], [92, 49, 88], [8, 45, 83], [122, 58, 109], [240, 18, 34], [86, 54, 102], [236, 9, 17], [14, 10, 19], [31, 15, 29], [10, 89, 175], [516, 17, 34]], "matchups_jungle": [[102, 3, 3], [77, 3, 3], [80, 5, 5], [107, 6, 6], [5, 4, 4], [33, 4, 4], [62, 2, 2], [59, 12, 14], [36, 5, 6], [20, 5, 6], [11, 5, 6], [35, 4, 5], [154, 4, 5], [56, 3, 4], [64, 22, 30], [29, 2, 3], [19, 2, 3], [113, 2, 3], [2, 6, 9], [421, 2, 3]], "matchups_mid": [[74, 139, 240], [105, 592, 1044], [131, 374, 661], [101, 293, 532], [91, 348, 642], [90, 443, 827], [161, 255, 477], [69, 207, 391], [268, 94, 178], [10, 170, 323], [38, 426, 822], [3, 189, 365], [103, 862, 1675], [54, 82, 160], [45, 626, 1224], [134, 562, 1106], [99, 610, 1203], [238, 837, 1651], [4, 436, 865], [34, 179, 356]], "matchups_adc": [[110, 5, 7], [202, 29, 42], [498, 36, 53], [67, 20, 33], [222, 24, 41], [21, 7, 12], [15, 5, 9], [22, 32, 61], [119, 12, 23], [51, 31, 62], [157, 2, 4], [81, 37, 76], [145, 47, 101], [236, 18, 40], [18, 7, 17], [29, 2, 7]], "matchups_support": [[143, 72, 115], [54, 26, 42], [161, 52, 84], [40, 141, 232], [111, 272, 461], [37, 39, 67], [63, 74, 128], [89, 233, 404], [117, 179, 314], [16, 96, 173], [101, 36, 65], [53, 199, 361], [12, 49, 89], [432, 65, 120], [25, 179, 332], [26, 49, 91], [43, 85, 160], [497, 160, 308], [9, 46, 89], [412, 392, 761]]}