{"primary_winrate_percent": 0.5034029891583159, "matchups_top": 0.50371017023134, "matchups_jungle": 0.3015075376884422, "matchups_mid": 0.5034029891583159, "matchups_adc": 0.4562937062937063, "matchups_support": 0.45766092475068, "roles": [5, 2, 4, 3, 1]}