{"primary_winrate_percent": 54.27836831331542, "matchups_top": 46.666666666666664, "matchups_jungle": 35.36585365853659, "matchups_mid": 49.48979591836735, "matchups_adc": 54.27836831331542, "matchups_support": 45.88900308324769, "roles": [3, 2, 4, 5, 1]}