{"primary_winrate_percent": 0.5427836831331542, "matchups_top": 0.4666666666666667, "matchups_jungle": 0.35365853658536583, "matchups_mid": 0.49489795918367346, "matchups_adc": 0.5427836831331542, "matchups_support": 0.45889003083247687, "roles": [3, 2, 4, 5, 1]}