{"primary_winrate_percent": 54.290002595555954, "winrate_top": 47.50778816199377, "winrate_jungle": 34.78260869565217, "winrate_mid": 48.68217054263566, "winrate_adc": 54.290002595555954, "winrate_support": 45.588235294117645, "roles": [3, 2, 4, 5, 1], "matchups_top": [[240, 7, 8], [14, 5, 6], [246, 4, 5], [36, 4, 5], [17, 8, 10], [18, 6, 8], [133, 6, 9], [6, 8, 12], [85, 4, 6], [164, 8, 12], [39, 11, 18], [74, 3, 5], [84, 10, 17], [266, 7, 12], [516, 8, 14], [41, 9, 16], [68, 5, 9], [83, 5, 9], [13, 12, 22], [92, 13, 24]], "matchups_jungle": [[20, 1, 1], [29, 1, 1], [56, 1, 1], [59, 6, 6], [60, 1, 1], [76, 2, 2], [79, 3, 3], [80, 2, 2], [104, 3, 3], [111, 1, 1], [113, 1, 1], [203, 1, 1], [254, 2, 2], [28, 5, 6], [5, 3, 4], [141, 3, 4], [154, 3, 4], [245, 5, 7], [19, 2, 3], [120, 2, 3]], "matchups_mid": [[91, 12, 15], [103, 23, 30], [112, 4, 6], [115, 4, 6], [161, 8, 12], [134, 13, 21], [1, 8, 13], [7, 12, 20], [34, 3, 5], [127, 7, 12], [10, 4, 7], [246, 10, 18], [245, 10, 18], [105, 10, 18], [13, 16, 29], [84, 14, 26], [142, 8, 15], [90, 9, 17], [55, 11, 21], [38, 11, 22]], "matchups_adc": [[29, 1066, 2128], [96, 801, 1629], [222, 6626, 13619], [21, 3356, 6905], [202, 5423, 11286], [119, 2521, 5351], [18, 2859, 6072], [15, 1755, 3753], [157, 661, 1415], [51, 10001, 21710], [67, 4890, 10735], [498, 8084, 17860], [236, 6446, 14355], [110, 1287, 2886], [145, 14315, 32298], [81, 8462, 19719]], "matchups_support": [[161, 14, 18], [35, 10, 14], [16, 50, 71], [43, 31, 48], [44, 8, 13], [53, 67, 110], [25, 72, 123], [201, 27, 47], [412, 132, 230], [143, 32, 56], [89, 73, 128], [350, 36, 64], [99, 35, 63], [111, 83, 150], [555, 62, 114], [37, 14, 26], [63, 22, 41], [267, 65, 122], [50, 27, 51], [497, 55, 111]]}