{"primary_winrate_percent": 55.008842192863824, "winrate_top": 52.358490566037744, "winrate_jungle": 53.459119496855344, "winrate_mid": 55.008842192863824, "winrate_adc": 52.459016393442624, "winrate_support": 28.57142857142857, "roles": [5, 4, 2, 1, 3], "matchups_top": [[127, 2, 2], [107, 3, 3], [240, 3, 3], [74, 2, 2], [6, 2, 2], [92, 4, 5], [17, 8, 10], [39, 3, 4], [58, 9, 13], [157, 2, 3], [36, 2, 3], [83, 2, 3], [38, 1, 2], [114, 5, 10], [106, 1, 2], [55, 1, 2], [82, 3, 6], [8, 4, 8], [98, 3, 6], [122, 3, 6]], "matchups_jungle": [[246, 1, 1], [102, 1, 1], [54, 1, 1], [2, 1, 1], [163, 1, 1], [60, 8, 10], [30, 4, 6], [24, 2, 3], [5, 2, 3], [56, 2, 3], [245, 4, 6], [254, 2, 3], [28, 1, 2], [203, 2, 4], [19, 1, 2], [104, 1, 2], [76, 2, 4], [79, 2, 4], [64, 11, 22], [141, 6, 12]], "matchups_mid": [[105, 159, 285], [18, 72, 131], [163, 26, 50], [126, 27, 52], [80, 54, 105], [246, 119, 234], [34, 57, 113], [112, 102, 203], [238, 219, 441], [69, 69, 141], [517, 40, 83], [131, 75, 156], [42, 28, 59], [74, 27, 57], [103, 203, 429], [142, 107, 231], [13, 205, 443], [134, 133, 289], [54, 23, 50], [55, 140, 305]], "matchups_adc": [[96, 1, 1], [161, 1, 1], [202, 2, 2], [145, 6, 10], [18, 1, 2], [51, 4, 8], [67, 2, 4], [110, 1, 2], [119, 1, 2], [134, 1, 2], [222, 1, 2], [22, 2, 5], [81, 2, 5], [498, 2, 5], [45, 1, 3], [236, 1, 3], [15, 0, 1], [21, 0, 1], [74, 0, 1], [157, 0, 1]], "matchups_support": [[3, 1, 1], [16, 2, 2], [26, 1, 1], [37, 1, 1], [54, 1, 1], [79, 1, 1], [143, 1, 1], [161, 1, 1], [267, 2, 2], [432, 1, 1], [497, 3, 3], [516, 1, 1], [518, 1, 1], [25, 7, 8], [40, 8, 10], [111, 3, 4], [555, 3, 4], [99, 2, 3], [201, 2, 3], [412, 7, 12]]}