{"primary_winrate_percent": 54.840546697038725, "matchups_top": 51.741293532338304, "matchups_jungle": 52.44755244755245, "matchups_mid": 54.840546697038725, "matchups_adc": 51.724137931034484, "matchups_support": 27.536231884057973, "roles": [5, 4, 2, 1, 3]}