{"primary_winrate_percent": 0.5484054669703873, "matchups_top": 0.5174129353233831, "matchups_jungle": 0.5244755244755245, "matchups_mid": 0.5484054669703873, "matchups_adc": 0.5172413793103449, "matchups_support": 0.2753623188405797, "roles": [5, 4, 2, 1, 3]}