{"primary_winrate_percent": 55.05850678264471, "lane_winrates": {"1": 51.89873417721519, "2": 30.48780487804878, "3": 51.5625, "4": 53.21100917431193, "5": 55.05850678264471}, "roles": [5, 4, 2, 1, 3], "matchups": {"1": [[517, 0, 1, 1653, 1935, 0, 6, 0, 16, 0, 0, 0, 0, 0, -2428], [427, 0, 1, -176, -404, 0, -17, 0, 13, -1, 0, 0, 12, 0, -6983], [78, 0, 1, -271, 53, 0, 1, 0, 7, 0, 0, 0, 9, 0, -4286], [421, 0, 3, 4047, 4488, 0, 13, 0, 52, 1, 0, 0, -18, 0, 4225], [106, 0, 2, -1666, -1042, 0, 5, 0, -3, 2, 0, 0, 27, 0, -9572], [107, 0, 2, -532, 1758, 0, -6, 0, -12, 3, 0, 0, 3, 0, -4010], [35, 1, 6, 3532, 6525, 0, 18, 0, -43, 3, 0, 0, -1, 0, -10800], [120, 1, 6, 2946, 1773, 0, -17, 0, 63, 1, 0, 0, 37, 0, -6295], [33, 1, 4, -4183, -2227, 0, -34, 0, -20, -3, 0, 0, 52, 0, -10047], [154, 2, 6, -932, -3082, 0, -51, 0, -26, -2, 0, 0, 71, 0, 4630], [20, 1, 3, -659, -177, 0, 11, 0, 3, -1, 0, 0, 27, 0, -9586], [36, 1, 3, 4883, 4598, 0, 17, 0, 74, 3, 0, 0, -7, 0, 158], [121, 6, 15, 1308, 4623, 0, -96, 0, 155, 7, 0, 0, 102, 0, 11673], [59, 3, 7, -1454, -1552, 0, -53, 0, 54, 0, 0, 0, 76, 0, 7658], [11, 3, 6, 2975, 1885, 0, -25, 0, 60, 2, 0, 0, 32, 0, -1935], [79, 1, 2, -1447, -660, 0, -8, 0, -10, 1, 0, 0, 23, 0, -3955], [76, 2, 4, 1604, 1137, 0, -41, 0, 32, 3, 0, 0, 28, 0, 2683], [104, 1, 2, -68, -805, 0, 21, 0, -51, -2, 0, 0, 31, 0, -4133], [19, 1, 2, 1441, -622, 0, -13, 0, -2, 2, 0, 0, 20, 0, -2348], [203, 2, 4, 5618, 6223, 0, 4, 0, 90, 1, 0, 0, 0, 0, 9980], [24, 1, 2, 406, -147, 0, -2, 0, 2, -1, 0, 0, 15, 0, 2649], [64, 13, 24, 6917, 9035, 0, -143, 0, 116, -4, 0, 0, 190, 0, 41595], [141, 6, 11, 1207, 2914, 0, -90, 0, 102, 3, 0, 0, 86, 0, 9178], [254, 2, 3, 1065, 888, 0, -17, 0, 35, 1, 0, 0, 19, 0, 3562], [163, 2, 3, 3527, 4681, 0, 14, 0, 13, 2, 0, 0, -9, 0, 7535], [245, 4, 6, 644, 2596, 0, -33, 0, 18, 1, 0, 0, 45, 0, 15418], [56, 2, 3, 1192, 4095, 0, -18, 0, 10, 3, 0, 0, 6, 0, -2254], [28, 2, 3, 507, 74, 0, -11, 0, 19, -1, 0, 0, 26, 0, 4839], [60, 7, 10, -2338, 2244, 0, -109, 0, -42, 3, 0, 0, 89, 0, 42631], [5, 3, 4, 1771, 1602, 0, -32, 0, 34, 2, 0, 0, 25, 0, 4443], [30, 4, 5, 5142, 5938, 0, -37, 0, 147, 3, 0, 0, -11, 0, 24065], [2, 1, 1, -643, -320, 0, -10, 0, -10, -2, 0, 0, 9, 0, 3501], [54, 1, 1, 1029, 1190, 0, -7, 0, 5, 1, 0, 0, 1, 0, 5993], [102, 1, 1, 319, 1318, 0, -3, 0, -2, 1, 0, 0, -3, 0, 2150], [246, 1, 1, -1840, -1468, 0, -14, 0, -4, 0, 0, 0, 24, 0, 2276]], "2": [[223, 0, 1, -264, -1062, 0, 2, 0, 0, -1, 0, 0, 20, 0, -2339], [63, 0, 1, 1358, -838, 0, 6, 0, 0, 0, 0, 0, 16, 0, -618], [89, 2, 6, 2442, 2460, 0, 3, 0, 0, 1, 0, 0, 48, 0, 24204], [99, 1, 2, 1350, 1880, 0, 0, 0, 0, 1, 0, 0, 3, 0, 1982], [53, 2, 4, 64, 2105, 0, -11, 0, 0, 1, 0, 0, 33, 0, 7692], [43, 1, 2, -598, -1287, 0, -43, 0, 0, 1, 0, 0, 32, 0, 3598], [9, 1, 2, 2133, 2986, 0, -7, 0, 0, 2, 0, 0, 0, 0, 13471], [412, 8, 14, 4335, 6973, 0, -139, 0, -13, 2, 0, 0, 98, 0, 28285], [111, 3, 5, 2381, 3504, 0, 41, 0, 0, 3, 0, 0, 23, 0, 5017], [267, 2, 3, 1019, 462, 0, -40, 0, 0, 1, 0, 0, 27, 0, 6059], [201, 2, 3, 985, -85, 0, 22, 0, 0, 0, 0, 0, 31, 0, -3882], [555, 3, 4, 4260, 6086, 0, 4, 0, 3, 7, 0, 0, -11, 0, 15304], [40, 8, 10, -1084, -916, 0, -129, 0, 0, 3, 0, 0, 113, 0, 7219], [25, 8, 9, 6360, 6397, 0, -65, 0, 4, -3, 0, 0, 29, 0, 32845], [518, 1, 1, 265, 1892, 0, -25, 0, 0, 1, 0, 0, 0, 0, 8517], [516, 1, 1, 751, -652, 0, 7, 0, 0, 1, 0, 0, 12, 0, 785], [497, 3, 3, 228, -2313, 0, -44, 0, 0, -4, 0, 0, 44, 0, -805], [432, 1, 1, -1384, -764, 0, -12, 0, 0, -1, 0, 0, 15, 0, -388], [161, 4, 4, 1748, 3439, 0, -14, 0, 2, 5, 0, 0, 14, 0, 22861], [143, 1, 1, -612, -379, 0, -16, 0, 0, -1, 0, 0, 15, 0, 866], [117, 1, 1, 321, 551, 0, -10, 0, 0, 1, 0, 0, 9, 0, 2848], [54, 1, 1, -133, 157, 0, -5, 0, 0, 0, 0, 0, 8, 0, 1640], [26, 1, 1, -553, -343, 0, -10, 0, 0, 0, 0, 0, 14, 0, 153], [16, 1, 1, 0, 0, 0, 0, 0, 0, -1, 0, 0, 0, 0, 0], [3, 1, 1, 1092, 844, 0, 5, 0, 0, 0, 0, 0, 2, 0, -1302]], "3": [[157, 0, 1, 694, 1630, 0, 21, 0, 0, 0, 0, 0, -5, 0, 6307], [74, 0, 1, 167, -163, 0, 20, 0, 0, 0, 0, 0, 10, 0, -5079], [21, 0, 1, 53, 511, 0, 17, 0, 0, 0, 0, 0, 6, 0, -879], [15, 0, 1, 292, -117, 0, -4, 0, 0, -1, 0, 0, 10, 0, -2350], [81, 2, 6, 1921, 4366, 0, 44, 0, 0, -2, 0, 0, 16, 0, -137], [45, 1, 3, -4012, -6331, 0, -104, 0, -4, -3, 0, 0, 69, 0, -18988], [498, 2, 5, -1630, 3217, 0, 19, 0, 0, 4, 0, 0, 36, 0, 7382], [22, 2, 5, 1312, 4123, 0, 38, 0, 4, 1, 0, 0, 29, 0, 7821], [236, 2, 4, 1471, 3986, 0, 104, 0, -8, 5, 0, 0, 7, 0, 1522], [134, 1, 2, 814, 715, 0, 40, 0, 0, 1, 0, 0, 23, 0, 7495], [119, 1, 2, 1805, 3582, 0, 101, 0, 0, 1, 0, 0, -8, 0, -857], [110, 1, 2, -882, -1532, 0, -15, 0, 0, -1, 0, 0, 37, 0, -3116], [67, 2, 4, 1664, 4066, 0, -7, 0, 4, 7, 0, 0, 13, 0, -3075], [51, 4, 8, 3857, 13553, 0, 231, 0, 0, 12, 0, 0, -11, 0, 25869], [18, 1, 2, -1712, -1674, 0, -39, 0, -12, -1, 0, 0, 38, 0, -5697], [145, 6, 10, 6706, 13092, 0, 181, 0, 23, 2, 0, 0, 2, 0, 17744], [222, 2, 3, 1026, -300, 0, 52, 0, 0, 0, 0, 0, 38, 0, 2012], [202, 2, 2, 1262, 2165, 0, 60, 0, 0, 1, 0, 0, -3, 0, 15826], [161, 1, 1, -74, -256, 0, 0, 0, 0, 1, 0, 0, 11, 0, 124], [96, 1, 1, -1588, 1074, 0, 11, 0, 0, -2, 0, 0, 2, 0, 11127]],