{"primary_winrate_percent": 45.44985821087909, "matchups_top": 47.69230769230769, "matchups_jungle": 16.666666666666664, "matchups_mid": 45.44985821087909, "matchups_adc": 35.810810810810814, "matchups_support": 37.878787878787875, "roles": [5, 4, 3, 2, 1]}