{"primary_winrate_percent": 0.4544985821087909, "matchups_top": 0.47692307692307695, "matchups_jungle": 0.16666666666666666, "matchups_mid": 0.4544985821087909, "matchups_adc": 0.3581081081081081, "matchups_support": 0.3787878787878788, "roles": [5, 4, 3, 2, 1]}