{"primary_winrate_percent": 45.501551189245085, "lane_winrates": {"1": 12.5, "2": 38.88888888888889, "3": 35.03184713375796, "4": 48.92601431980907, "5": 45.501551189245085}, "roles": [5, 4, 3, 2, 1], "matchups": {"1": [[64, 0, 1, 4100, 1947, 0, -7, 0, 80, 1, 0, 0, -8, 0, -1709], [427, 1, 1, -755, -582, 0, -26, 0, -3, 0, 0, 0, 16, 0, 5134], [141, 1, 1, 429, 882, 0, 4, 0, 4, 0, 0, 0, 2, 0, 11436], [121, 1, 1, 5526, 3916, 0, 3, 0, 68, 0, 0, 0, -14, 0, 8874], [120, 1, 1, 640, 1228, 0, -6, 0, -10, 0, 0, 0, -1, 0, 5030], [76, 1, 1, -682, -121, 0, -6, 0, 8, -1, 0, 0, 11, 0, -1834], [59, 1, 1, -1196, -253, 0, -8, 0, 4, 1, 0, 0, 10, 0, 603], [54, 1, 1, 1670, 2361, 0, 3, 0, 34, 1, 0, 0, -3, 0, 8896]], "2": [[117, 0, 2, -444, 360, 0, -14, 0, 0, 0, 0, 0, 17, 0, -9654], [64, 0, 1, -905, -1608, 0, -39, 0, 0, 0, 0, 0, 22, 0, -3377], [63, 0, 1, 977, 1030, 0, -1, 0, 0, 1, 0, 0, 1, 0, -916], [12, 0, 1, -1068, -2180, 0, -25, 0, 0, 0, 0, 0, 21, 0, -9352], [9, 1, 3, 68, 672, 0, -25, 0, 4, 3, 0, 0, 18, 0, -1497], [350, 2, 5, -696, -6451, 0, -163, 0, 0, 2, 0, 0, 90, 0, -715], [412, 5, 11, -789, -7202, 0, -112, 0, -4, -3, 0, 0, 160, 0, -268], [432, 2, 4, -3183, -4883, 0, -154, 0, -4, 3, 0, 0, 82, 0, -15137], [89, 2, 4, 3, -1629, 0, 48, 0, 0, 1, 0, 0, 54, 0, -5313], [25, 3, 5, -1654, -4052, 0, -36, 0, -8, -2, 0, 0, 77, 0, 5759], [555, 2, 3, 2452, 4499, 0, 41, 0, 0, 6, 0, 0, -5, 0, 11427], [53, 2, 3, 3112, 104, 0, -28, 0, 0, 0, 0, 0, 31, 0, -1033], [111, 7, 10, -453, -5256, 0, 65, 0, -8, 0, 0, 0, 123, 0, -494], [43, 3, 4, 3671, 2139, 0, -47, 0, 0, -1, 0, 0, 25, 0, 4940], [497, 1, 1, -679, 311, 0, -36, 0, 0, 0, 0, 0, 7, 0, 3730], [267, 3, 3, 632, -404, 0, -67, 0, 0, 0, 0, 0, 29, 0, 4367], [201, 1, 1, 450, -182, 0, 12, 0, 0, 0, 0, 0, 11, 0, 4357], [143, 1, 1, 863, 1466, 0, -2, 0, 0, 1, 0, 0, -4, 0, 3994], [106, 1, 1, -1098, -1206, 0, -38, 0, 8, -1, 0, 0, 20, 0, -451], [101, 1, 1, 159, 896, 0, -2, 0, 0, 1, 0, 0, 2, 0, 1690], [54, 1, 1, 1193, 657, 0, 5, 0, 4, 0, 0, 0, 7, 0, 5529], [50, 1, 1, -200, -1132, 0, -7, 0, -4, -1, 0, 0, 19, 0, -3150], [40, 2, 2, 1463, -344, 0, 7, 0, -4, 2, 0, 0, 18, 0, 1132], [37, 1, 1, 983, 361, 0, 3, 0, 0, 0, 0, 0, 5, 0, 4174], [26, 1, 1, -187, -1945, 0, 6, 0, 0, -1, 0, 0, 27, 0, -4105], [16, 1, 1, 453, -45, 0, -6, 0, 0, 1, 0, 0, 10, 0, 143]], "3": [[110, 0, 1, 786, 853, 0, -24, 0, 0, 2, 0, 0, -2, 0, 2432], [222, 2, 7, -2352, -2050, 0, -17, 0, 0, 0, 0, 0, 89, 0, -11515], [74, 1, 2, 1650, 1045, 0, 23, 0, 4, 0, 0, 0, 12, 0, 2435], [51, 10, 20, 809, 14794, 0, 252, 0, 16, -1, 0, 0, 97, 0, 13665], [22, 6, 12, 4208, 5887, 0, 43, 0, 4, -5, 0, 0, 98, 0, -5681], [145, 16, 29, 382, 13139, 0, 198, 0, 15, 23, 0, 0, 168, 0, 10343], [236, 11, 17, 852, 12167, 0, 72, 0, 2, -6, 0, 0, 85, 0, 29882], [67, 8, 12, 3169, 7282, 0, 57, 0, 12, 6, 0, 0, 95, 0, 24581], [81, 11, 15, 5575, 5630, 0, 27, 0, 4, 1, 0, 0, 115, 0, 29664], [15, 3, 4, 858, 994, 0, 35, 0, 4, -2, 0, 0, 32, 0, -7875], [498, 8, 10, 5945, 9561, 0, 155, 0, 7, 13, 0, 0, 34, 0, 43884], [119, 4, 5, -451, 3208, 0, 1, 0, 0, -4, 0, 0, 32, 0, 25192], [18, 7, 8, 2590, 10147, 0, 104, 0, 0, 2, 0, 0, -21, 0, 30911], [202, 7, 7, 3716, 8050, 0, 86, 0, 8, 7, 0, 0, 10, 0, 28531], [104, 1, 1, 379, 608, 0, 10, 0, 0, -1, 0, 0, 9, 0, 3817], [90, 1, 1, 820, 638, 0, 1, 0, 0, 0, 0, 0, 2, 0, -672], [82, 1, 1, 466, 1504, 0, -10, 0, 0, 2, 0, 0, -3, 0, 4718], [29, 2, 2, 1328, 1859, 0, 24, 0, 0, 1, 0, 0, 1, 0, 7802], [21, 3, 3, 1557, 5592, 0, 70, 0, -3, 2, 0, 0, 3, 0, 23132]], "4": [[48, 0, 1, -1662, -1441, 0, -42, 0, 4, 0, 0, 0, 15, 0, -11065], [236, 0, 1, -873, -1458, 0, -33, 0, 0, 0, 0, 0, 22, 0, 1025], [145, 0, 2, 2574, 2750, 0, 39, 0, 4, 3, 0, 0, -6, 0, 340], [518, 0, 1, 64, 226, 0, 6, 0, -4, 1, 0, 0, 6, 0, 2408], [91, 0, 1, -1846, -1285, 0, -21, 0, 0, -1, 0, 0, 18, 0, -10173], [42, 0, 1, 118, -316, 0, 2, 0, 0, 0, 0, 0, 13, 0, -5149], [61, 0, 1, 763, 820, 0, 5, 0, 0, 0, 0, 0, 2, 0, -2471], [89, 0, 1, -767, -813, 0, -27, 0, 0, -2, 0, 0, 20, 0, -5498], [107, 0, 1, 2264, 3801, 0, 27, 0, 4, 5, 0, 0, -21, 0, 927], [90, 0, 1, -1626, -2670, 0, -44, 0, 4, -1, 0, 0, 25, 0, -9705], [59, 0, 1, -973, -2, 0, -20, 0, 4, 1, 0, 0, 8, 0, -4644], [53, 0, 1, -1565, -2062, 0, -48, 0, 0, -1, 0, 0, 28, 0, -748], [223, 0, 1, 403, 901, 0, 14, 0, 0, -1, 0, 0, 1, 0, 976], [38, 0, 1, -269, -594, 0, -9, 0, 0, 0, 0, 0, 16, 0, 1812], [4, 0, 1, 450, 463, 0, -20, 0, 0, 0, 0, 0, 5, 0, 1469], [67, 1, 8, 1711, 4297, 0, 43, 0, 0, -1, 0, 0, 45, 0, -8344], [78, 1, 7, 2874, 1640, 0, -38, 0, 0, 5, 0, 0, 52, 0, -16815], [83, 1, 5, -4082, -2486, 0, -24, 0, -8, 0, 0, 0, 66, 0, -7844], [57, 1, 5, -975, -1499, 0, -75, 0, 0, -4, 0, 0, 64, 0, 1307], [157, 1, 5, 2590, 313, 0, 23, 0, -8, -3, 0, 0, 50, 0, -5421], [75, 2, 7, -1032, -942, 0, -67, 0, 2, -1, 0, 0, 73, 0, 531], [420, 2, 7, -2329, -2107, 0, -39, 0, 0, -5, 0, 0, 98, 0, -15], [69, 1, 3, -1075, -3348, 0, -21, 0, -4, -1, 0, 0, 56, 0, -2012], [74, 3, 9, -3378, -2130, 0, -100, 0, 2, -1, 0, 0, 107, 0, -7384], [18, 1, 3, 1603, 1829, 0, 2, 0, 8, 5, 0, 0, 14, 0, 1518], [58, 4, 11, 3851, 7400, 0, 69, 0, 12, 10, 0, 0, 48, 0, -13841], [98, 3, 8, 5110, 1157, 0, -142, 0, 0, 6, 0, 0, 63, 0, 8665], [164, 2, 5, 3104, 7353, 0, -26, 0, 0, 8, 0, 0, -13, 0, -2584], [41, 4, 9, 4371, 4383, 0, 36, 0, 0, -3, 0, 0, 59, 0, 1855], [133, 5, 11, -9816, -9995, 0, -354, 0, 0, -1, 0, 0, 173, 0, -25594], [82, 7, 15, 6885, 1723, 0, -32, 0, -8, 9, 0, 0, 136, 0, -20811], [114, 9, 19, 5976, 8996, 0, 48, 0, -5, 21, 0, 0, 108, 0, 6085], [238, 1, 2, -768, -1566, 0, 11, 0, 0, -2, 0, 0, 24, 0, -12560], [50, 1, 2, 2109, 1758, 0, 19, 0, 0, 4, 0, 0, 1, 0, 12328], [122, 12, 24, 43, 3764, 0, -94, 0, 10, 10, 0, 0, 200, 0, 30554], [6, 2, 4, -3313, -3353, 0, -40, 0, -4, -2, 0, 0, 62, 0, -12799], [106, 1, 2, 8963, 4590, 0, 140, 0, 0, 0, 0, 0, -7, 0, 2953], [43, 1, 2, 1154, 1036, 0, -6, 0, 0, 0, 0, 0, 15, 0, 5181], [54, 3, 6, -1317, -5068, 0, -193, 0, 2, 3, 0, 0, 111, 0, -3537], [80, 5, 10, 6242, 5491, 0, 23, 0, 8, 10, 0, 0, 58, 0, 15612], [16, 1, 2, -720, -1374, 0, -23, 0, 0, -2, 0, 0, 23, 0, -525], [86, 7, 13, 5923, 3989, 0, 9, 0, -12, 9, 0, 0, 104, 0, -11535], [17, 12, 22, -5951, -7031, 0, -257, 0, 20, -4, 0, 0, 304, 0, -57004], [84, 5, 9, 7089, 6492, 0, 93, 0, 0, 12, 0, 0, 43, 0, 16677], [92, 4, 7, 7139, 3849, 0, 83, 0, 16, 6, 0, 0, 32, 0, -7597], [13, 10, 17, -2978, 2510, 0, -40, 0, -5, 1, 0, 0, 149, 0, -5078], [68, 3, 5, 3117, 2789, 0, 48, 0, 4, 5, 0, 0, 31, 0, 7931], [240, 3, 5, 5645, 7280, 0, 3, 0, 15, 11, 0, 0, 0, 0, 18211], [31, 3, 5, 4080, 1865, 0, 23, 0, 2, 6, 0, 0, 36, 0, 6375], [23, 6, 10, 6575, 11357, 0, 143, 0, 37, 4, 0, 0, 29, 0, 20517], [266, 9, 14, 1134, -800, 0, 2, 0, 0, -18, 0, 0, 126, 0, 30337], [81, 2, 3, 1710, 1372, 0, 43, 0, 2, 4, 0, 0, 19, 0, 14012], [10, 12, 18, -1695, -5563, 0, -112, 0, -13, -6, 0, 0, 235, 0, -6089], [14, 2, 3, 1153, 378, 0, 9, 0, 6, 3, 0, 0, 16, 0, -11442], [27, 4, 6, -3099, -1342, 0, -102, 0, -4, 0, 0, 0, 82, 0, -700], [516, 2, 3, 76, -1071, 0, -9, 0, -4, 0, 0, 0, 38, 0, -6565], [39, 9, 13, 9542, 17802, 0, 337, 0, 4, 17, 0, 0, -4, 0, 35011], [85, 9, 13, -213, -2605, 0, -36, 0, -4, 1, 0, 0, 129, 0, 7568], [8, 14, 20, -2718, -855, 0, -36, 0, -5, -14, 0, 0, 220, 0, 21541], [126, 3, 4, 1506, 2343, 0, 7, 0, 8, 0, 0, 0, 25, 0, 20388], [24, 6, 8, -7167, -3663, 0, -197, 0, 8, -10, 0, 0, 122, 0, 10765], [62, 1, 1, 1791, 74, 0, 24, 0, 0, 1, 0, 0, 7, 0, 6167], [517, 1, 1, 26, 571, 0, -7, 0, 0, 2, 0, 0, 1, 0, 7746], [141, 1, 1, -84, -190, 0, -10, 0, 0, 1, 0, 0, 19, 0, -2491], [111, 1, 1, 1317, 1528, 0, 22, 0, 0, 2, 0, 0, 0, 0, 8781], [150, 2, 2, -1849, -1578, 0, -21, 0, 4, -2, 0, 0, 36, 0, 2114], [76, 1, 1, -335, -961, 0, -19, 0, 0, 1, 0, 0, 18, 0, 3021], [45, 1, 1, 1680, 1083, 0, 18, 0, -2, 1, 0, 0, 3, 0, 8906], [120, 1, 1, -7, -361, 0, 1, 0, 0, 0, 0, 0, 11, 0, -61], [555, 1, 1, 563, 1420, 0, -20, 0, 0, 2, 0, 0, -3, 0, 3584], [117, 1, 1, -192, 316, 0, -19, 0, 0, 0, 0, 0, 8, 0, 696], [102, 1, 1, 74, -11, 0, 0, 0, 0, -1, 0, 0, 8, 0, 4815], [112, 1, 1, 384, 1073, 0, 12, 0, 0, 1, 0, 0, 4, 0, 7829], [142, 1, 1, -122, -389, 0, 19, 0, -1, -2, 