{"primary_winrate_percent": 45.49920760697306, "winrate_top": 47.867298578199055, "winrate_jungle": 14.285714285714285, "winrate_mid": 45.49920760697306, "winrate_adc": 34.96932515337423, "winrate_support": 39.726027397260275, "roles": [5, 4, 3, 2, 1], "matchups_top": [[85, 8, 10], [24, 6, 8], [27, 6, 8], [126, 3, 4], [39, 9, 12], [31, 5, 7], [266, 10, 14], [10, 14, 20], [8, 13, 19], [516, 2, 3], [14, 2, 3], [23, 7, 11], [240, 3, 5], [84, 6, 10], [13, 10, 17], [17, 14, 24], [92, 4, 7], [86, 8, 14], [68, 4, 7], [122, 13, 24]], "matchups_jungle": [[59, 1, 1], [76, 1, 1], [120, 1, 1], [121, 1, 1], [141, 1, 1], [427, 1, 1], [64, 0, 1]], "matchups_mid": [[161, 128, 195], [115, 66, 101], [45, 246, 405], [90, 200, 334], [103, 371, 621], [91, 147, 248], [38, 163, 276], [112, 148, 251], [42, 48, 82], [99, 237, 409], [74, 55, 95], [142, 160, 278], [105, 222, 386], [245, 142, 247], [18, 87, 152], [69, 108, 191], [246, 141, 254], [10, 66, 120], [61, 254, 463], [4, 233, 426]], "matchups_adc": [[29, 2, 2], [82, 1, 1], [86, 1, 1], [90, 1, 1], [104, 1, 1], [202, 7, 7], [18, 6, 7], [119, 4, 5], [15, 3, 4], [21, 3, 4], [498, 8, 11], [81, 12, 17], [67, 6, 9], [236, 12, 18], [22, 8, 14], [145, 17, 30], [51, 10, 19], [74, 1, 2], [222, 3, 9], [110, 0, 1]], "matchups_support": [[16, 1, 1], [26, 1, 1], [37, 1, 1], [40, 2, 2], [50, 1, 1], [54, 1, 1], [101, 1, 1], [106, 1, 1], [143, 1, 1], [201, 1, 1], [267, 3, 3], [111, 8, 10], [53, 3, 4], [43, 2, 3], [555, 2, 3], [25, 3, 5], [89, 2, 4], [432, 2, 4], [350, 2, 5], [412, 5, 13]]}