{"primary_winrate_percent": 0.5213803663585322, "matchups_top": 0.4860335195530726, "matchups_jungle": 0.2972972972972973, "matchups_mid": 0.48695652173913045, "matchups_adc": 0.42857142857142855, "matchups_support": 0.5213803663585322, "roles": [2, 4, 5, 1, 3]}