{"primary_winrate_percent": 52.138036635853226, "matchups_top": 48.60335195530726, "matchups_jungle": 29.72972972972973, "matchups_mid": 48.69565217391305, "matchups_adc": 42.857142857142854, "matchups_support": 52.138036635853226, "roles": [2, 4, 5, 1, 3]}