{"primary_winrate_percent": 52.19382709623692, "winrate_top": 48.205128205128204, "winrate_jungle": 31.11111111111111, "winrate_mid": 51.2, "winrate_adc": 41.86046511627907, "winrate_support": 52.19382709623692, "roles": [2, 4, 5, 1, 3], "matchups_top": [[16, 1, 1], [18, 1, 1], [14, 2, 2], [43, 1, 1], [106, 2, 2], [245, 2, 2], [104, 1, 1], [266, 4, 4], [36, 1, 1], [145, 1, 1], [68, 1, 1], [41, 4, 5], [122, 4, 5], [31, 3, 4], [240, 3, 4], [107, 2, 3], [114, 6, 9], [10, 8, 12], [82, 6, 9], [84, 4, 6]], "matchups_jungle": [[11, 2, 2], [24, 2, 2], [30, 1, 1], [33, 1, 1], [35, 1, 1], [59, 2, 2], [60, 1, 1], [64, 7, 7], [76, 1, 1], [77, 1, 1], [104, 1, 1], [120, 1, 1], [254, 2, 2], [141, 2, 3], [121, 3, 5], [20, 1, 2], [36, 1, 2], [245, 1, 2], [2, 0, 1], [9, 0, 2]], "matchups_mid": [[23, 1, 1], [18, 3, 3], [268, 1, 1], [245, 2, 2], [3, 1, 1], [69, 1, 1], [1, 2, 2], [44, 1, 1], [34, 1, 1], [39, 1, 1], [84, 4, 5], [90, 3, 4], [7, 3, 4], [555, 2, 3], [91, 2, 3], [105, 2, 3], [157, 6, 10], [238, 3, 5], [115, 1, 2], [10, 1, 2]], "matchups_adc": [[21, 1, 1], [22, 1, 1], [51, 2, 2], [119, 2, 2], [157, 1, 1], [236, 5, 5], [498, 4, 5], [67, 2, 3], [145, 5, 9], [81, 2, 7], [17, 0, 1], [74, 0, 2], [75, 0, 1], [133, 0, 1], [202, 0, 1], [222, 0, 1]], "matchups_support": [[143, 439, 789], [50, 435, 817], [111, 1486, 2904], [63, 366, 725], [89, 1203, 2400], [26, 296, 593], [44, 113, 228], [53, 1147, 2335], [25, 1136, 2317], [267, 1149, 2347], [40, 811, 1660], [101, 212, 435], [16, 615, 1267], [37, 212, 439], [43, 472, 984], [412, 2362, 5004], [161, 239, 508], [555, 976, 2095], [9, 230, 500], [35, 159, 349]]}