{"primary_winrate_percent": 52.203514100919115, "lane_winrates": {"1": 31.818181818181817, "2": 52.203514100919115, "3": 42.5531914893617, "4": 46.7005076142132, "5": 47.65625}, "roles": [2, 4, 5, 1, 3], "matchups": {"1": [[421, 0, 1, 1116, 1575, 0, -14, 0, 55, 3, 0, 0, -6, 0, 1731], [240, 0, 1, 403, 780, 0, 13, 0, 4, 0, 0, 0, 1, 0, 1763], [102, 0, 2, 1534, 598, 0, -10, 0, 64, 0, 0, 0, 12, 0, 9668], [36, 0, 1, 620, 422, 0, 9, 0, 8, 1, 0, 0, 8, 0, -6111], [19, 0, 1, 1350, 2193, 0, 5, 0, 25, 1, 0, 0, -10, 0, 4909], [9, 0, 2, -440, 2230, 0, -2, 0, 42, 4, 0, 0, -7, 0, 2766], [2, 0, 1, 1094, 981, 0, 2, 0, 32, 0, 0, 0, 2, 0, 1919], [245, 1, 2, 1112, 3865, 0, 9, 0, 18, 6, 0, 0, -5, 0, 5132], [141, 1, 2, 2426, 1239, 0, 14, 0, 79, -3, 0, 0, 1, 0, 4497], [121, 2, 4, 5824, 9368, 0, 25, 0, 90, 2, 0, 0, -41, 0, 8303], [20, 1, 2, 969, 1027, 0, 6, 0, 46, -1, 0, 0, 11, 0, 7541], [254, 2, 2, 4250, 5764, 0, 2, 0, 122, 2, 0, 0, -5, 0, 23408], [246, 1, 1, -321, -1417, 0, 1, 0, 0, -2, 0, 0, 19, 0, -2242], [120, 1, 1, 1577, 1383, 0, 25, 0, 34, -1, 0, 0, 0, 0, 4262], [104, 1, 1, 2292, 3252, 0, -4, 0, 72, 0, 0, 0, 1, 0, 19037], [77, 1, 1, -1156, -1388, 0, -17, 0, 7, 0, 0, 0, 17, 0, 661], [76, 1, 1, 467, 1618, 0, -7, 0, 17, 0, 0, 0, 0, 0, 6520], [64, 6, 6, 10663, 15671, 0, 14, 0, 199, 8, 0, 0, -23, 0, 53272], [60, 1, 1, 2608, 3218, 0, -7, 0, 64, 3, 0, 0, -10, 0, 9740], [59, 2, 2, 3173, 4231, 0, 24, 0, 48, 4, 0, 0, -20, 0, 7608], [56, 1, 1, 1680, 1793, 0, 14, 0, 32, 0, 0, 0, -8, 0, 2643], [35, 1, 1, 1599, 1565, 0, 0, 0, 26, 0, 0, 0, -4, 0, 4551], [33, 1, 1, -119, 93, 0, 2, 0, 32, 0, 0, 0, 7, 0, 1287], [30, 2, 2, 1289, 3310, 0, 32, 0, 54, 4, 0, 0, -7, 0, 4120], [24, 2, 2, 3204, 3088, 0, 5, 0, 64, 1, 0, 0, 3, 0, 8960], [11, 2, 2, 2884, 3164, 0, -33, 0, 139, 3, 0, 0, -11, 0, 9878]], "2": [[62, 0, 2, 962, 1528, 0, 44, 0, 0, 2, 0, 0, 7, 0, 5238], [39, 0, 1, -1838, -1183, 0, 25, 0, 4, 3, 0, 0, 16, 0, -13826], [236, 0, 3, -2054, -500, 0, 83, 0, -4, 0, 0, 0, 30, 0, -6038], [254, 0, 2, -3367, -4782, 0, -2, 0, 0, -2, 0, 0, 47, 0, -18648], [141, 0, 1, -1052, -2922, 0, -6, 0, 0, -2, 0, 0, 24, 0, -10942], [145, 0, 2, -2420, -2010, 0, 24, 0, 0, -1, 0, 0, 33, 0, -12047], [202, 0, 1, -818, 297, 0, 42, 0, 4, 0, 0, 0, 7, 0, -5332], [8, 0, 2, -3956, -6660, 0, -2, 0, 0, -4, 0, 0, 53, 0, -18704], [36, 0, 2, 311, -432, 0, 40, 0, 0, 0, 0, 0, 28, 0, -10363], [67, 0, 2, -3046, -1161, 0, 12, 0, 0, -3, 0, 0, 19, 0, -4291], [76, 0, 4, 874, 3546, 0, 30, 0, -1, 4, 0, 0, 6, 0, -10054], [421, 0, 1, 186, -1292, 0, 1, 0, 16, 0, 0, 0, 16, 0, -10644], [266, 0, 1, 35, -491, 0, 20, 0, 0, 1, 0, 0, 15, 0, -2749], [104, 0, 2, -1349, -2564, 0, 33, 0, 4, 0, 0, 0, 35, 0, -19174], [245, 0, 2, -124, -1222, 0, 34, 0, 0, -3, 0, 0, 37, 0, -8853], [41, 0, 1, -241, -1182, 0, 17, 0, 0, -1, 0, 0, 20, 0, 3759], [91, 0, 3, 2368, 178, 0, 157, 0, 12, 0, 0, 0, 28, 0, -5782], [42, 0, 1, -618, 104, 0, 3, 0, 4, 0, 0, 0, 6, 0, 515], [133, 0, 1, -633, -331, 0, 21, 0, 0, -1, 0, 0, 13, 0, -4379], [121, 0, 1, 249, 72, 0, 2, 0, 0, 2, 0, 0, 6, 0, 524], [29, 0, 2, -948, -1132, 0, 10, 0, 13, 3, 0, 0, 25, 0, -6628], [77, 0, 1, -1845, -2219, 0, 14, 0, 0, -2, 0, 0, 21, 0, -10232], [246, 0, 3, -2050, -553, 0, 30, 0, 0, 1, 0, 0, 34, 0, -8292], [157, 0, 1, -1782, -2240, 0, 32, 0, 0, -2, 0, 0, 28, 0, -2663], [38, 0, 2, -604, -1941, 0, 6, 0, 0, 1, 0, 0, 35, 0, -11052], [4, 1, 9, -4721, -5777, 0, 84, 0, 0, 0, 0, 0, 130, 0, -15487], [20, 1, 6, -3313, -7143, 0, 49, 0, 60, -2, 0, 0, 91, 0, -41734], [31, 2, 11, -3477, -5084, 0, 185, 0, -4, -1, 0, 0, 151, 0, -37159], [24, 1, 5, -1079, -2119, 0, 77, 0, 0, -2, 0, 0, 61, 0, -5962], [48, 2, 8, -3068, -2924, 0, 153, 0, 0, 1, 0, 0, 117, 0, -22422], [240, 1, 4, -2037, -3468, 0, 73, 0, -4, -2, 0, 0, 65, 0, -9404], [81, 5, 19, -4813, 4415, 0, 267, 0, 4, 0, 0, 0, 148, 0, -46260], [142, 6, 19, -1139, -2907, 0, 103, 0, 6, -4, 0, 0, 205, 0, -40098], [238, 1, 3, -1226, -1905, 0, 38, 0, 0, 1, 0, 0, 50, 0, -9638], [150, 2, 6, -361, -76, 0, 180, 0, 0, -4, 0, 0, 64, 0, -15974], [27, 1, 3, 343, 2722, 0, 66, 0, -4, 0, 0, 0, 10, 0, 12163], [80, 12, 36, -5795, 11016, 0, 588, 0, 0, 15, 0, 0, 273, 0, 15346], [516, 14, 39, -11199, -16190, 0, 822, 0, -11, -6, 0, 0, 501, 0, -51225], [21, 38, 105, -32479, 471, 0, 752, 0, -30, -17, 0, 0, 985, 0, -133863], [86, 13, 35, 3097, 16964, 0, 2455, 0, -4, 17, 0, 0, 212, 0, -70627], [85, 3, 8, -1419, 909, 0, 49, 0, 4, 4, 0, 0, 69, 0, -2215], [45, 67, 170, -40024, -14062, 0, 832, 0, 2, 45, 0, 0, 1752, 0, -168788], [427, 6, 15, -4695, -8282, 0, 17, 0, 5, -5, 0, 0, 199, 0, -43775], [33, 2, 5, 1283, -1097, 0, 73, 0, -5, 1, 0, 0, 74, 0, 3596], [10, 8, 20, -5720, -2094, 0, 9, 0, 0, 3, 0, 0, 215, 0, -9002], [350, 490, 1193, -217052, -329260, 0, -2309, 0, -151, 60, 0, 0, 14477, 0, -1352005], [54, 94, 228, -33692, -45549, 0, 1152, 0, 7, -11, 0, 0, 2624, 0, -190480], [59, 10, 24, -6754, -5418, 0, 190, 0, 16, 3, 0, 0, 253, 0, -40777], [78, 26, 62, -11289, -8597, 0, 1069, 0, 7, 3, 0, 0, 688, 0, -29269], [163, 11, 26, 6973, 20323, 0, 224, 0, 12, 5, 0, 0, 103, 0, 28220], [164, 3, 7, -1782, 147, 0, 114, 0, 1, 5, 0, 0, 60, 0, 1792], [61, 3, 7, 990, 357, 0, 44, 0, -4, 3, 0, 0, 62, 0, -13373], [12, 211, 488, -126058, -179378, 0, 7259, 0, -53, -86, 0, 0, 6373, 0, -240643], [79, 36, 82, -21620, -14845, 0, 292, 0, 3, -8, 0, 0, 929, 0, -33949], [497, 914, 2059, -582851, -520191, 0, -1545, 0, -178, -341, 0, 0, 24770, 0, -1659280], [154, 12, 27, 937, 1200, 0, 475, 0, 20, 5, 0, 0, 252, 0, -1026], [7, 8, 18, -3115, 7984, 0, 35, 0, 0, 3, 0, 0, 126, 0, 16104], [82, 4, 9, -3456, -3686, 0, 183, 0, 0, -3, 0, 0, 114, 0, -12312], [1, 50, 112, -40168, -11851, 0, 469, 0, -21, 0, 0, 0, 1134, 0, -156883], [99, 493, 1100, -202011, -37855, 0, 4208, 0, -10, 22, 0, 0, 11454, 0, -460549], [201, 271, 603, -100627, -222989, 0, 9934, 0, -83, -110, 0, 0, 7870, 0, -452567], [117, 929, 2026, -349721, -386599, 0, 99, 0, -121, -164, 0, 0, 23346, 0, -1427404], [64, 6, 13, -749, 1003, 0, 200, 0, 83, 2, 0, 0, 125, 0, 7259], [555, 975, 2112, -228509, 679757, 0, 27259, 0, -31, 684, 0, 0, 15061, 0, 986324], [9, 234, 504, -70643, 30660, 0, 2837, 0, 28, -74, 0, 0, 4726, 0, 43326], [35, 155, 333, -108749, -15442, 0, 993, 0, 62, 36, 0, 0, 3427, 0, -137142], [98, 64, 136, -4335, -10306, 0, 2359, 0, 4, 6, 0, 0, 1459, 0, 19262], [22, 26, 55, -19104, -7186, 0, 234, 0, -7, -8, 0, 0, 556, 0, -51510], [106, 27, 57, 4290, 11854, 0, 1093, 0, 0, 6, 0, 0, 508, 0, 22110], [161, 237, 500, 16932, 186201, 0, 3244, 0, 9, 127, 0, 0, 3500, 0, 296952], [412, 2377, 5008, -739275, 175918, 0, -61, 0, -349, -299, 0, 0, 49083, 0, 71033], [44, 112, 233, -78790, -100041, 0, 3831, 0, -16, -28, 0, 0, 3124, 0, -221478], [223, 38, 79, -22325, -28740, 0, 1393, 0, 10, -6, 0, 0, 981, 0, -46744], [37, 207, 428, -119283, -94103, 0, 240, 0, -22, -72, 0, 0, 4959, 0, -365660], [101, 212, 438, -21858, 121681, 0, 1999, 0, -2, 58, 0, 0, 3443, 0, 151730], [43, 472, 975, -201663, -54532, 0, 2273, 0, -6, -65, 0, 0, 10405, 0, 107559], [53, 1118, 2306, -140834, -208772, 0, 28674, 0, -188, 220, 0, 0, 25098, 0, 282240], [25, 1123, 2299, -282626, 245912, 0, 6364, 0, -1, 142, 0, 0, 21323, 0, 284653], [267, 1131, 2314, -456295, -396147, 0, -3690, 0, -289, -209, 0, 0, 26468, 0, -811983], [16, 615, 1249, -259733, -298427, 0, -922, 0, -170, -297, 0, 0, 15118, 0, -438351], [40, 818, 1661, -333057, -243778, 0, 102, 0, -147, -229, 0, 0, 18855, 0, -747943], [89, 1198, 2409, -233107, -417206, 0, 39370, 0, -203, -88, 0, 0, 27650, 0, 503742], [105, 2, 4, 1006, 1200, 0, 123, 0, -4, -5, 0, 0, 31, 0, 14266], [34, 15, 30, -1005, 6671, 0, 146, 0, -1, 3, 0, 0, 248, 0, 23464], [517, 1, 2, 778, 976, 0, 44, 0, -4, 3, 0, 0, 14, 0, 12159], [3, 55, 110, -9693, -17444, 0, 1655, 0, -9, 9, 0, 0, 1225, 0, -90121], [113, 2, 4, -1493, -61, 0, 65, 0, 4, -1, 0, 0, 47, 0, -5765], [5, 1, 2, -50, 1279, 0, 93, 0, 8, 1, 0, 0, 10, 0, -2820], [134, 10, 20, 2064, 9159, 0, 193, 0, 1, 1, 0, 0, 140, 0, 30074], [127, 5, 10, 4849, 8142, 0, 73, 0, 0, 4, 0, 0, 53, 0, 12141], [110, 1, 2, -59, 320, 0, 34, 0, 0, -3, 0, 0, 17, 0, -912], [63, 362, 721,