{"primary_winrate_percent": 52.27859545665577, "lane_winrates": {"1": 28.030303030303028, "2": 52.27859545665577, "3": 26.666666666666668, "4": 33.5483870967742, "5": 40.32258064516129}, "roles": [2, 5, 1, 4, 3], "matchups": {"1": [[56, 0, 1, -1101, 98, 0, -5, 0, 12, -1, 0, 0, 7, 0, -2737], [131, 0, 1, 1531, 251, 0, 19, 0, 26, 1, 0, 0, 7, 0, -4369], [113, 1, 5, 437, 2098, 0, -11, 0, 6, -2, 0, 0, 23, 0, -2912], [102, 1, 3, 4363, 3325, 0, -13, 0, 151, 1, 0, 0, 4, 0, -1520], [141, 2, 4, 10196, 9300, 0, 30, 0, 152, 2, 0, 0, -26, 0, 14338], [32, 1, 2, 1451, 3566, 0, 6, 0, 62, 2, 0, 0, -8, 0, 8706], [60, 2, 4, 3809, 3065, 0, -2, 0, 39, -1, 0, 0, 6, 0, 5327], [35, 5, 8, 3519, 3216, 0, -43, 0, 207, 6, 0, 0, 61, 0, 32151], [59, 9, 14, 8947, 13946, 0, 60, 0, 198, 6, 0, 0, 46, 0, 9180], [64, 10, 14, 15808, 17592, 0, 44, 0, 418, 8, 0, 0, 5, 0, 24068], [28, 5, 7, 3919, 7708, 0, -79, 0, 265, 3, 0, 0, -2, 0, 11755], [11, 6, 8, 13144, 14645, 0, 46, 0, 212, 4, 0, 0, -27, 0, -8686], [254, 3, 4, 5493, 4683, 0, 16, 0, 134, 4, 0, 0, 3, 0, 3087], [20, 3, 4, 4490, 3865, 0, -27, 0, 174, 0, 0, 0, 12, 0, 15692], [79, 3, 4, 8608, 5114, 0, 18, 0, 169, -2, 0, 0, 0, 0, 10383], [24, 3, 4, 4605, 4446, 0, -3, 0, 133, 3, 0, 0, 16, 0, 14652], [245, 8, 10, 12260, 15573, 0, -2, 0, 196, 9, 0, 0, -33, 0, 14542], [120, 4, 5, 6327, 6060, 0, 34, 0, 94, 2, 0, 0, -9, 0, 2500], [121, 5, 6, 10379, 10741, 0, 0, 0, 321, 7, 0, 0, -17, 0, 28236], [164, 1, 1, -401, 543, 0, 1, 0, -14, 0, 0, 0, 4, 0, 4713], [63, 1, 1, 2796, 2315, 0, 14, 0, 38, 0, 0, 0, -8, 0, 4000], [154, 2, 2, 1263, 1090, 0, -5, 0, 21, 0, 0, 0, 8, 0, 2824], [427, 1, 1, 3225, 3049, 0, -3, 0, 60, 1, 0, 0, -3, 0, 12092], [122, 1, 1, -1162, -855, 0, 11, 0, 21, 1, 0, 0, 16, 0, -21], [76, 1, 1, 912, 1417, 0, -4, 0, 4, 0, 0, 0, 2, 0, 7927], [266, 1, 1, 928, 1198, 0, 11, 0, 16, 1, 0, 0, 0, 0, 6271], [104, 2, 2, 738, 1928, 0, 6, 0, 49, 1, 0, 0, 0, 0, -1322], [163, 2, 2, 3178, 1818, 0, 2, 0, 75, -1, 0, 0, 1, 0, 15049], [6, 1, 1, 2108, 1646, 0, 11, 0, 48, 0, 0, 0, -6, 0, 3407], [2, 2, 2, 4672, 5622, 0, 12, 0, 92, 3, 0, 0, -18, 0, 12496], [33, 1, 1, 3082, 3215, 0, 8, 0, 67, 1, 0, 0, -6, 0, 8966], [9, 1, 1, 1164, 829, 0, 16, 0, 15, 0, 0, 0, 3, 0, -2088], [19, 3, 3, 7093, 5246, 0, 18, 0, 153, -3, 0, 0, -2, 0, 11881], [5, 1, 1, 0, 0, 0, 0, 0, 0, 0, 0, 0, 0, 0, 0], [107, 1, 1, 3393, 3563, 0, 11, 0, 43, 4, 0, 0, -7, 0, 12438], [80, 1, 1, 1578, 1339, 0, 3, 0, 36, 1, 0, 0, -1, 0, 1383], [77, 1, 1, 2121, 2106, 0, 0, 0, 56, 3, 0, 0, -8, 0, 4905]], "2": [[254, 0, 1, -788, -310, 0, -18, 0, 4, 0, 0, 0, 12, 0, -8311], [15, 0, 1, 359, 731, 0, 53, 0, 0, 0, 0, 0, 4, 0, -6829], [202, 0, 4, -3754, -677, 0, -58, 0, 0, -1, 0, 0, 46, 0, -10143], [150, 0, 3, -5664, -1815, 0, -15, 0, 0, 3, 0, 0, 39, 0, -24027], [84, 0, 2, 66, -3055, 0, 54, 0, 0, -2, 0, 0, 32, 0, -21003], [119, 0, 1, -1971, -1237, 0, -5, 0, 0, -1, 0, 0, 22, 0, -3085], [2, 0, 2, 361, 242, 0, 15, 0, 0, 0, 0, 0, 16, 0, -606], [41, 0, 5, -1336, -2739, 0, 70, 0, 0, -5, 0, 0, 62, 0, -32048], [42, 0, 1, -801, -953, 0, 38, 0, 0, -2, 0, 0, 16, 0, -4834], [120, 0, 1, -114, 898, 0, 13, 0, 0, 1, 0, 0, 2, 0, -2274], [133, 0, 1, 1318, 461, 0, 17, 0, 0, 1, 0, 0, 7, 0, -7190], [72, 0, 2, -1765, -968, 0, 12, 0, -4, -1, 0, 0, 30, 0, -2726], [498, 0, 3, -1428, -3230, 0, 83, 0, 0, 0, 0, 0, 43, 0, -37849], [29, 0, 4, -2969, -2843, 0, 11, 0, 15, 1, 0, 0, 51, 0, -18129], [131, 0, 3, -1179, 144, 0, 19, 0, -4, 0, 0, 0, 27, 0, -13611], [23, 0, 1, -272, -1069, 0, 14, 0, 0, -2, 0, 0, 18, 0, -4294], [28, 0, 1, 284, -445, 0, 14, 0, 7, -2, 0, 0, 15, 0, -5738], [38, 0, 1, -1147, -1107, 0, -11, 0, 0, -2, 0, 0, 20, 0, -6807], [30, 1, 14, -8497, -3763, 0, -15, 0, -3, -7, 0, 0, 161, 0, -55681], [245, 1, 8, -5006, -7921, 0, 6, 0, 19, 0, 0, 0, 146, 0, -26306], [51, 1, 8, -3646, 873, 0, 100, 0, 0, 2, 0, 0, 68, 0, -31339], [236, 1, 7, -1430, 3144, 0, -10, 0, -8, 4, 0, 0, 48, 0, -9668], [82, 4, 27, -6334, -765, 0, 223, 0, 8, 0, 0, 0, 241, 0, -104366], [266, 1, 6, 323, 214, 0, 71, 0, 44, -2, 0, 0, 69, 0, -3620], [104, 1, 6, -3952, -3384, 0, -38, 0, 0, -2, 0, 0, 86, 0, -19564], [55, 1, 6, -966, 909, 0, 33, 0, 4, 0, 0, 0, 53, 0, -9658], [75, 2, 11, -5312, -10024, 0, 64, 0, 10, -5, 0, 0, 171, 0, -70051], [105, 3, 14, -1050, -2844, 0, 74, 0, -4, -4, 0, 0, 141, 0, -40620], [157, 3, 13, 1791, 1725, 0, 313, 0, 8, -9, 0, 0, 118, 0, -19332], [64, 9, 37, -13058, -12224, 0, 206, 0, 32, -4, 0, 0, 431, 0, -114749], [39, 2, 8, 8827, 15088, 0, 448, 0, 8, 4, 0, 0, -53, 0, -6169], [58, 1, 4, 1907, -288, 0, 93, 0, 0, 0, 0, 0, 33, 0, -11994], [92, 1, 4, 787, 895, 0, 188, 0, 8, -2, 0, 0, 30, 0, -23431], [8, 2, 7, 861, 627, 0, -12, 0, 0, 2, 0, 0, 54, 0, -13980], [4, 8, 26, -4929, 6046, 0, -78, 0, 4, -11, 0, 0, 208, 0, -12310], [61, 10, 31, -16346, -13528, 0, -159, 0, 2, -15, 0, 0, 417, 0, -95770], [68, 8, 24, 4916, 6760, 0, -25, 0, -4, 9, 0, 0, 174, 0, -39745], [141, 1, 3, -896, 912, 0, 10, 0, 80, 0, 0, 0, 16, 0, -10096], [136, 1, 3, -194, -1238, 0, 16, 0, 0, -1, 0, 0, 30, 0, -8115], [238, 2, 6, -2086, -2141, 0, 59, 0, 4, -3, 0, 0, 75, 0, -4234], [13, 3, 9, -2630, 630, 0, 71, 0, 12, -2, 0, 0, 76, 0, -10472], [6, 1, 3, -2619, -1236, 0, -13, 0, 0, -1, 0, 0, 39, 0, 1368], [56, 1, 3, 1533, 1799, 0, 34, 0, 0, -1, 0, 0, 4, 0, 1324], [240, 2, 6, -2504, 1411, 0, 19, 0, 8, -3, 0, 0, 54, 0, -22888], [246, 2, 6, -436, -391, 0, 68, 0, 0, -5, 0, 0, 67, 0, -25182], [34, 26, 76, -12382, -3585, 0, -441, 0, -3, 8, 0, 0, 736, 0, -109021], [517, 11, 32, -4195, 10657, 0, -83, 0, 6, 0, 0, 0, 223, 0, -12374], [20, 6, 17, -10940, -9494, 0, 120, 0, 18, -6, 0, 0, 244, 0, -46942], [60, 6, 17, 2061, 7469, 0, -44, 0, -8, -9, 0, 0, 133, 0, 9829], [33, 7, 19, -7653, -8901, 0, 57, 0, -5, -6, 0, 0, 265, 0, -43572], [81, 42, 112, -45659, 30901, 0, -388, 0, -7, -30, 0, 0, 862, 0, -180691], [74, 21, 56, -4384, 9270, 0, 87, 0, 20, -6, 0, 0, 463, 0, -8664], [122, 5, 13, 1810, 4279, 0, 127, 0, 8, 2, 0, 0, 100, 0, 10953], [163, 17, 44, -7417, 27683, 0, -301, 0, 4, 20, 0, 0, 200, 0, 6280], [350, 1422, 3678, -621603, -893662, 0, -54858, 0, -293, 16, 0, 0, 42344, 0, -6221246], [27, 7, 18, -4520, -3391, 0, 298, 0, 4, 1, 0, 0, 193, 0, -35336], [76, 9, 23, -4357, 14095, 0, -178, 0, 32, 1, 0, 0, 118, 0, -2950], [21, 119, 304, -57509, 28386, 0, -1669, 0, 6, -48, 0, 0, 2758, 0, -250893], [134, 21, 53, -3537, 12556, 0, -167, 0, 7, -7, 0, 0, 457, 0, 28552], [14, 44, 111, -19477, 3008, 0, 1046, 0, 51, -1, 0, 0, 1113, 0, -110880], [164, 6, 15, 3012, 3390, 0, 126, 0, 8, 4, 0, 0, 115, 0, 772], [59, 28, 70, -15988, 3139, 0, -240, 0, 50, -28, 0, 0, 704, 0, -48064], [102, 2, 5, -1425, 56, 0, -28, 0, 9, 3, 0, 0, 50, 0, -8435], [110, 2, 5, -1277, -175, 0, -3, 0, 4, 0, 0, 0, 50, 0, -9998], [22, 45, 112, -31193, -10915, 0, -771, 0, -2, -22, 0, 0, 1166, 0, -130919], [31, 13, 32, -6716, 6127, 0, 97, 0, 24, -4, 0, 0, 268, 0, -27461], [17, 77, 188, -40593, 12811, 0, -1969, 0, 58, -7, 0, 0, 1663, 0, -204690], [516, 78, 183, 4743, 15578, 0, 1471, 0, 29, -2, 0, 0, 1699, 0, -113431], [43, 1133, 2656, -571768, -97229, 0, -26529, 0, -25, -240, 0, 0, 27280, 0, -1945729], [106, 111, 260, -3215, 44062, 0, 1724, 0, 77, 25, 0, 0, 2151, 0, 12576], [69, 3, 7, -9208, -4690, 0, -117, 0, -4, -5, 0, 0, 102, 0, -4506], [45, 244, 564, -149636, -14084, 0, -4108, 0, 13, -22, 0, 0, 5625, 0, -639858], [101, 556, 1271, -72312, 351909, 0, -8663, 0, 53, 60, 0, 0, 9709, 0, -327204], [1, 155, 353, -74663, -15263, 0, -2946, 0, 5, -37, 0, 0, 3421, 0, -323634], [85, 11, 25, -1534, 4280, 0, -204, 0, 5, -6, 0, 0, 196, 0, -45080], [223, 170, 385, -33514, -49333, 0, 2381, 0, 23, -44, 0, 0, 4168, 0, -154754], [86, 42, 95, 12760, 83682, 0, 5385, 0, 11, 1, 0, 0, 179, 0, -111870], [48, 23, 52, -14014, -17378, 0, 168, 0, 3, -22, 0, 0, 633, 0, -70062], [420, 4, 9, -5872, -2180, 0, 34, 0, 8, -4, 0, 0, 99, 0, -16873], [7, 24, 54, -15224, 14476, 0, -427, 0, 12, 0, 0, 0, 376, 0, 36860], [10, 24, 54, -9313, -8708, 0, -549, 0, -12, 0, 0, 0, 605, 0, -34786], [54, 344, 768, -130318, -103472, 0, -4878, 0, -6, -102, 0, 0, 8299, 0, -896413], [555, 3454, 7665, -235617, 3548476, 