{"primary_winrate_percent": 52.27532716194617, "winrate_top": 32.23684210526316, "winrate_jungle": 28.985507246376812, "winrate_mid": 42.56410256410256, "winrate_adc": 25.0, "winrate_support": 52.27532716194617, "roles": [2, 5, 1, 4, 3], "matchups_top": [[516, 3, 3], [142, 1, 1], [16, 1, 1], [92, 4, 4], [23, 3, 3], [24, 6, 6], [114, 3, 3], [31, 3, 3], [18, 1, 1], [14, 1, 1], [268, 1, 1], [133, 2, 2], [74, 1, 1], [106, 2, 2], [6, 2, 2], [104, 1, 1], [35, 1, 1], [85, 1, 1], [79, 1, 1], [17, 4, 4]], "matchups_jungle": [[77, 1, 1], [80, 2, 2], [107, 1, 1], [5, 1, 1], [19, 2, 2], [9, 1, 1], [33, 1, 1], [2, 2, 2], [6, 1, 1], [163, 2, 2], [266, 1, 1], [76, 1, 1], [122, 1, 1], [427, 1, 1], [154, 2, 2], [63, 1, 1], [164, 1, 1], [121, 6, 7], [120, 5, 6], [245, 9, 11]], "matchups_mid": [[4, 5, 5], [24, 1, 1], [240, 1, 1], [555, 1, 1], [268, 2, 2], [56, 1, 1], [86, 1, 1], [10, 1, 1], [43, 1, 1], [55, 4, 4], [82, 2, 2], [3, 1, 1], [266, 1, 1], [69, 1, 1], [1, 1, 1], [85, 1, 1], [7, 3, 3], [143, 1, 1], [17, 1, 1], [34, 1, 1]], "matchups_adc": [[21, 2, 2], [22, 5, 5], [81, 4, 4], [119, 2, 2], [157, 1, 1], [202, 3, 3], [236, 2, 2], [145, 5, 6], [498, 3, 4], [18, 1, 2], [67, 3, 6], [222, 2, 4], [51, 0, 2], [80, 0, 1]], "matchups_support": [[35, 535, 1028], [89, 5373, 10390], [432, 1183, 2330], [44, 500, 988], [111, 5411, 10725], [50, 1262, 2502], [40, 2422, 4932], [26, 955, 1952], [497, 3207, 6562], [9, 776, 1599], [25, 3135, 6485], [117, 2932, 6079], [267, 2971, 6166], [16, 1587, 3294], [12, 1750, 3652], [412, 8952, 18719], [143, 1039, 2228], [161, 667, 1436], [201, 1167, 2516], [99, 1570, 3404]]}