{"primary_winrate_percent": 52.28314318135836, "matchups_top": 31.292517006802722, "matchups_jungle": 30.0, "matchups_mid": 40.69767441860465, "matchups_adc": 25.0, "matchups_support": 52.28314318135836, "roles": [2, 5, 1, 4, 3]}