{"primary_winrate_percent": 0.5228314318135836, "matchups_top": 0.3129251700680272, "matchups_jungle": 0.3, "matchups_mid": 0.4069767441860465, "matchups_adc": 0.25, "matchups_support": 0.5228314318135836, "roles": [2, 5, 1, 4, 3]}