{"primary_winrate_percent": 0.5051086754597808, "matchups_top": 0.47544204322200395, "matchups_jungle": 0.4309210526315789, "matchups_mid": 0.47417992854822993, "matchups_adc": 0.5, "matchups_support": 0.5051086754597808, "roles": [2, 5, 4, 3, 1]}