{"primary_winrate_percent": 50.51086754597808, "matchups_top": 47.54420432220039, "matchups_jungle": 43.09210526315789, "matchups_mid": 47.41799285482299, "matchups_adc": 50.0, "matchups_support": 50.51086754597808, "roles": [2, 5, 4, 3, 1]}