{"primary_winrate_percent": 50.5223733491031, "winrate_top": 48.14159292035398, "winrate_jungle": 43.143297380585516, "winrate_mid": 47.45993347444814, "winrate_adc": 49.040511727078886, "winrate_support": 50.5223733491031, "roles": [2, 5, 4, 3, 1], "matchups_top": [[105, 3, 3], [54, 8, 10], [14, 3, 4], [74, 5, 7], [41, 5, 7], [67, 7, 10], [10, 27, 39], [266, 9, 13], [133, 2, 3], [106, 2, 3], [1, 2, 3], [36, 2, 3], [164, 4, 6], [31, 7, 11], [84, 7, 11], [150, 5, 8], [157, 8, 13], [23, 8, 13], [114, 14, 23], [85, 5, 9]], "matchups_jungle": [[62, 7, 7], [421, 10, 11], [145, 5, 6], [106, 3, 4], [30, 7, 10], [5, 7, 10], [54, 9, 13], [20, 9, 13], [9, 4, 6], [2, 4, 6], [19, 7, 11], [76, 7, 11], [245, 28, 45], [35, 14, 23], [59, 26, 43], [102, 3, 5], [28, 9, 15], [77, 3, 5], [154, 13, 22], [64, 48, 82]], "matchups_mid": [[101, 62, 94], [74, 38, 60], [105, 138, 228], [157, 238, 414], [112, 85, 148], [103, 176, 308], [10, 33, 58], [69, 62, 109], [161, 52, 93], [3, 34, 61], [34, 40, 72], [91, 66, 120], [131, 72, 131], [7, 100, 182], [518, 52, 95], [115, 35, 64], [99, 126, 232], [38, 82, 152], [4, 95, 178], [8, 117, 220]], "matchups_adc": [[110, 3, 4], [74, 2, 3], [67, 19, 32], [18, 10, 17], [51, 28, 49], [145, 41, 72], [202, 15, 27], [22, 21, 38], [222, 14, 27], [81, 27, 57], [498, 16, 35], [21, 4, 9], [236, 18, 41], [29, 3, 7], [119, 6, 17], [96, 1, 3], [15, 2, 7], [157, 1, 5], [45, 0, 4]], "matchups_support": [[35, 189, 324], [143, 535, 986], [53, 1342, 2511], [16, 687, 1307], [161, 321, 613], [89, 1302, 2496], [267, 1282, 2477], [117, 1137, 2217], [111, 1529, 2989], [37, 231, 456], [101, 264, 522], [54, 146, 289], [26, 284, 569], [40, 800, 1605], [432, 357, 720], [25, 1359, 2746], [44, 103, 209], [43, 470, 966], [99, 716, 1479], [50, 413, 864]]}