{"primary_winrate_percent": 45.925843694493786, "winrate_top": 42.10526315789473, "winrate_jungle": 29.411764705882355, "winrate_mid": 38.88888888888889, "winrate_adc": 20.0, "winrate_support": 45.925843694493786, "roles": [2, 4, 1, 5, 3], "matchups_top": [[80, 1, 1], [24, 3, 3], [31, 1, 1], [86, 3, 3], [121, 1, 1], [10, 2, 2], [133, 2, 2], [245, 1, 1], [266, 2, 2], [150, 2, 2], [8, 1, 1], [202, 1, 1], [81, 2, 2], [164, 1, 1], [11, 1, 1], [157, 2, 3], [114, 4, 6], [6, 2, 3], [13, 2, 3], [122, 2, 3]], "matchups_jungle": [[30, 2, 2], [59, 2, 2], [64, 3, 3], [77, 1, 1], [102, 1, 1], [121, 1, 1], [421, 1, 1], [141, 1, 2], [14, 0, 1], [32, 0, 1], [35, 0, 1], [517, 0, 1]], "matchups_mid": [[1, 2, 2], [3, 1, 1], [8, 1, 1], [84, 1, 1], [91, 1, 1], [99, 2, 2], [157, 1, 1], [90, 1, 2], [238, 1, 2], [69, 0, 1], [127, 0, 1], [246, 0, 1], [268, 0, 2]], "matchups_adc": [[51, 1, 1], [145, 3, 3], [222, 2, 2], [236, 1, 1], [498, 1, 2], [67, 0, 1]], "matchups_support": [[35, 116, 189], [40, 794, 1346], [26, 277, 480], [16, 457, 797], [161, 214, 374], [143, 369, 647], [101, 147, 260], [89, 1665, 2951], [25, 1105, 1981], [50, 325, 583], [37, 162, 291], [111, 2096, 3802], [432, 333, 607], [497, 1069, 1952], [117, 974, 1786], [63, 371, 686], [12, 374, 692], [267, 1001, 1860], [53, 1344, 2510], [99, 455, 853]]}