{"primary_winrate_percent": 0.45883166055652386, "matchups_top": 0.43243243243243246, "matchups_jungle": 0.25, "matchups_mid": 0.3888888888888889, "matchups_adc": 0.2, "matchups_support": 0.45883166055652386, "roles": [2, 4, 1, 5, 3]}