{"primary_winrate_percent": 45.88316605565239, "matchups_top": 43.24324324324324, "matchups_jungle": 25.0, "matchups_mid": 38.88888888888889, "matchups_adc": 20.0, "matchups_support": 45.88316605565239, "roles": [2, 4, 1, 5, 3]}