{"primary_winrate_percent": 45.801612180922525, "lane_winrates": {"1": 33.33333333333333, "2": 45.801612180922525, "3": 18.181818181818183, "4": 41.46341463414634, "5": 40.0}, "roles": [2, 4, 1, 5, 3], "matchups": {"1": [[517, 0, 1, -443, 20, 0, -15, 0, 10, 0, 0, 0, 9, 0, 242], [35, 0, 1, 218, -226, 0, -22, 0, 27, 0, 0, 0, 11, 0, 124], [32, 0, 1, -16, 277, 0, -5, 0, 16, 0, 0, 0, 5, 0, 2648], [14, 0, 1, 475, -55, 0, 14, 0, -8, 0, 0, 0, 9, 0, -3027], [141, 1, 2, 4101, 3457, 0, 18, 0, 70, 0, 0, 0, 0, 0, 9625], [421, 1, 1, -712, -49, 0, -4, 0, 27, 0, 0, 0, 7, 0, 3701], [121, 1, 1, 3471, 3091, 0, 23, 0, 46, 1, 0, 0, -9, 0, 10489], [102, 1, 1, 2246, 1760, 0, 7, 0, 20, 1, 0, 0, 3, 0, 258], [64, 2, 2, 2344, 5405, 0, -23, 0, 80, 2, 0, 0, -10, 0, 10715], [59, 2, 2, 2701, 3734, 0, 12, 0, 26, 3, 0, 0, -8, 0, 11105], [30, 2, 2, 1420, 1957, 0, 7, 0, 22, 2, 0, 0, 3, 0, 11469]], "2": [[105, 0, 2, 175, -988, 0, -12, 0, 0, 0, 0, 0, 25, 0, -5603], [39, 0, 2, -976, -392, 0, 10, 0, 8, 0, 0, 0, 28, 0, -4394], [83, 0, 1, -236, 993, 0, 71, 0, 0, 1, 0, 0, 1, 0, -1955], [145, 0, 2, -847, -690, 0, -5, 0, 24, -1, 0, 0, 21, 0, -6738], [238, 0, 1, -1029, -228, 0, 7, 0, 0, 0, 0, 0, 16, 0, -4520], [13, 0, 3, 1539, 969, 0, 10, 0, 0, 1, 0, 0, 18, 0, -5607], [67, 0, 1, -230, 208, 0, 15, 0, 0, 0, 0, 0, 6, 0, 800], [150, 0, 2, -1215, -1311, 0, 22, 0, 0, 0, 0, 0, 27, 0, -8475], [84, 0, 1, 567, 1041, 0, 8, 0, 0, 0, 0, 0, 4, 0, 4952], [82, 0, 1, 317, 615, 0, 2, 0, 0, 1, 0, 0, 3, 0, -6096], [55, 0, 3, 232, 704, 0, 36, 0, -4, 2, 0, 0, 24, 0, -6404], [120, 0, 1, -368, -442, 0, 6, 0, 0, 1, 0, 0, 13, 0, -5947], [72, 0, 1, -1023, -1732, 0, -7, 0, 0, -1, 0, 0, 21, 0, -6996], [19, 0, 1, 180, -396, 0, 6, 0, 0, 0, 0, 0, 13, 0, -5543], [268, 0, 1, -450, 182, 0, -12, 0, 0, 0, 0, 0, 8, 0, -4357], [18, 0, 1, -1452, 27, 0, -14, 0, 0, -1, 0, 0, 9, 0, 340], [107, 0, 1, -570, -610, 0, 15, 0, 0, 2, 0, 0, 15, 0, -7551], [24, 0, 1, -330, -254, 0, 15, 0, 0, -1, 0, 0, 12, 0, -2936], [58, 0, 2, 1405, 2407, 0, 30, 0, 0, 0, 0, 0, 0, 0, 1757], [23, 0, 1, -477, -331, 0, -4, 0, 0, -1, 0, 0, 15, 0, -5640], [92, 0, 1, -195, -320, 0, 32, 0, 0, 1, 0, 0, 14, 0, -5619], [38, 0, 1, -702, -1815, 0, -16, 0, -4, 0, 0, 0, 23, 0, -5433], [103, 1, 8, -4834, -4086, 0, -116, 0, 4, 0, 0, 0, 102, 0, -17468], [78, 11, 45, -4377, 4168, 0, 19, 0, -6, 8, 0, 0, 435, 0, -29664], [236, 1, 4, 501, 1527, 0, 18, 0, 4, 5, 0, 0, 33, 0, -3151], [7, 3, 12, 3543, 10080, 0, -158, 0, 8, 13, 0, 0, 24, 0, 8704], [32, 1, 4, -4729, -2009, 0, -35, 0, 8, 2, 0, 0, 56, 0, -17620], [30, 1, 4, -184, 3356, 0, -43, 0, 0, 2, 0, 0, 16, 0, -4820], [427, 2, 7, -453, 2695, 0, -147, 0, 21, 3, 0, 0, 46, 0, -4487], [136, 1, 3, -985, 85, 0, -22, 0, 0, 0, 0, 0, 28, 0, 3882], [122, 1, 3, 942, -227, 0, 30, 0, 4, 0, 0, 0, 28, 0, -11750], [85, 3, 9, -310, 6209, 0, -82, 0, 0, 3, 0, 0, 45, 0, 2318], [51, 1, 3, -338, -936, 0, 18, 0, 0, 1, 0, 0, 43, 0, -12913], [27, 1, 3, 1003, 1718, 0, -1, 0, 0, 0, 0, 0, 19, 0, -6708], [4, 2, 6, 1941, 4853, 0, -60, 0, 0, 3, 0, 0, 17, 0, -4242], [81, 9, 24, -4950, 18463, 0, -168, 0, -1, 7, 0, 0, 102, 0, 10244], [74, 3, 8, 383, 5745, 0, 27, 0, 7, 11, 0, 0, 42, 0, -95], [516, 15, 40, 8722, 16410, 0, 133, 0, 7, 10, 0, 0, 262, 0, 10249], [68, 2, 5, 546, 4356, 0, -32, 0, -4, 3, 0, 0, 13, 0, -515], [64, 2, 5, 1560, 3797, 0, 57, 0, 0, 1, 0, 0, 16, 0, 6491], [20, 2, 5, -4107, -2999, 0, -26, 0, 4, 0, 0, 0, 70, 0, -18993], [90, 8, 20, 6183, 11923, 0, -116, 0, 4, 0, 0, 0, 106, 0, 10862], [127, 4, 10, -2303, 386, 0, -81, 0, 0, 2, 0, 0, 96, 0, -9397], [59, 7, 17, -1001, 6550, 0, -120, 0, 0, -2, 0, 0, 132, 0, -8051], [48, 3, 7, 621, 3699, 0, 13, 0, 5, 4, 0, 0, 43, 0, 8343], [22, 19, 43, -8646, 10039, 0, -450, 0, 0, 4, 0, 0, 318, 0, -52587], [115, 9, 20, 2725, 24373, 0, -93, 0, 4, 2, 0, 0, 9, 0, 30283], [350, 369, 818, -19860, 76934, 0, -15391, 0, -42, 155, 0, 0, 7399, 0, -527729], [34, 18, 39, -3313, 17210, 0, -414, 0, 4, 21, 0, 0, 239, 0, -1629], [1, 43, 90, 4247, 38173, 0, -1155, 0, -3, 38, 0, 0, 555, 0, -6826], [3, 33, 69, -12851, -5298, 0, -42, 0, 4, -1, 0, 0, 731, 0, 34846], [44, 117, 241, 5010, 20450, 0, 46, 0, -22, 15, 0, 0, 2248, 0, -82088], [223, 45, 91, -1894, 18802, 0, 286, 0, 10, 16, 0, 0, 769, 0, -56915], [98, 46, 93, 8403, 17255, 0, 152, 0, 29, 21, 0, 0, 819, 0, 71096], [45, 71, 143, 9935, 66497, 0, -1695, 0, 17, 51, 0, 0, 851, 0, 44502], [164, 1, 2, -346, -641, 0, 16, 0, 0, -1, 0, 0, 25, 0, 96], [75, 1, 2, -3063, -229, 0, -21, 0, 0, 0, 0, 0, 20, 0, 6337], [245, 2, 4, -211, 2207, 0, -53, 0, 0, 0, 0, 0, 29, 0, 3170], [113, 2, 4, 1518, 991, 0, 9, 0, 0, -1, 0, 0, 36, 0, -5597], [60, 1, 2, 1749, 3113, 0, -16, 0, 0, 3, 0, 0, -6, 0, -10], [86, 9, 18, 3214, 18015, 0, 1036, 0, 0, -7, 0, 0, 33, 0, -5142], [31, 3, 6, 1357, 4063, 0, -5, 0, 8, 1, 0, 0, 21, 0, 6890], [80, 17, 34, -3532, 13140, 0, -72, 0, -3, 18, 0, 0, 236, 0, 10839], [112, 1, 2, 1961, 3988, 0, 52, 0, -4, 3, 0, 0, -13, 0, 5145], [110, 1, 2, 429, 1908, 0, -20, 0, 0, 1, 0, 0, 3, 0, 463], [555, 1021, 2014, 229965, 1598852, 0, -6167, 0, 127, 1262, 0, 0, 6845, 0, 2515207], [518, 55, 106, 31917, 88856, 0, -805, 0, 50, 38, 0, 0, 389, 0, 113194], [9, 175, 337, 50369, 182213, 0, -3440, 0, 72, 101, 0, 0, 1758, 0, 192968], [106, 21, 40, 11831, 23823, 0, 117, 0, 12, -1, 0, 0, 257, 0, 42673], [43, 411, 780, 39642, 373944, 0, -10152, 0, 69, 196, 0, 0, 4857, 0, 401465], [99, 461, 873, 62394, 478265, 0, -10242, 0, 139, 347, 0, 0, 4901, 0, 455363], [79, 34, 64, -1766, 14625, 0, -633, 0, 4, 14, 0, 0, 523, 0, 16239], [54, 119, 224, 12816, 64551, 0, -2350, 0, 6, 31, 0, 0, 1664, 0, 160909], [14, 8, 15, 1529, 3609, 0, 84, 0, 8, 3, 0, 0, 122, 0, 8154], [412, 2882, 5378, 694603, 2478656, 0, -85574, 0, 116, 749, 0, 0, 34602, 0, 4877947], [53, 1335, 2483, 354913, 641584, 0, -7640, 0, 73, 459, 0, 0, 19917, 0, 1822225], [63, 368, 684, 111137, 512651, 0, -7686, 0, 271, 314, 0, 0, 2642, 0, 870794], [117, 942, 1750, 108358, 533685, 0, -28766, 0, 27, 260, 0, 0, 13315, 0, 556416], [267, 1002, 1855, 76348, 531241, 0, -33383, 0, 50, 326, 0, 0, 14421, 0, 638872], [12, 372, 686, -23841, 35906, 0, -545, 0, 4, 19, 0, 0, 6524, 0, 218903], [497, 1050, 1925, 91640, 551791, 0, -32894, 0, 36, 103, 0, 0, 14915, 0, 783895], [57, 29, 53, 3726, 13384, 0, -159, 0, 5, 13, 0, 0, 458, 0, 23974], [21, 46, 84, 4959, 47745, 0, -661, 0, 20, 19, 0, 0, 471, 0, 68145], [432, 327, 595, 122261, 239665, 0, -9718, 0, 102, 126, 0, 0, 3965, 0, 520915], [111, 2079, 3760, 762923, 1304498, 0, 5187, 0, 193, 867, 0, 0, 27825, 0, 4109042], [157, 5, 9, 4478, 10021, 0, 155, 0, 4, 7, 0, 0, 4, 0, 5547], [37, 159, 286, -47056, 74870, 0, -4885, 0, -4, 30, 0, 0, 2211, 0, -98653], [25, 1099, 1964, 292503, 1143188, 0, -25554, 0, 208, 521, 0, 0, 10586, 0, 2217047], [50, 327, 581, 115727, 433244, 0, -6999, 0, 44, 248, 0, 0, 2377, 0, 746763], [161, 215, 378, 106653, 306804, 0, -3740, 0, 32, 203, 0, 0, 1321, 0, 479129], [89, 1686, 2964, 425841, 755756, 0, 1276, 0, 63, 331, 0, 0, 23848, 0, 2819191], [16, 442, 777, 33527, 197045, 0, -13131, 0, -17, 38, 0, 0, 6413, 0, 525709], [143, 358, 628, 130875, 463033, 0, -5881, 0, 162, 212, 0, 0, 2471, 0, 751337], [154, 8, 14, 1083, 2362, 0, -7, 0, 4, 1, 0, 0, 107, 0, 22949], [61, 4, 7, -741, 3927, 0, -120, 0, 0, 2, 0, 0, 39, 0, 9713], [101, 151, 262, 70945, 232931, 0, -2946, 0, 61, 117, 0, 0, 746, 0, 392864], [26, 281, 485, 176662, 210555, 0, -5580, 0, 49, 130, 0, 0, 3203, 0, 256677], [163, 7, 12, -4567, 4064, 0, -118, 0, 10, 10, 0, 0, 102, 0, 26533], [40, 790, 1326, 71123, 455997, 0, -22430, 0, 20, 146, 0, 0, 9565, 0, 959016], [35, 119, 197, 4352, 112831, 0, -2685, 0, 82, 70, 0, 0, 1057, 0, 137344], [246, 5, 8, -846, 24, 0, -101, 0, 8, -2, 0, 0, 71, 0, -728], [134, 10, 16, 4808, 15966, 0, -38, 0, 0, 11, 0, 0, 16, 0, -10730], [17, 32, 51, 1474, 26923, 0, -643, 0, 21, 12, 0, 0, 253, 0, 61237], [517, 2, 3, -2581, -3138, 0, -36, 0, -12, 0, 0, 0, 53, 0, -3592], [76, 4, 6, -2245, 3962, 0, -77, 0, 0, 0, 0, 0, 29, 0, 18238], [33, 2, 3, 129, 227, 0, 2, 0, 0, -2, 0, 0, 29, 0, -635], [10, 8, 12, -472, 7800, 0, -127, 0, 0, 6, 0, 0, 47, 0, 19950], 