{"primary_winrate_percent": 51.04408880297905, "matchups_top": 46.263345195729535, "matchups_jungle": 26.08695652173913, "matchups_mid": 46.050670640834575, "matchups_adc": 51.04408880297905, "matchups_support": 34.84848484848485, "roles": [3, 4, 5, 2, 1]}