{"primary_winrate_percent": 51.00956038997156, "winrate_top": 45.307443365695796, "winrate_jungle": 24.0, "winrate_mid": 45.29331514324693, "winrate_adc": 51.00956038997156, "winrate_support": 33.82352941176471, "roles": [3, 4, 5, 2, 1], "matchups_top": [[18, 4, 4], [78, 4, 4], [54, 4, 5], [245, 4, 5], [8, 7, 9], [420, 10, 13], [157, 12, 16], [134, 3, 4], [23, 6, 8], [6, 3, 4], [68, 8, 11], [39, 13, 19], [92, 17, 25], [80, 9, 14], [126, 7, 11], [74, 5, 8], [86, 18, 30], [75, 9, 15], [84, 10, 17], [17, 17, 29]], "matchups_jungle": [[11, 2, 2], [35, 2, 2], [56, 2, 2], [57, 1, 1], [59, 1, 1], [64, 1, 1], [76, 1, 1], [98, 1, 1], [106, 1, 1], [107, 1, 1], [154, 1, 1], [245, 1, 1], [254, 1, 1], [141, 2, 4], [121, 1, 3], [120, 0, 2]], "matchups_mid": [[31, 5, 5], [25, 4, 4], [161, 5, 6], [86, 4, 5], [4, 16, 21], [157, 32, 44], [90, 9, 13], [127, 4, 6], [55, 14, 21], [3, 8, 12], [236, 6, 9], [8, 17, 26], [39, 7, 11], [38, 20, 32], [13, 22, 36], [34, 6, 10], [245, 8, 14], [10, 8, 15], [134, 9, 17], [101, 9, 17]], "matchups_adc": [[22, 11695, 21725], [21, 3340, 6402], [222, 8658, 16726], [202, 6917, 13425], [29, 1008, 1994], [15, 2057, 4126], [157, 745, 1511], [67, 5627, 11520], [498, 9467, 19773], [96, 844, 1763], [119, 3106, 6529], [18, 3773, 7951], [110, 1404, 2980], [145, 14682, 31271], [236, 7082, 15215], [81, 10048, 21659]], "matchups_support": [[16, 2, 2], [44, 1, 1], [45, 1, 1], [63, 1, 1], [101, 1, 1], [555, 3, 3], [53, 8, 9], [89, 5, 6], [412, 5, 6], [25, 2, 3], [37, 2, 3], [111, 2, 3], [201, 2, 3], [497, 2, 3], [40, 2, 4], [43, 1, 2], [99, 1, 2], [267, 1, 2], [350, 1, 2], [117, 2, 6]]}