{"primary_winrate_percent": 0.5104408880297905, "matchups_top": 0.4626334519572954, "matchups_jungle": 0.2608695652173913, "matchups_mid": 0.46050670640834573, "matchups_adc": 0.5104408880297905, "matchups_support": 0.3484848484848485, "roles": [3, 4, 5, 2, 1]}