{"primary_winrate_percent": 50.29859591539022, "winrate_top": 50.29859591539022, "winrate_jungle": 45.16989859455613, "winrate_mid": 50.213128729752775, "winrate_adc": 55.670103092783506, "winrate_support": 48.60557768924303, "roles": [4, 1, 5, 2, 3], "matchups_top": [[107, 193, 360], [17, 385, 719], [24, 921, 1724], [54, 446, 838], [80, 498, 941], [6, 285, 540], [98, 508, 963], [68, 216, 410], [27, 196, 375], [10, 1670, 3199], [83, 196, 376], [57, 204, 393], [114, 1304, 2519], [85, 325, 628], [78, 333, 650], [122, 916, 1788], [31, 266, 520], [82, 724, 1419], [23, 434, 854], [8, 721, 1419]], "matchups_jungle": [[427, 29, 40], [54, 54, 78], [106, 33, 48], [104, 61, 92], [77, 23, 38], [102, 32, 53], [11, 101, 168], [141, 197, 330], [154, 94, 161], [254, 85, 146], [421, 49, 85], [30, 43, 75], [32, 51, 89], [9, 24, 42], [120, 95, 167], [59, 144, 254], [121, 195, 346], [24, 59, 105], [35, 83, 148], [203, 37, 66]], "matchups_mid": [[10, 41, 66], [518, 18, 29], [58, 20, 33], [161, 24, 40], [126, 19, 32], [90, 37, 63], [45, 42, 73], [103, 82, 144], [245, 42, 74], [69, 27, 49], [61, 67, 122], [136, 16, 30], [55, 73, 137], [246, 74, 140], [13, 95, 180], [127, 22, 42], [7, 57, 109], [8, 59, 114], [134, 54, 105], [1, 22, 43]], "matchups_adc": [[110, 2, 2], [134, 1, 1], [157, 1, 1], [161, 1, 1], [67, 5, 6], [22, 7, 12], [498, 4, 7], [81, 5, 9], [15, 1, 2], [222, 2, 5], [145, 4, 11], [21, 1, 3], [122, 1, 3], [202, 2, 7], [236, 2, 7], [51, 3, 11], [119, 1, 5], [18, 0, 1], [142, 0, 1], [245, 0, 1]], "matchups_support": [[143, 3, 3], [79, 2, 2], [63, 2, 2], [16, 5, 7], [117, 6, 9], [101, 4, 6], [40, 7, 11], [53, 10, 16], [350, 5, 9], [497, 10, 19], [555, 14, 27], [12, 1, 2], [432, 3, 6], [201, 1, 2], [267, 4, 8], [99, 3, 6], [50, 4, 8], [111, 11, 24], [412, 10, 22], [43, 3, 7]]}