{"primary_winrate_percent": 0.5028202261150454, "matchups_top": 0.5028202261150454, "matchups_jungle": 0.45045569129338764, "matchups_mid": 0.49905078310393924, "matchups_adc": 0.5444444444444444, "matchups_support": 0.49333333333333335, "roles": [4, 1, 5, 2, 3]}