{"primary_winrate_percent": 50.28202261150454, "matchups_top": 50.28202261150454, "matchups_jungle": 45.045569129338766, "matchups_mid": 49.905078310393925, "matchups_adc": 54.44444444444444, "matchups_support": 49.333333333333336, "roles": [4, 1, 5, 2, 3]}