{"primary_winrate_percent": 51.63056510270961, "matchups_top": 54.183514774494554, "matchups_jungle": 42.30769230769231, "matchups_mid": 51.63056510270961, "matchups_adc": 50.48255382331106, "matchups_support": 39.62264150943396, "roles": [5, 4, 3, 2, 1]}