{"primary_winrate_percent": 0.5163056510270961, "matchups_top": 0.5418351477449456, "matchups_jungle": 0.4230769230769231, "matchups_mid": 0.5163056510270961, "matchups_adc": 0.5048255382331106, "matchups_support": 0.39622641509433965, "roles": [5, 4, 3, 2, 1]}