{"primary_winrate_percent": 51.50926095727123, "winrate_top": 53.826384922901205, "winrate_jungle": 40.74074074074074, "winrate_mid": 51.50926095727123, "winrate_adc": 51.178451178451176, "winrate_support": 40.17094017094017, "roles": [5, 4, 3, 2, 1], "matchups_top": [[112, 15, 23], [18, 15, 24], [27, 15, 25], [98, 34, 58], [54, 34, 62], [133, 20, 37], [236, 15, 28], [24, 62, 116], [516, 33, 63], [420, 25, 48], [74, 13, 25], [126, 27, 52], [86, 77, 151], [157, 33, 65], [240, 26, 52], [83, 13, 26], [39, 39, 78], [10, 103, 210], [114, 59, 121], [80, 28, 58]], "matchups_jungle": [[28, 1, 1], [36, 1, 1], [56, 1, 1], [60, 1, 1], [76, 1, 1], [107, 1, 1], [121, 1, 1], [154, 1, 1], [245, 6, 8], [33, 1, 2], [35, 1, 2], [29, 0, 1], [59, 0, 1], [64, 0, 1], [80, 0, 1], [120, 0, 1], [141, 0, 1], [421, 0, 1]], "matchups_mid": [[101, 275, 492], [161, 223, 418], [91, 284, 544], [34, 165, 318], [103, 700, 1355], [61, 489, 954], [134, 572, 1126], [80, 121, 239], [4, 432, 857], [50, 72, 144], [136, 70, 140], [55, 419, 839], [105, 366, 739], [90, 342, 692], [238, 661, 1339], [38, 375, 760], [115, 98, 199], [10, 154, 314], [131, 262, 535], [99, 379, 774]], "matchups_adc": [[157, 11, 17], [222, 46, 76], [51, 83, 148], [74, 5, 9], [119, 23, 43], [22, 78, 149], [498, 65, 127], [202, 45, 88], [29, 9, 18], [81, 78, 162], [21, 20, 43], [145, 126, 271], [67, 43, 94], [15, 8, 20], [18, 16, 42], [236, 41, 109], [96, 5, 14], [110, 3, 9]], "matchups_support": [[9, 1, 1], [12, 1, 1], [26, 1, 1], [37, 1, 1], [44, 1, 1], [98, 1, 1], [101, 1, 1], [115, 1, 1], [117, 3, 3], [267, 4, 5], [161, 3, 4], [412, 9, 13], [25, 4, 6], [143, 2, 3], [497, 6, 9], [99, 5, 8], [111, 6, 10], [350, 3, 5], [53, 4, 7], [89, 4, 7]]}