{"primary_winrate_percent": 0.4961427193828351, "matchups_top": 0.4961427193828351, "matchups_jungle": 0.4752981260647359, "matchups_mid": 0.5163536056745042, "matchups_adc": 0.5152838427947598, "matchups_support": 0.4288224956063269, "roles": [4, 5, 1, 2, 3]}