{"primary_winrate_percent": 49.58527210196237, "winrate_top": 49.58527210196237, "winrate_jungle": 47.347740667976424, "winrate_mid": 51.411265899454875, "winrate_adc": 50.78740157480315, "winrate_support": 43.203883495145625, "roles": [4, 5, 1, 2, 3], "matchups_top": [[83, 192, 334], [68, 125, 221], [240, 257, 458], [82, 542, 975], [114, 617, 1137], [420, 196, 362], [85, 203, 377], [107, 80, 151], [6, 212, 401], [133, 109, 207], [17, 337, 645], [80, 278, 534], [10, 754, 1452], [27, 114, 221], [75, 309, 600], [67, 180, 351], [23, 280, 547], [54, 270, 528], [74, 94, 184], [39, 332, 653]], "matchups_jungle": [[36, 26, 37], [2, 22, 34], [76, 22, 34], [20, 26, 41], [19, 38, 63], [245, 86, 143], [427, 9, 15], [154, 34, 57], [29, 13, 22], [254, 40, 68], [28, 42, 72], [5, 22, 38], [141, 96, 170], [32, 27, 48], [104, 23, 41], [121, 86, 154], [33, 17, 31], [120, 52, 95], [56, 40, 76], [107, 34, 65]], "matchups_mid": [[518, 58, 96], [10, 58, 98], [517, 37, 64], [101, 52, 90], [69, 66, 115], [99, 140, 250], [82, 30, 55], [112, 82, 151], [1, 85, 158], [3, 45, 84], [55, 163, 314], [127, 55, 106], [90, 104, 201], [142, 81, 158], [91, 81, 158], [161, 45, 88], [103, 187, 366], [54, 25, 49], [18, 46, 91], [246, 84, 167]], "matchups_adc": [[22, 25, 32], [96, 2, 3], [15, 3, 5], [51, 12, 20], [21, 4, 7], [236, 12, 21], [498, 10, 19], [81, 12, 23], [119, 4, 8], [145, 18, 41], [202, 7, 16], [67, 5, 15], [222, 5, 15], [18, 4, 14], [29, 0, 2], [110, 0, 3], [157, 0, 3]], "matchups_support": [[26, 7, 7], [9, 8, 9], [432, 10, 12], [40, 17, 23], [16, 11, 16], [89, 24, 37], [143, 7, 11], [111, 33, 52], [117, 22, 36], [497, 14, 23], [63, 14, 23], [44, 3, 5], [25, 19, 32], [50, 7, 12], [12, 4, 7], [161, 5, 9], [412, 40, 73], [43, 6, 11], [53, 19, 36], [555, 19, 37]]}