{"primary_winrate_percent": 49.61427193828351, "matchups_top": 49.61427193828351, "matchups_jungle": 47.52981260647359, "matchups_mid": 51.63536056745042, "matchups_adc": 51.52838427947598, "matchups_support": 42.88224956063269, "roles": [4, 5, 1, 2, 3]}