{"primary_winrate_percent": 45.807510025519505, "winrate_top": 48.59437751004016, "winrate_jungle": 29.411764705882355, "winrate_mid": 45.807510025519505, "winrate_adc": 43.4733257661748, "winrate_support": 20.0, "roles": [5, 3, 4, 2, 1], "matchups_top": [[516, 8, 8], [75, 9, 11], [157, 19, 24], [80, 15, 19], [127, 3, 4], [85, 7, 10], [18, 6, 9], [17, 12, 18], [78, 4, 6], [41, 17, 26], [114, 12, 19], [27, 5, 8], [240, 8, 13], [126, 8, 13], [82, 12, 20], [13, 17, 29], [8, 13, 23], [74, 5, 9], [67, 10, 18], [23, 6, 11]], "matchups_jungle": [[35, 1, 1], [56, 1, 1], [106, 1, 1], [107, 1, 1], [121, 1, 1], [245, 1, 1], [254, 1, 1], [64, 3, 4], [141, 2, 3], [32, 0, 1], [59, 0, 1], [60, 0, 1]], "matchups_mid": [[54, 43, 65], [131, 117, 187], [25, 33, 55], [13, 302, 505], [69, 110, 188], [112, 130, 223], [115, 43, 74], [103, 328, 565], [105, 153, 267], [1, 114, 199], [161, 85, 149], [101, 87, 153], [99, 158, 278], [55, 187, 331], [3, 82, 147], [61, 186, 334], [10, 58, 105], [136, 34, 62], [238, 246, 450], [127, 88, 161]], "matchups_adc": [[21, 11, 15], [236, 49, 73], [15, 5, 8], [222, 41, 66], [110, 8, 13], [22, 49, 80], [119, 15, 26], [81, 57, 100], [29, 6, 11], [18, 20, 37], [145, 82, 152], [51, 46, 86], [67, 30, 57], [498, 34, 65], [157, 3, 6], [202, 28, 60], [96, 2, 6]], "matchups_support": [[9, 1, 1], [26, 1, 1], [38, 1, 1], [43, 1, 1], [53, 1, 1], [111, 2, 2], [432, 1, 1], [117, 5, 6], [25, 1, 2], [89, 1, 2], [555, 1, 2]]}