{"primary_winrate_percent": 45.47072784810127, "matchups_top": 48.554913294797686, "matchups_jungle": 25.0, "matchups_mid": 45.47072784810127, "matchups_adc": 43.13725490196079, "matchups_support": 20.0, "roles": [5, 3, 4, 2, 1]}