{"primary_winrate_percent": 0.45470727848101267, "matchups_top": 0.48554913294797686, "matchups_jungle": 0.25, "matchups_mid": 0.45470727848101267, "matchups_adc": 0.43137254901960786, "matchups_support": 0.2, "roles": [5, 3, 4, 2, 1]}