{"primary_winrate_percent": 45.81811541271001, "lane_winrates": {"1": 33.33333333333333, "2": 20.0, "3": 44.19953596287703, "4": 48.39142091152815, "5": 45.81811541271001}, "roles": [5, 3, 4, 2, 1], "matchups": {"1": [[60, 0, 1, -407, -1227, 0, -7, 0, 7, -1, 0, 0, 17, 0, 998], [59, 0, 1, 1885, 1765, 0, 3, 0, 27, 2, 0, 0, -4, 0, -4136], [32, 0, 1, -125, -662, 0, 10, 0, -19, -1, 0, 0, 14, 0, -6078], [121, 1, 2, 2458, 1411, 0, 2, 0, 16, 0, 0, 0, 18, 0, 10438], [141, 2, 3, 4942, 2260, 0, 4, 0, 84, 0, 0, 0, 7, 0, -5597], [64, 3, 4, 2237, 4199, 0, -35, 0, 80, 2, 0, 0, 10, 0, -7012], [254, 1, 1, 477, 1194, 0, 1, 0, -20, -1, 0, 0, -2, 0, 3425], [245, 1, 1, -62, 1057, 0, -5, 0, -11, 1, 0, 0, 1, 0, 3874], [107, 1, 1, 2601, 2201, 0, 5, 0, 57, 2, 0, 0, 0, 0, 13056], [106, 1, 1, -1346, -2548, 0, -5, 0, -4, -1, 0, 0, 35, 0, 4912], [56, 1, 1, 486, 427, 0, 2, 0, 37, 1, 0, 0, 4, 0, 4694], [35, 1, 1, 2088, 2263, 0, -2, 0, 24, 3, 0, 0, -9, 0, 6202]], "2": [[555, 1, 2, 217, 1488, 0, -21, 0, 0, 1, 0, 0, 11, 0, 1264], [89, 1, 2, 1903, 204, 0, 7, 0, 0, 2, 0, 0, 20, 0, 1009], [25, 1, 2, 3032, 1362, 0, -48, 0, 0, -1, 0, 0, 12, 0, 8878], [117, 5, 6, 8822, 6351, 0, -13, 0, 0, -5, 0, 0, 10, 0, 21996], [432, 1, 1, 618, -104, 0, -3, 0, -4, 0, 0, 0, 13, 0, -515], [111, 2, 2, 1628, 1229, 0, 35, 0, 0, 3, 0, 0, 9, 0, 7206], [53, 1, 1, 801, 953, 0, -38, 0, 0, 2, 0, 0, 3, 0, 4834], [43, 1, 1, -585, -1770, 0, -1, 0, 0, -1, 0, 0, 23, 0, 888], [38, 1, 1, 4107, 2115, 0, 23, 0, 0, 1, 0, 0, -10, 0, 779], [26, 1, 1, -787, -1564, 0, -3, 0, 0, -1, 0, 0, 30, 0, -2266], [9, 1, 1, 1003, 1805, 0, 15, 0, 0, 1, 0, 0, -8, 0, 3265]], "3": [[134, 0, 3, 1683, 3072, 0, 63, 0, 0, 2, 0, 0, 11, 0, -9337], [133, 0, 1, 582, -1032, 0, 2, 0, 0, -2, 0, 0, 20, 0, -892], [17, 0, 1, 1179, 2737, 0, 49, 0, 0, 3, 0, 0, -10, 0, 6905], [429, 1, 3, 1366, 2215, 0, 33, 0, -6, 6, 0, 0, 13, 0, 7895], [96, 3, 8, -1687, 2461, 0, 13, 0, 12, 0, 0, 0, 67, 0, 2170], [202, 26, 57, 5815, 26468, 0, 426, 0, -12, 6, 0, 0, 378, 0, 42071], [18, 16, 34, -96, 9598, 0, 97, 0, 16, 22, 0, 0, 285, 0, 9622], [157, 3, 6, -4306, -6924, 0, -57, 0, 4, -10, 0, 0, 113, 0, -24684], [50, 1, 2, 280, 629, 0, -4, 0, 0, 0, 0, 0, 15, 0, -3774], [81, 51, 97, 15523, 35589, 0, 722, 0, 4, -31, 0, 0, 693, 0, 33249], [67, 29, 55, 2943, 21222, 0, 233, 0, 4, 12, 0, 0, 405, 0, 1797], [51, 45, 84, 9416, 34579, 0, 829, 0, 14, 0, 0, 0, 619, 0, 48916], [119, 14, 26, 5442, 31058, 0, 425, 0, 31, -3, 0, 0, 18, 0, 6451], [145, 80, 148, 5057, 45172, 0, 1278, 0, 15, 26, 0, 0, 1141, 0, 72544], [498, 36, 65, 5651, 26509, 0, 524, 0, 21, 1, 0, 0, 467, 0, 41776], [110, 7, 12, -2501, -2072, 0, 19, 0, -4, 0, 0, 0, 141, 0, 4927], [29, 6, 10, -2914, -4837, 0, -141, 0, 4, 2, 0, 0, 151, 0, 8373], [222, 41, 66, -5055, 2435, 0, 335, 0, 14, -26, 0, 0, 675, 0, 29480], [22, 50, 80, 14453, 31758, 0, 509, 0, -27, 16, 0, 0, 599, 0, 80851], [15, 5, 8, 3486, 4509, 0, 67, 0, -9, -3, 0, 0, 55, 0, 9372], [236, 45, 69, 14716, 60148, 0, 881, 0, 24, 19, 0, 0, 244, 0, 118241], [45, 3, 4, 152, -648, 0, 30, 0, 0, -4, 0, 0, 57, 0, 2263], [21, 12, 16, 7009, 21802, 0, 213, 0, 0, 9, 0, 0, 0, 0, 64797], [518, 2, 2, -2080, -3113, 0, -76, 0, 0, -4, 0, 0, 50, 0, -3062], [161, 1, 1, 607, -354, 0, 0, 0, 0, 2, 0, 0, 13, 0, -2644], [101, 1, 1, 293, 260, 0, 20, 0, 0, 1, 0, 0, 5, 0, 1020], [74, 2, 2, 427, 1072, 0, 18, 0, 0, 2, 0, 0, 4, 0, 6306], [36, 1, 1, -191, -380, 0, -7, 0, 0, 0, 0, 0, 11, 0, 807]], "4": [[105, 0, 1, -107, -478, 0, -8, 0, 0, 1, 0, 0, 18, 0, -2997], [48, 0, 1, -2121, -2405, 0, -49, 0, -4, -1, 0, 0, 27, 0, -4798], [62, 0, 1, -22, -520, 0, -29, 0, 0, 1, 0, 0, 13, 0, -1501], [11, 0, 1, -320, -546, 0, 3, 0, 0, 2, 0, 0, 17, 0, -2898], [517, 0, 1, 486, 915, 0, 11, 0, -4, 3, 0, 0, 4, 0, -1978], [26, 0, 1, -469, 1188, 0, 12, 0, 0, 1, 0, 0, 2, 0, -6620], [145, 0, 1, -1098, -320, 0, 2, 0, 0, -3, 0, 0, 12, 0, 1040], [81, 0, 3, 286, 1556, 0, -12, 0, 0, -1, 0, 0, 19, 0, 9789], [202, 0, 1, -948, -1505, 0, -5, 0, 0, -3, 0, 0, 22, 0, -4644], [44, 0, 1, -2314, -2850, 0, -52, 0, 0, 0, 0, 0, 25, 0, -9255], [7, 0, 2, 43, -1310, 0, -45, 0, 0, 6, 0, 0, 28, 0, -10637], [55, 0, 1, 63, 802, 0, -27, 0, 0, 1, 0, 0, 3, 0, -299], [2, 0, 1, 201, 898, 0, 16, 0, 0, 0, 0, 0, 2, 0, -5702], [33, 0, 1, -305, -2753, 0, 14, 0, -4, -2, 0, 0, 29, 0, -5994], [19, 0, 1, 1149, 995, 0, 18, 0, 0, 2, 0, 0, 0, 0, 1580], [115, 0, 3, 3105, 4254, 0, 96, 0, 0, 0, 0, 0, 7, 0, 2499], [51, 0, 1, -528, -144, 0, 10, 0, 0, 0, 0, 0, 13, 0, -3859], [498, 0, 2, -1366, -3090, 0, 0, 0, 0, -4, 0, 0, 40, 0, -19108], [103, 0, 1, 463, 341, 0, 9, 0, 0, 1, 0, 0, 2, 0, 2614], [22, 0, 1, 1054, 158, 0, 11, 0, 0, 0, 0, 0, 5, 0, 442], [107, 0, 2, 1579, 3502, 0, 40, 0, 0, 4, 0, 0, -4, 0, -4022], [102, 0, 2, 649, -438, 0, 10, 0, 4, -1, 0, 0, 29, 0, -5217], [223, 0, 1, -554, -1437, 0, -19, 0, 0, -2, 0, 0, 19, 0, -4554], [142, 0, 1, -1747, -3214, 0, -7, 0, -4, -1, 0, 0, 23, 0, -11990], [4, 0, 3, -4253, -6867, 0, -74, 0, 0, -6, 0, 0, 87, 0, -9068], [236, 1, 4, 4226, 5650, 0, 73, 0, 3, 2, 0, 0, -3, 0, 6438], [98, 4, 16, -3759, -15244, 0, -384, 0, -24, -3, 0, 0, 299, 0, -42221], [518, 1, 4, -3353, -3621, 0, -31, 0, 4, -5, 0, 0, 69, 0, -3904], [266, 5, 19, 6005, 948, 0, 202, 0, -9, 12, 0, 0, 192, 0, -26673], [54, 5, 16, 3455, -3874, 0, -188, 0, -4, 4, 0, 0, 204, 0, -34837], [50, 1, 3, 716, -3205, 0, -15, 0, 0, -2, 0, 0, 46, 0, -7107], [36, 1, 3, 2812, 804, 0, 7, 0, 0, 3, 0, 0, 26, 0, -5436], [84, 6, 18, 2728, 1630, 0, 24, 0, -4, 1, 0, 0, 161, 0, -3051], [245, 1, 3, 1835, 854, 0, 16, 0, -2, 8, 0, 0, 34, 0, 1232], [31, 2, 6, 2206, 141, 0, 56, 0, 8, -1, 0, 0, 53, 0, -4026], [39, 7, 20, 17717, 21574, 0, 563, 0, 6, 24, 0, 0, 38, 0, 17908], [92, 8, 19, 3665, -7260, 0, 45, 0, 31, 3, 0, 0, 258, 0, -39393], [14, 3, 7, 2787, 1453, 0, 16, 0, 4, 4, 0, 0, 61, 0, -8893], [164, 6, 13, 260, -2497, 0, -98, 0, -12, 6, 0, 0, 146, 0, -18584], [24, 8, 17, 7131, 2925, 0, -32, 0, 1, 12, 0, 0, 172, 0, 8539], [10, 21, 43, 12108, 13082, 0, 133, 0, 9, 16, 0, 0, 357, 0, -6466], [83, 1, 2, -32, -1758, 0, 6, 0, 4, -1, 0, 0, 33, 0, -3544], [68, 5, 10, 9873, 5732, 0, -15, 0, 0, 21, 0, 0, 53, 0, 6813], [122, 18, 36, 8564, 2457, 0, 140, 0, 4, 22, 0, 0, 345, 0, -8985], [8, 12, 24, 8128, 2794, 0, 199, 0, -1, -1, 0, 0, 230, 0, -12417], [32, 1, 2, 1566, 259, 0, -36, 0, 0, 0, 0, 0, 14, 0, 7027], [69, 1, 2, 3551, 2416, 0, 70, 0, 0, 5, 0, 0, 0, 0, -772], [74, 4, 8, 4310, 6058, 0, 155, 0, -4, 8, 0, 0, 40, 0, 14681], [57, 1, 2, -1401, -2035, 0, -58, 0, 0, -3, 0, 0, 43, 0, 4112], [101, 1, 2, -550, -955, 0, 32, 0, -4, 0, 0, 0, 20, 0, -1092], [90, 2, 4, -1923, -4475, 0, -8, 0, 0, -6, 0, 0, 76, 0, -10127], [38, 1, 2, -50, -1206, 0, -12, 0, 0, 3, 0, 0, 30, 0, -3749], [58, 14, 27, 15586, 19520, 0, 243, 0, 34, 32, 0, 0, 98, 0, 31480], [67, 10, 19, 11055, 12346, 0, 106, 0, -5, 11, 0, 0, 108, 0, 28437], [86, 22, 41, 4678, -10475, 0, -73, 0, 0, 13, 0, 0, 521, 0, -3299], [23, 6, 11, 2277, -775, 0, 0, 0, 3, 2, 0, 0, 122, 0, -3720], [27, 5, 9, 3918, -2866, 0, 29, 0, -4, 1, 0, 0, 136, 0, -8101], [420, 8, 14, 10637, 5696, 0, 258, 0, -12, 4, 0, 0, 102, 0, 12504], [240, 8, 14, 10410, 14705, 0, 28, 0, 8, 16, 0, 0, 31, 0, 28120], [82, 11, 19, 2734, -2576, 0, -23, 0, 9, 11, 0, 0, 209, 0, -15454], [133, 7, 12, 9952, 9007, 0, 26, 0, -4, 18, 0, 0, 58, 0, 29901], [85, 6, 10, 4177, 1099, 0, -51, 0, 0, 4, 0, 0, 90, 0, -3418], [126, 9, 15, 5079, 4811, 0, 45, 0, 0, 6, 0, 0, 131, 0, 38675], [18, 5, 8, 6419, 10947, 0, 174, 0, 10, 14, 0, 0, -1, 0, 25592], [41, 17, 27, 7126, 4447, 0, -10, 0, -24, 2, 0, 0, 232, 0, 6058], [17, 12, 19, 3823, -1285, 0, 78, 0, -3, 1, 0, 0, 221, 0, 17570], [114, 12, 19, 8465, 4953, 0, 46, 0, 14, 5, 0, 0, 179, 0, 44443], [13, 19, 30, 455, -7697, 0, 80, 0, 14, -6, 0, 0, 346, 0, 2068], [6, 7, 11, 4735, 1883, 0, -37, 0, -2, 19, 0, 0, 106, 0, 15677], [150, 9, 14, 9976, 6144, 0, 65, 0, 2, 15, 0, 0, 85, 0, 11125], [78, 4, 6, 7504, 3797, 0, 23, 0, 4, 14, 0, 0, 20, 0, 18690], [35, 2, 3, -456, -1810, 0, 8, 0, -4, -2, 0, 0, 50, 0, 144], [112, 3, 4, 1352, -442, 0, -19, 0, 0, 0, 0, 0, 54, 0, 530], [127, 3, 4, -78, -560, 0, 15, 0, 0, -2,