{"primary_winrate_percent": 50.639423950572414, "matchups_top": 50.639423950572414, "matchups_jungle": 41.49659863945578, "matchups_mid": 49.95361781076067, "matchups_adc": 42.74193548387097, "matchups_support": 38.46153846153847, "roles": [4, 5, 1, 2, 3]}