{"primary_winrate_percent": 50.56389989594392, "winrate_top": 50.56389989594392, "winrate_jungle": 40.38461538461539, "winrate_mid": 50.021561017680035, "winrate_adc": 42.69230769230769, "winrate_support": 37.32394366197183, "roles": [4, 5, 1, 2, 3], "matchups_top": [[67, 883, 1589], [133, 608, 1102], [74, 359, 658], [17, 1253, 2358], [10, 2726, 5136], [83, 668, 1264], [6, 816, 1556], [57, 431, 822], [516, 843, 1624], [24, 1871, 3658], [23, 1018, 1995], [420, 893, 1757], [85, 858, 1697], [54, 897, 1775], [27, 378, 749], [98, 1009, 2004], [240, 988, 1975], [36, 295, 590], [92, 2169, 4352], [82, 1903, 3830]], "matchups_jungle": [[102, 4, 4], [80, 1, 1], [131, 1, 1], [31, 2, 2], [5, 2, 2], [14, 1, 1], [106, 3, 3], [2, 1, 1], [62, 2, 2], [104, 4, 5], [141, 7, 9], [19, 3, 4], [121, 9, 12], [120, 5, 7], [254, 5, 7], [56, 2, 3], [20, 2, 3], [35, 3, 5], [64, 9, 15], [154, 5, 9]], "matchups_mid": [[101, 15, 21], [54, 10, 15], [31, 11, 17], [58, 25, 39], [55, 48, 75], [61, 19, 32], [91, 39, 66], [517, 13, 22], [13, 37, 63], [142, 12, 21], [112, 16, 29], [127, 14, 26], [69, 8, 15], [1, 8, 15], [7, 17, 32], [3, 18, 35], [245, 24, 47], [8, 31, 61], [92, 7, 14], [80, 32, 64]], "matchups_adc": [[29, 2, 2], [119, 6, 6], [22, 18, 22], [15, 4, 5], [222, 10, 13], [157, 6, 8], [51, 16, 23], [164, 2, 3], [67, 9, 15], [18, 4, 7], [202, 8, 15], [498, 10, 19], [110, 2, 4], [236, 11, 22], [21, 5, 12], [145, 20, 48], [81, 9, 22], [58, 0, 2], [350, 0, 2]], "matchups_support": [[3, 1, 1], [33, 1, 1], [34, 1, 1], [40, 1, 1], [48, 1, 1], [54, 1, 1], [143, 2, 2], [350, 4, 4], [25, 8, 10], [267, 7, 9], [89, 9, 13], [53, 8, 12], [99, 2, 3], [497, 6, 9], [111, 9, 15], [555, 3, 5], [16, 5, 9], [412, 10, 18], [43, 1, 2], [44, 1, 2]]}