{"primary_winrate_percent": 0.5063942395057242, "matchups_top": 0.5063942395057242, "matchups_jungle": 0.41496598639455784, "matchups_mid": 0.4995361781076067, "matchups_adc": 0.4274193548387097, "matchups_support": 0.38461538461538464, "roles": [4, 5, 1, 2, 3]}