{"primary_winrate_percent": 52.71934197407777, "winrate_top": 50.150150150150154, "winrate_jungle": 45.80658964484382, "winrate_mid": 52.71934197407777, "winrate_adc": 50.0, "winrate_support": 39.58333333333333, "roles": [5, 1, 4, 2, 3], "matchups_top": [[83, 12, 18], [27, 7, 11], [236, 8, 13], [80, 30, 49], [92, 47, 77], [17, 36, 61], [164, 31, 53], [75, 18, 31], [114, 47, 82], [86, 44, 79], [266, 30, 54], [107, 6, 11], [6, 12, 22], [31, 13, 24], [157, 29, 54], [133, 8, 15], [68, 10, 19], [24, 31, 59], [122, 44, 84], [84, 36, 70]], "matchups_jungle": [[28, 87, 134], [77, 27, 42], [19, 71, 111], [421, 42, 66], [20, 49, 77], [154, 66, 109], [11, 112, 185], [106, 23, 38], [5, 47, 79], [36, 44, 74], [32, 51, 86], [29, 23, 39], [2, 42, 72], [254, 88, 152], [24, 56, 97], [60, 94, 163], [9, 19, 33], [59, 127, 229], [54, 53, 96], [245, 147, 267]], "matchups_mid": [[31, 123, 211], [74, 149, 270], [245, 525, 988], [69, 272, 531], [127, 321, 630], [82, 151, 298], [103, 987, 1949], [3, 291, 579], [268, 118, 236], [38, 680, 1386], [55, 871, 1785], [518, 233, 478], [112, 296, 608], [101, 214, 441], [90, 434, 896], [10, 194, 401], [105, 711, 1472], [142, 347, 727], [115, 120, 252], [157, 1259, 2644]], "matchups_adc": [[45, 2, 2], [96, 1, 1], [115, 1, 1], [157, 1, 1], [161, 1, 1], [516, 1, 1], [22, 4, 6], [222, 2, 3], [81, 5, 8], [236, 5, 8], [498, 3, 5], [21, 1, 2], [67, 3, 6], [429, 1, 2], [202, 2, 5], [18, 1, 3], [145, 3, 9], [51, 1, 5], [119, 1, 5], [15, 0, 1]], "matchups_support": [[37, 1, 1], [40, 1, 1], [53, 3, 3], [63, 3, 3], [80, 1, 1], [99, 2, 2], [117, 1, 1], [161, 1, 1], [111, 4, 5], [89, 3, 4], [412, 3, 4], [25, 3, 6], [267, 2, 5], [555, 1, 3], [9, 0, 1], [27, 0, 1], [44, 0, 1], [50, 0, 1], [350, 0, 2], [432, 0, 2]]}