{"primary_winrate_percent": 52.652917804146284, "matchups_top": 49.809264305177116, "matchups_jungle": 45.77562326869806, "matchups_mid": 52.652917804146284, "matchups_adc": 50.0, "matchups_support": 38.297872340425535, "roles": [5, 1, 4, 2, 3]}