{"primary_winrate_percent": 0.5265291780414628, "matchups_top": 0.49809264305177114, "matchups_jungle": 0.4577562326869806, "matchups_mid": 0.5265291780414628, "matchups_adc": 0.5, "matchups_support": 0.3829787234042553, "roles": [5, 1, 4, 2, 3]}