{"primary_winrate_percent": 0.5214723926380368, "matchups_top": 0.5016752694014308, "matchups_jungle": 0.5214723926380368, "matchups_mid": 0.47038327526132406, "matchups_adc": 0.40298507462686567, "matchups_support": 0.40816326530612246, "roles": [1, 4, 2, 5, 3]}