{"primary_winrate_percent": 52.14723926380368, "matchups_top": 50.167526940143084, "matchups_jungle": 52.14723926380368, "matchups_mid": 47.038327526132406, "matchups_adc": 40.298507462686565, "matchups_support": 40.816326530612244, "roles": [1, 4, 2, 5, 3]}