{"primary_winrate_percent": 52.14439010660381, "winrate_top": 50.06682258603408, "winrate_jungle": 52.14439010660381, "winrate_mid": 47.712418300653596, "winrate_adc": 40.845070422535215, "winrate_support": 40.0, "roles": [1, 4, 2, 5, 3], "matchups_top": [[106, 38, 60], [78, 64, 109], [67, 95, 167], [83, 59, 107], [92, 209, 382], [157, 125, 229], [86, 344, 643], [164, 131, 247], [27, 53, 101], [10, 361, 696], [420, 98, 189], [98, 120, 232], [14, 53, 103], [31, 87, 170], [240, 122, 240], [80, 135, 268], [75, 129, 257], [114, 261, 520], [24, 184, 367], [122, 301, 601]], "matchups_jungle": [[11, 606, 1115], [203, 210, 392], [20, 258, 482], [102, 174, 332], [5, 242, 471], [254, 377, 739], [427, 79, 156], [141, 842, 1668], [245, 936, 1858], [154, 535, 1064], [2, 261, 520], [48, 76, 152], [121, 836, 1674], [35, 441, 897], [104, 275, 560], [56, 307, 626], [107, 280, 577], [59, 629, 1310], [29, 100, 210], [28, 354, 747]], "matchups_mid": [[23, 2, 2], [114, 2, 2], [18, 3, 3], [74, 2, 2], [202, 2, 2], [34, 2, 2], [134, 4, 5], [54, 4, 5], [142, 6, 8], [63, 3, 4], [103, 7, 10], [86, 2, 3], [7, 7, 11], [38, 5, 8], [157, 18, 29], [84, 6, 10], [238, 13, 22], [13, 5, 9], [55, 7, 13], [131, 5, 10]], "matchups_adc": [[110, 1, 1], [222, 2, 2], [429, 1, 1], [81, 6, 7], [236, 3, 4], [22, 5, 7], [498, 2, 3], [51, 6, 10], [145, 6, 11], [21, 1, 2], [67, 6, 12], [119, 2, 4], [18, 1, 3], [42, 0, 1], [202, 0, 3]], "matchups_support": [[1, 2, 2], [26, 2, 2], [267, 10, 11], [43, 3, 4], [432, 3, 4], [111, 24, 33], [12, 2, 3], [40, 4, 6], [117, 8, 12], [89, 8, 12], [35, 2, 3], [161, 2, 3], [555, 5, 8], [25, 5, 8], [350, 3, 5], [412, 14, 25], [16, 1, 2], [37, 4, 8], [497, 5, 11], [53, 5, 12]]}