{"primary_winrate_percent": 50.472023559108116, "winrate_top": 50.407978241160464, "winrate_jungle": 30.909090909090907, "winrate_mid": 44.51718494271686, "winrate_adc": 50.472023559108116, "winrate_support": 3.4482758620689653, "roles": [3, 4, 5, 1, 2], "matchups_top": [[6, 12, 16], [27, 8, 12], [74, 4, 6], [78, 4, 6], [516, 7, 11], [31, 12, 19], [236, 5, 8], [75, 13, 21], [164, 13, 21], [54, 15, 25], [98, 18, 30], [157, 15, 26], [107, 4, 7], [57, 4, 7], [14, 5, 9], [240, 11, 20], [24, 17, 31], [41, 15, 28], [126, 8, 15], [10, 38, 72]], "matchups_jungle": [[11, 2, 2], [14, 1, 1], [20, 1, 1], [28, 1, 1], [33, 1, 1], [35, 1, 1], [36, 2, 2], [56, 1, 1], [59, 3, 3], [60, 2, 2], [72, 1, 1], [113, 1, 1], [120, 1, 1], [121, 4, 5], [64, 7, 10], [141, 5, 8], [104, 1, 2], [245, 3, 6], [9, 0, 1], [54, 0, 2]], "matchups_mid": [[245, 9, 11], [90, 4, 5], [268, 4, 5], [8, 16, 22], [61, 12, 17], [55, 20, 29], [7, 15, 22], [103, 13, 20], [238, 23, 36], [134, 7, 11], [39, 5, 8], [112, 6, 10], [18, 6, 10], [74, 3, 5], [69, 3, 5], [1, 6, 10], [13, 18, 30], [161, 6, 10], [246, 14, 24], [10, 4, 7]], "matchups_adc": [[45, 173, 316], [22, 2822, 5337], [51, 3431, 6515], [222, 2082, 4020], [21, 966, 1877], [96, 282, 548], [157, 234, 459], [29, 310, 613], [202, 2089, 4186], [67, 1909, 3858], [236, 2365, 4844], [145, 4673, 9668], [498, 2655, 5494], [110, 476, 989], [15, 413, 859], [18, 1055, 2226], [81, 2651, 5859]], "matchups_support": [[16, 1, 1], [22, 1, 1], [25, 3, 3], [40, 5, 5], [43, 2, 2], [50, 1, 1], [53, 1, 1], [63, 1, 1], [89, 1, 1], [101, 2, 2], [111, 2, 2], [117, 2, 2], [412, 4, 4], [497, 1, 1], [267, 1, 2]]}