{"primary_winrate_percent": 0.5047403244811022, "matchups_top": 0.5034213098729228, "matchups_jungle": 0.3076923076923077, "matchups_mid": 0.45342706502636204, "matchups_adc": 0.5047403244811022, "matchups_support": 0.038461538461538464, "roles": [3, 4, 5, 1, 2]}