{"primary_winrate_percent": 50.474032448110215, "matchups_top": 50.34213098729228, "matchups_jungle": 30.76923076923077, "matchups_mid": 45.342706502636204, "matchups_adc": 50.474032448110215, "matchups_support": 3.8461538461538463, "roles": [3, 4, 5, 1, 2]}