{"primary_winrate_percent": 52.10640453632437, "winrate_top": 48.54874041621029, "winrate_jungle": 52.10640453632437, "winrate_mid": 51.82261434873462, "winrate_adc": 48.25174825174825, "winrate_support": 37.03703703703704, "roles": [1, 5, 4, 2, 3], "matchups_top": [[518, 16, 20], [80, 45, 67], [164, 55, 84], [114, 88, 138], [74, 26, 43], [23, 43, 72], [92, 75, 131], [83, 19, 35], [107, 13, 24], [36, 13, 24], [24, 72, 135], [240, 32, 60], [82, 80, 151], [85, 27, 51], [84, 51, 98], [8, 74, 143], [57, 16, 31], [266, 38, 74], [68, 20, 39], [133, 22, 43]], "matchups_jungle": [[121, 3902, 7558], [19, 1173, 2311], [35, 1839, 3636], [24, 1058, 2112], [11, 2037, 4092], [154, 1696, 3417], [36, 913, 1847], [427, 337, 683], [29, 433, 879], [102, 616, 1253], [56, 1323, 2695], [120, 1867, 3820], [5, 899, 1840], [141, 3411, 6986], [59, 2794, 5725], [76, 1115, 2285], [20, 911, 1871], [107, 1225, 2523], [104, 1122, 2321], [254, 1556, 3223]], "matchups_mid": [[136, 122, 218], [69, 295, 561], [115, 160, 305], [1, 397, 768], [74, 151, 294], [127, 279, 546], [38, 626, 1227], [103, 1031, 2062], [4, 624, 1254], [91, 465, 936], [54, 121, 244], [55, 787, 1588], [10, 217, 439], [161, 290, 592], [105, 805, 1645], [34, 224, 458], [99, 618, 1270], [13, 839, 1729], [3, 246, 508], [90, 487, 1010]], "matchups_adc": [[26, 1, 1], [30, 1, 1], [164, 1, 1], [429, 1, 1], [21, 4, 5], [236, 6, 8], [498, 5, 7], [202, 5, 8], [145, 17, 28], [51, 8, 15], [22, 9, 17], [18, 2, 4], [29, 1, 2], [81, 6, 14], [67, 3, 8], [96, 1, 3], [110, 1, 3], [119, 2, 6], [63, 0, 1], [82, 0, 1]], "matchups_support": [[21, 1, 1], [432, 1, 1], [3, 1, 1], [35, 3, 3], [37, 2, 2], [98, 2, 2], [17, 1, 1], [78, 1, 1], [154, 1, 1], [25, 11, 12], [53, 7, 8], [111, 9, 11], [99, 4, 5], [9, 3, 4], [26, 3, 4], [63, 3, 4], [117, 8, 11], [40, 6, 9], [412, 13, 20], [89, 8, 13]]}