{"primary_winrate_percent": 52.07151569124736, "matchups_top": 48.730064973419964, "matchups_jungle": 52.07151569124736, "matchups_mid": 51.88002115496009, "matchups_adc": 47.76119402985074, "matchups_support": 37.42690058479532, "roles": [1, 5, 4, 2, 3]}