{"primary_winrate_percent": 0.5207151569124736, "matchups_top": 0.4873006497341996, "matchups_jungle": 0.5207151569124736, "matchups_mid": 0.5188002115496009, "matchups_adc": 0.47761194029850745, "matchups_support": 0.3742690058479532, "roles": [1, 5, 4, 2, 3]}