{"primary_winrate_percent": 49.46587496400313, "matchups_top": 38.37837837837838, "matchups_jungle": 49.46587496400313, "matchups_mid": 54.621848739495796, "matchups_adc": 75.0, "matchups_support": 39.67391304347826, "roles": [1, 4, 2, 5, 3]}