{"primary_winrate_percent": 0.49465874964003126, "matchups_top": 0.3837837837837838, "matchups_jungle": 0.49465874964003126, "matchups_mid": 0.5462184873949579, "matchups_adc": 0.75, "matchups_support": 0.3967391304347826, "roles": [1, 4, 2, 5, 3]}