{"primary_winrate_percent": 49.40298693683015, "lane_winrates": {"1": 49.40298693683015, "2": 40.476190476190474, "3": 75.0, "4": 40.55299539170507, "5": 52.67175572519084}, "roles": [1, 4, 2, 5, 3], "matchups": {"1": [[429, 0, 1, -927, -1628, 0, 11, 0, -26, -5, 0, 0, 22, 0, -8879], [39, 0, 5, -2034, -3660, 0, -7, 0, 26, -10, 0, 0, 75, 0, -15994], [34, 0, 1, -3307, -4157, 0, 3, 0, -51, -5, 0, 0, 37, 0, -8641], [99, 0, 3, -5826, -5169, 0, 0, 0, -120, -3, 0, 0, 77, 0, -4443], [7, 0, 2, -2512, -1779, 0, 5, 0, -47, 0, 0, 0, 39, 0, -5919], [85, 0, 1, -1725, -2232, 0, 0, 0, -21, -1, 0, 0, 29, 0, -2303], [69, 0, 1, -1158, -1012, 0, -18, 0, 8, -1, 0, 0, 17, 0, -6707], [267, 0, 2, -2756, -4559, 0, -6, 0, -39, -3, 0, 0, 43, 0, -21247], [84, 0, 4, -5789, -7665, 0, -6, 0, -65, -5, 0, 0, 84, 0, -31968], [222, 0, 1, -501, -907, 0, -2, 0, -17, 2, 0, 0, 20, 0, -7367], [119, 0, 1, -1773, -1940, 0, -13, 0, 12, 0, 0, 0, 18, 0, -8412], [45, 0, 2, -2496, -4045, 0, 27, 0, -52, -1, 0, 0, 42, 0, -18255], [55, 0, 1, -2034, -2155, 0, -3, 0, -24, -2, 0, 0, 35, 0, -186], [432, 0, 1, -2608, -3218, 0, 7, 0, -64, -3, 0, 0, 30, 0, -9740], [74, 0, 2, -5239, -4534, 0, -10, 0, -56, 0, 0, 0, 40, 0, -16932], [115, 0, 1, -1618, -2132, 0, -1, 0, -21, 0, 0, 0, 28, 0, -1032], [101, 0, 2, -4332, -2901, 0, 15, 0, -81, 0, 0, 0, 37, 0, -12383], [103, 0, 1, -2899, -3073, 0, -13, 0, -4, -2, 0, 0, 33, 0, -5204], [22, 0, 1, -1352, -1645, 0, -6, 0, -7, -1, 0, 0, 20, 0, -9381], [134, 0, 1, 0, 0, 0, 0, 0, 0, 0, 0, 0, 0, 0, 0], [112, 0, 1, -2021, -1560, 0, 2, 0, -29, 1, 0, 0, 21, 0, -6405], [127, 0, 1, 1024, 938, 0, 18, 0, 2, 0, 0, 0, 5, 0, -10949], [110, 0, 1, -794, -627, 0, -5, 0, 2, 0, 0, 0, 13, 0, 1157], [12, 0, 1, -1990, -2283, 0, -19, 0, -6, -2, 0, 0, 27, 0, -6001], [236, 1, 10, -5279, -5356, 0, 11, 0, -35, -11, 0, 0, 109, 0, -28640], [89, 2, 10, -5057, -4974, 0, -24, 0, -32, 1, 0, 0, 129, 0, -25938], [223, 1, 5, -2766, -5429, 0, 1, 0, -13, -3, 0, 0, 91, 0, -19256], [1, 3, 12, -10302, -11211, 0, -5, 0, -254, -6, 0, 0, 198, 0, -20914], [350, 1, 4, -5017, -7535, 0, -7, 0, -149, 0, 0, 0, 86, 0, -27207], [18, 6, 24, -10445, -9170, 0, 17, 0, -15, -6, 0, 0, 320, 0, -29877], [6, 8, 28, 10334, 8305, 0, 143, 0, 197, -1, 0, 0, 167, 0, -47490], [105, 10, 34, -25617, -26201, 0, 51, 0, -316, -8, 0, 0, 471, 0, -136277], [555, 3, 10, -10051, -7300, 0, -11, 0, -216, -2, 0, 0, 178, 0, -10757], [516, 6, 20, -3231, -11101, 0, 95, 0, -69, -2, 0, 0, 273, 0, -54221], [75, 10, 32, -9849, -11939, 0, 72, 0, -38, -10, 0, 0, 359, 0, -83637], [3, 4, 12, -5817, -12349, 0, 11, 0, -13, -6, 0, 0, 214, 0, -21338], [43, 1, 3, 83, -1149, 0, 1, 0, 23, -2, 0, 0, 40, 0, -3186], [114, 2, 6, -4601, -2449, 0, 9, 0, -88, -2, 0, 0, 63, 0, -26229], [96, 1, 3, -530, -2372, 0, -12, 0, 24, -2, 0, 0, 47, 0, -7733], [38, 2, 6, -1412, -2028, 0, 69, 0, -87, -4, 0, 0, 69, 0, -27052], [517, 112, 309, -19400, -41536, 0, 647, 0, -37, -43, 0, 0, 3282, 0, -389263], [136, 4, 11, 2183, -2696, 0, 91, 0, 55, 2, 0, 0, 125, 0, -46581], [10, 4, 11, 138, -5110, 0, 63, 0, 22, -8, 0, 0, 150, 0, -26201], [86, 28, 74, 7930, -24216, 0, 268, 0, 378, -15, 0, 0, 891, 0, -142900], [145, 26, 68, 8377, 1429, 0, 198, 0, 318, -20, 0, 0, 674, 0, -70248], [23, 18, 47, -4544, -17510, 0, 116, 0, 370, -25, 0, 0, 586, 0, -107856], [266, 61, 158, 70199, 31949, 0, 323, 0, 1492, -19, 0, 0, 1209, 0, -109403], [157, 6, 15, 1466, 500, 0, 60, 0, 145, -8, 0, 0, 158, 0, -7651], [53, 2, 5, -5997, -5240, 0, 1, 0, -54, 1, 0, 0, 97, 0, -12278], [133, 11, 27, -1359, -6554, 0, 108, 0, -183, -5, 0, 0, 328, 0, -26131], [92, 26, 63, 7997, 4626, 0, 205, 0, 361, 11, 0, 0, 584, 0, -61526], [246, 192, 465, -56495, -51783, 0, 415, 0, -1242, -11, 0, 0, 4879, 0, -523678], [131, 69, 167, 34685, -14029, 0, 463, 0, 957, -26, 0, 0, 1708, 0, -214211], [68, 28, 65, 7583, 8797, 0, 356, 0, 120, -6, 0, 0, 541, 0, -71367], [48, 84, 189, 29349, 35667, 0, 479, 0, 1164, -17, 0, 0, 1638, 0, -80110], [44, 4, 9, -1983, -4693, 0, -26, 0, 8, -3, 0, 0, 135, 0, -3383], [98, 13, 29, 14999, 4362, 0, 46, 0, 320, -10, 0, 0, 308, 0, 30520], [67, 9, 20, -1536, -4991, 0, 44, 0, -34, -6, 0, 0, 252, 0, -24130], [79, 1041, 2262, 33694, -454644, 0, 1298, 0, 4544, -302, 0, 0, 26125, 0, -1175854], [82, 32, 69, 9789, 4558, 0, 191, 0, 342, -3, 0, 0, 581, 0, -106453], [77, 302, 642, 205258, 152255, 0, 382, 0, 8203, -10, 0, 0, 5037, 0, -265742], [25, 8, 17, -5679, -7838, 0, 61, 0, -166, -3, 0, 0, 234, 0, -19701], [80, 446, 935, 142136, 245687, 0, 1329, 0, 300, -45, 0, 0, 7518, 0, 417370], [29, 252, 527, -7975, 47375, 0, 1608, 0, -3308, -105, 0, 0, 4951, 0, -218433], [28, 969, 2011, 653062, 176178, 0, -2517, 0, 14560, -77, 0, 0, 18228, 0, -1176077], [421, 674, 1396, 425233, 459278, 0, 716, 0, 7087, -13, 0, 0, 10147, 0, 213329], [64, 6273, 12980, 2457555, 2978766, 0, 11065, 0, 56270, 51, 0, 0, 105133, 0, -894312], [163, 433, 879, 191388, 66150, 0, 2582, 0, 2044, -170, 0, 0, 7840, 0, -147743], [62, 160, 324, -27527, -51078, 0, 738, 0, -243, 4, 0, 0, 3515, 0, -400523], [54, 538, 1089, -47342, -223153, 0, 535, 0, 1725, -97, 0, 0, 12420, 0, -1121218], [113, 272, 550, -38939, -124886, 0, 490, 0, 708, -134, 0, 0, 6439, 0, -267092], [33, 451, 911, -155703, -318116, 0, 407, 0, -2577, -313, 0, 0, 11633, 0, -695679], [2, 796, 1607, 834519, 867386, 0, 4986, 0, 19836, 295, 0, 0, 8898, 0, 13259], [76, 946, 1900, 1100270, 844603, 0, 2335, 0, 25979, 122, 0, 0, 12206, 0, 369169], [104, 833, 1673, 804093, 649887, 0, 9712, 0, 17219, -40, 0, 0, 11300, 0, -208180], [11, 1248, 2499, 767779, 651268, 0, 5320, 0, 24963, -278, 0, 0, 19069, 0, -1735662], [164, 120, 240, -76783, -48450, 0, -101, 0, -1446, -12, 0, 0, 2681, 0, -149305], [26, 1, 2, -91, -2114, 0, 9, 0, -45, 0, 0, 0, 44, 0, -4381], [238, 3, 6, 549, -840, 0, -34, 0, 66, -4, 0, 0, 78, 0, -23014], [17, 14, 28, -1186, -5769, 0, 75, 0, 75, 4, 0, 0, 315, 0, -47048], [122, 3, 6, -1708, -3408, 0, 27, 0, 9, -2, 0, 0, 90, 0, -8852], [13, 4, 8, -1392, -2968, 0, 39, 0, 8, -6, 0, 0, 118, 0, -13077], [91, 5, 10, 783, -6438, 0, 54, 0, 5, -5, 0, 0, 158, 0, -3979], [58, 2, 4, 1514, 2278, 0, 15, 0, 1, 0, 0, 0, 14, 0, 4719], [16, 1, 2, -1995, -2737, 0, 4, 0, -42, 0, 0, 0, 34, 0, -15971], [59, 2137, 4260, 498897, 722241, 0, 5219, 0, 10867, 75, 0, 0, 36639, 0, 567844], [203, 482, 958, 124293, 127026, 0, 1179, 0, 5607, -214, 0, 0, 8423, 0, -335815], [72, 156, 310, 84125, 3235, 0, 293, 0, 3048, -18, 0, 0, 3133, 0, -159736], [121, 2711, 5384, 1072148, 802997, 0, -954, 0, 33717, 865, 0, 0, 45974, 0, -2197588], [107, 819, 1610, 793229, 726637, 0, 4237, 0, 16017, 430, 0, 0, 9735, 0, 46465], [24, 586, 1149, 212058, 95916, 0, 969, 0, 8536, -22, 0, 0, 10511, 0, -334166], [9, 306, 597, 83741, -9130, 0, 1986, 0, 1421, -21, 0, 0, 6126, 0, -232332], [5, 747, 1445, 256565, 344495, 0, 1250, 0, 5942, 113, 0, 0, 11740, 0, 345299], [141, 2197, 4248, 1032572, 699856, 0, 6846, 0, 30292, -359, 0, 0, 35998, 0, -2013630], [78, 118, 227, 6268, 3872, 0, 350, 0, -62, 18, 0, 0, 2228, 0, -1598], [32, 560, 1074, 128467, -154639, 0, 852, 0, 5730, -277, 0, 0, 11912, 0, -811456], [31, 48, 92, 15205, -9832, 0, 240, 0, 316, -28, 0, 0, 936, 0, -119745], [102, 466, 886, 442512, 189516, 0, 3042, 0, 11839, 59, 0, 0, 6823, 0, -385640], [30, 677, 1287, 877429, 521079, 0, 5145, 0, 20779, -197, 0, 0, 8462, 0, -160398], [427, 242, 460, 82663, -137033, 0, -979, 0, 3039, -102, 0, 0, 5722, 0, -126865], [120, 1349, 2558, 1127745, 1234083, 0, 5820, 0, 22281, 329, 0, 0, 15628, 0, 790831], [245, 2816, 5326, 1384478, 836434, 0, 15892, 0, 20073, 296, 0, 0, 45151, 0, -1031642], [20, 697, 1316, 153914, -124900, 0, 3553, 0, 3600, -286, 0, 0, 14020, 0, -184058], [56, 917, 1731, 932985, 821349, 0, 5172, 0, 18666, 241, 0, 0, 10627, 0, 509905], [57, 73, 136, -28108, -42778, 0, 146, 0, -45, -28, 0, 0, 1692, 0, -56539], [36, 725, 1349, 735017, 448445, 0, 3986, 0, 20986, 31, 0, 0, 9276, 0, -769150], [63, 14, 26, 7796, 3313, 0, 84, 0, -57, 13, 0, 0, 229, 0, -20586], [4, 13, 24, -852, 3612, 0, 50, 0, -42, -8, 0, 0, 188, 0, -60857], [106, 317, 584, 82470, 80681, 0, 1287, 0, 1265, 132, 0,