{"primary_winrate_percent": 49.46770051609364, "winrate_top": 39.285714285714285, "winrate_jungle": 49.46770051609364, "winrate_mid": 51.96850393700787, "winrate_adc": 75.0, "winrate_support": 39.90147783251231, "roles": [1, 4, 2, 5, 3], "matchups_top": [[223, 1, 1], [117, 1, 1], [54, 2, 2], [5, 1, 1], [14, 1, 1], [74, 1, 1], [106, 1, 1], [35, 1, 1], [69, 2, 2], [111, 1, 1], [17, 2, 2], [41, 7, 8], [266, 5, 6], [122, 13, 16], [23, 4, 5], [75, 4, 5], [157, 6, 8], [10, 6, 8], [82, 6, 8], [150, 3, 4]], "matchups_jungle": [[154, 1437, 2515], [35, 1269, 2295], [19, 814, 1473], [106, 318, 582], [36, 737, 1352], [254, 1111, 2053], [20, 703, 1323], [245, 2794, 5278], [32, 567, 1077], [30, 687, 1308], [56, 910, 1733], [427, 245, 467], [102, 467, 891], [120, 1329, 2559], [141, 2219, 4287], [5, 714, 1387], [203, 498, 974], [9, 301, 590], [24, 593, 1166], [121, 2736, 5398]], "matchups_mid": [[90, 1, 1], [131, 1, 1], [117, 1, 1], [31, 1, 1], [101, 1, 1], [55, 2, 2], [3, 1, 1], [126, 1, 1], [69, 1, 1], [8, 1, 1], [105, 4, 5], [61, 5, 7], [38, 2, 3], [103, 6, 9], [84, 4, 6], [99, 2, 3], [142, 3, 5], [246, 2, 4], [18, 1, 2], [54, 1, 2]], "matchups_adc": [[110, 1, 1], [498, 1, 1], [22, 0, 1], [67, 0, 1], [145, 0, 2], [222, 0, 2]], "matchups_support": [[44, 2, 2], [63, 3, 3], [99, 8, 10], [16, 6, 8], [161, 3, 4], [26, 3, 4], [412, 20, 28], [40, 9, 13], [497, 8, 12], [53, 11, 17], [111, 9, 14], [25, 5, 8], [43, 3, 5], [350, 3, 5], [89, 5, 10], [9, 2, 4], [201, 1, 2], [267, 8, 16], [555, 5, 11], [117, 2, 5]]}