{"primary_winrate_percent": 48.8340669464633, "lane_winrates": {"1": 48.8340669464633, "2": 30.434782608695656, "3": 0.0, "4": 33.33333333333333, "5": 29.82456140350877}, "roles": [1, 5, 2, 4, 3], "matchups": {"1": [[39, 0, 2, 430, -234, 0, 1, 0, 13, -2, 0, 0, 22, 0, -11067], [26, 0, 2, -3290, -1698, 0, 42, 0, -170, 0, 0, 0, 28, 0, -4247], [161, 0, 2, -22, -1314, 0, 76, 0, -56, -2, 0, 0, 23, 0, -12120], [99, 0, 1, -859, -1638, 0, -2, 0, -7, -1, 0, 0, 24, 0, -3840], [85, 0, 1, -670, -1529, 0, 8, 0, -3, 0, 0, 0, 23, 0, -491], [69, 0, 1, 1064, 1161, 0, 66, 0, -71, -2, 0, 0, 1, 0, -4896], [126, 0, 1, 823, 2258, 0, 12, 0, -13, 1, 0, 0, -8, 0, -1571], [267, 0, 1, -1771, -2351, 0, 6, 0, -48, 0, 0, 0, 23, 0, -9721], [3, 0, 2, 95, 75, 0, 15, 0, -31, 1, 0, 0, 20, 0, 433], [222, 0, 1, 1431, -361, 0, 12, 0, 11, 0, 0, 0, 17, 0, 354], [119, 0, 1, -3210, -1447, 0, 6, 0, -34, -2, 0, 0, 19, 0, -8528], [45, 0, 1, -1115, -1588, 0, 27, 0, -48, -2, 0, 0, 22, 0, -4932], [350, 0, 2, -5139, -7527, 0, 0, 0, -152, -4, 0, 0, 69, 0, -14651], [43, 0, 1, -247, -468, 0, 3, 0, -4, -2, 0, 0, 17, 0, 1702], [412, 0, 1, -1528, -2083, 0, 0, 0, -31, -1, 0, 0, 19, 0, -13752], [555, 0, 5, -4725, 436, 0, -20, 0, -128, 0, 0, 0, 53, 0, -9517], [61, 0, 2, -175, -554, 0, 10, 0, -10, -1, 0, 0, 29, 0, -8116], [114, 0, 1, 376, -809, 0, 33, 0, -30, -1, 0, 0, 12, 0, -6470], [96, 0, 4, -3254, -3432, 0, -17, 0, 7, -10, 0, 0, 71, 0, -16079], [90, 0, 2, -818, -1663, 0, -17, 0, 25, 2, 0, 0, 44, 0, -4835], [58, 0, 2, 494, -166, 0, 85, 0, -100, 0, 0, 0, 21, 0, -8443], [134, 0, 1, -1600, -2601, 0, -4, 0, -32, -3, 0, 0, 24, 0, -8144], [53, 0, 4, -2070, -4833, 0, 57, 0, -153, -3, 0, 0, 84, 0, -12592], [25, 1, 12, -13905, -11503, 0, 24, 0, -215, -4, 0, 0, 200, 0, -29379], [89, 1, 9, -10084, -8901, 0, -3, 0, -223, -10, 0, 0, 163, 0, -20319], [13, 1, 6, -3729, -3113, 0, 28, 0, -99, -3, 0, 0, 64, 0, -19868], [22, 1, 6, -10577, -8950, 0, -7, 0, -80, -4, 0, 0, 108, 0, -23999], [12, 1, 4, -5442, -3909, 0, 6, 0, -102, -3, 0, 0, 71, 0, -12476], [81, 4, 15, -3481, -1946, 0, 46, 0, 46, 0, 0, 0, 163, 0, 133], [17, 7, 25, -12293, -17740, 0, 52, 0, -198, -19, 0, 0, 400, 0, -48308], [133, 6, 21, -191, -1038, 0, 59, 0, -105, 6, 0, 0, 191, 0, -6322], [27, 2, 7, -536, -2029, 0, 0, 0, 2, -1, 0, 0, 82, 0, -23190], [105, 2, 6, -6888, -4129, 0, -16, 0, -72, -3, 0, 0, 105, 0, -10883], [55, 1, 3, -4060, -3279, 0, -1, 0, -95, -2, 0, 0, 60, 0, -7879], [18, 6, 18, -7642, -4649, 0, 15, 0, -109, -11, 0, 0, 224, 0, -26227], [38, 1, 3, -2758, -2735, 0, 54, 0, -41, -1, 0, 0, 56, 0, -8581], [98, 10, 29, -24723, -20485, 0, 5, 0, -283, -8, 0, 0, 431, 0, -39168], [86, 16, 45, -26923, -18980, 0, 211, 0, -378, -6, 0, 0, 587, 0, -60700], [23, 15, 40, 703, 1126, 0, 128, 0, 233, -2, 0, 0, 396, 0, -34948], [145, 16, 42, -6368, 1219, 0, 288, 0, -222, -13, 0, 0, 403, 0, -22699], [131, 52, 135, 5243, -8769, 0, 765, 0, -434, -16, 0, 0, 1374, 0, -127874], [246, 132, 341, -146043, -64470, 0, 657, 0, -3062, -18, 0, 0, 3869, 0, -240504], [63, 6, 15, -6997, -917, 0, 26, 0, -78, 3, 0, 0, 160, 0, -26133], [157, 11, 27, -2917, -3120, 0, 285, 0, 40, 2, 0, 0, 304, 0, -14878], [31, 31, 72, -19050, -8467, 0, 176, 0, -61, -22, 0, 0, 773, 0, -75655], [111, 17, 39, -10595, -9698, 0, 136, 0, -328, -7, 0, 0, 483, 0, -7207], [266, 31, 71, 1119, 1851, 0, 141, 0, -28, -5, 0, 0, 705, 0, 60244], [72, 87, 198, -14899, -29081, 0, 242, 0, 268, -10, 0, 0, 2247, 0, -121861], [75, 11, 25, -27853, -22591, 0, 46, 0, -263, -5, 0, 0, 441, 0, -42527], [79, 539, 1165, -372370, -322555, 0, 1886, 0, -5719, -151, 0, 0, 14621, 0, -17620], [518, 7, 15, -5039, -7811, 0, 109, 0, -158, -1, 0, 0, 198, 0, -28816], [517, 113, 240, -100587, -44165, 0, 740, 0, -1867, 20, 0, 0, 2784, 0, -125327], [104, 455, 966, 84677, 206711, 0, 6475, 0, 2755, -66, 0, 0, 8101, 0, 244483], [203, 277, 581, -59612, 92823, 0, 1813, 0, 204, 43, 0, 0, 5174, 0, 198461], [9, 153, 319, -86620, -53011, 0, 1785, 0, -1735, -61, 0, 0, 3701, 0, -50175], [102, 228, 473, 72389, 29878, 0, 2242, 0, 3196, -76, 0, 0, 4361, 0, -96649], [80, 290, 601, -136262, 97809, 0, 1286, 0, -3640, -11, 0, 0, 5538, 0, 300848], [32, 368, 762, -154833, -192313, 0, 2114, 0, -1004, -112, 0, 0, 9217, 0, -314921], [120, 812, 1671, 28462, 430567, 0, 6167, 0, 2138, -86, 0, 0, 13363, 0, 752447], [82, 18, 37, 4808, 6972, 0, 161, 0, 48, 5, 0, 0, 344, 0, 30876], [54, 409, 840, -304008, -256420, 0, 1545, 0, -4163, -97, 0, 0, 10525, 0, -637547], [113, 181, 369, -117634, -108926, 0, 1024, 0, -1631, -61, 0, 0, 4609, 0, -102634], [33, 298, 605, -238494, -205355, 0, 1338, 0, -4686, -123, 0, 0, 7820, 0, -86632], [236, 5, 10, -5387, -2856, 0, 63, 0, -130, -7, 0, 0, 126, 0, -936], [136, 2, 4, -1096, 566, 0, 37, 0, -38, 1, 0, 0, 39, 0, -5845], [238, 1, 2, -3709, -3147, 0, 15, 0, -42, -4, 0, 0, 43, 0, -9024], [143, 1, 2, -1611, -1594, 0, 12, 0, -11, 0, 0, 0, 28, 0, -8324], [91, 2, 4, 189, 1447, 0, -4, 0, 14, 3, 0, 0, 30, 0, 5734], [103, 1, 2, -1532, -1971, 0, -5, 0, -5, -5, 0, 0, 26, 0, 1913], [2, 357, 711, 120117, 294905, 0, 3270, 0, 3565, 169, 0, 0, 4863, 0, 436877], [64, 3088, 6147, -803606, 824737, 0, 14021, 0, -19453, 454, 0, 0, 55454, 0, 2571939], [59, 1190, 2360, -383131, 222025, 0, 6577, 0, -10729, -91, 0, 0, 22426, 0, 1384572], [62, 106, 210, -75263, -36907, 0, 635, 0, -1460, -37, 0, 0, 2392, 0, -46214], [427, 145, 285, -41186, -122126, 0, -304, 0, -672, -60, 0, 0, 3940, 0, -40904], [164, 84, 164, -86095, -24361, 0, 225, 0, -1825, -27, 0, 0, 1914, 0, 8872], [141, 1466, 2851, -396666, -67967, 0, 7852, 0, -406, -458, 0, 0, 28660, 0, -1034216], [5, 449, 873, -92884, 188096, 0, 1954, 0, -1900, 162, 0, 0, 7689, 0, 593392], [77, 230, 447, 45813, 73211, 0, 1187, 0, 2578, -3, 0, 0, 3869, 0, 145101], [76, 462, 897, 191966, 302296, 0, 2197, 0, 3781, 135, 0, 0, 6829, 0, 904174], [107, 609, 1182, 286937, 444915, 0, 5191, 0, 4609, 366, 0, 0, 8074, 0, 277659], [35, 869, 1684, -342833, 157638, 0, 4365, 0, -11174, 392, 0, 0, 15981, 0, 783642], [29, 261, 502, -192054, -4774, 0, 2282, 0, -6928, -41, 0, 0, 4981, 0, 201911], [48, 57, 109, -5315, 19898, 0, 369, 0, 94, 8, 0, 0, 936, 0, 63302], [36, 394, 752, 174757, 170191, 0, 3908, 0, 5995, -20, 0, 0, 6120, 0, -82476], [60, 1060, 2021, -637162, -162391, 0, 2566, 0, -14791, 86, 0, 0, 21675, 0, 1192415], [421, 430, 814, 1502, 225835, 0, 1070, 0, -1264, 147, 0, 0, 6480, 0, 614097], [163, 168, 318, -34489, 28091, 0, 1456, 0, -2006, -23, 0, 0, 3104, 0, 246474], [30, 385, 727, 238829, 212445, 0, 4268, 0, 6119, -156, 0, 0, 5703, 0, 282618], [106, 220, 415, -76372, 14078, 0, 1468, 0, -2395, 40, 0, 0, 4044, 0, 111717], [245, 1604, 3013, -141394, 207812, 0, 12958, 0, -9199, 181, 0, 0, 28640, 0, 1071024], [92, 16, 30, -10616, -7454, 0, 56, 0, -121, -3, 0, 0, 349, 0, 11399], [121, 1899, 3560, -116619, 557762, 0, 4893, 0, 564, 1039, 0, 0, 30685, 0, 718493], [20, 427, 800, -211640, -151097, 0, 3094, 0, -4521, -88, 0, 0, 9472, 0, 260164], [154, 737, 1375, -307733, -436268, 0, 4857, 0, -12854, -74, 0, 0, 17414, 0, -78078], [56, 630, 1173, 139867, 320454, 0, 4578, 0, 3478, 52, 0, 0, 8959, 0, 809025], [11, 960, 1787, 94690, 449068, 0, 7081, 0, 5828, 48, 0, 0, 14090, 0, -273442], [254, 786, 1441, -3644, 66386, 0, 3497, 0, 3619, -106, 0, 0, 14039, 0, 354230], [24, 473, 858, -77152, 12172, 0, 1916, 0, 486, -6, 0, 0, 8551, 0, 127882], [19, 589, 1065, -31509, 290749, 0, 2678, 0, -991, 167, 0, 0, 8337, 0, 454179], [57, 49, 88, -39107, -32308, 0, 223, 0, -691, -12, 0, 0, 1130, 0, 61413], [78, 66, 117, -22197, -2794, 0, 154, 0, -172, 8, 0, 0, 1189, 0, 129096], [14, 8, 14, -2522, -40, 0, 143, 0, -39, 1, 0, 0, 130, 0, 2790], [6, 10, 17, -2152, 3392, 0, 80, 0, -76, 3, 0, 0, 129, 0, -367], [67, 11, 18, -8647, -4552, 0, 110, 0, -247, 0, 0, 0, 231, 0, 747], [4, 10, 16, 4155, 8067, 0, 156, 0, 4, -1, 0, 0, 71, 0, 25090], [68, 19, 30, 4844, 7263, 0, 193, 0, -11, -12, 0, 0, 303, 0, 54790], [122, 2, 3, -908, 1080, 0, 8, 0, 16, 2, 0, 0, 17, 0, 777], [44, 2, 3, -963, -969, 0, 29, 0, -86, 2, 0, 0, 36, 0, -984], [1, 2, 3, -5750, -4227, 0, 5, 0, -137, -1, 0, 0, 64, 0, 