{"primary_winrate_percent": 48.90006925489877, "winrate_top": 32.142857142857146, "winrate_jungle": 48.90006925489877, "winrate_mid": 29.82456140350877, "winrate_adc": 0.0, "winrate_support": 31.818181818181817, "roles": [1, 5, 2, 4, 3], "matchups_top": [[10, 1, 1], [14, 1, 1], [27, 1, 1], [31, 1, 1], [36, 1, 1], [54, 1, 1], [58, 1, 1], [67, 1, 1], [82, 1, 1], [92, 1, 1], [106, 1, 1], [122, 1, 1], [126, 1, 1], [161, 1, 1], [6, 1, 2], [8, 1, 2], [24, 1, 2], [41, 1, 2], [13, 1, 3], [23, 0, 1]], "matchups_jungle": [[24, 471, 860], [19, 577, 1057], [20, 428, 785], [254, 793, 1457], [56, 644, 1187], [30, 401, 744], [154, 743, 1387], [121, 1927, 3601], [245, 1606, 3002], [163, 172, 323], [11, 966, 1816], [421, 425, 804], [427, 150, 284], [106, 217, 414], [77, 238, 455], [36, 385, 739], [29, 258, 498], [60, 1036, 2002], [76, 459, 889], [5, 443, 860]], "matchups_mid": [[3, 3, 3], [4, 2, 2], [10, 1, 1], [13, 3, 3], [18, 1, 1], [25, 1, 1], [31, 1, 1], [38, 2, 2], [39, 1, 1], [101, 2, 2], [112, 1, 1], [127, 1, 1], [131, 3, 3], [143, 1, 1], [163, 1, 1], [245, 1, 1], [238, 4, 5], [8, 2, 3], [45, 2, 3], [134, 2, 3]], "matchups_adc": [[15, 2, 2], [67, 1, 1], [145, 1, 1], [236, 1, 1], [498, 1, 1]], "matchups_support": [[25, 2, 2], [40, 1, 1], [50, 1, 1], [53, 2, 2], [89, 1, 1], [267, 3, 3], [555, 1, 1], [412, 2, 3], [63, 1, 2], [9, 1, 3], [44, 0, 1], [117, 0, 1], [161, 0, 1]]}