{"primary_winrate_percent": 0.48825868242426906, "matchups_top": 0.36, "matchups_jungle": 0.48825868242426906, "matchups_mid": 0.3090909090909091, "matchups_adc": 0.0, "matchups_support": 0.3333333333333333, "roles": [1, 5, 2, 4, 3]}