{"primary_winrate_percent": 48.82586824242691, "matchups_top": 36.0, "matchups_jungle": 48.82586824242691, "matchups_mid": 30.909090909090907, "matchups_adc": 0.0, "matchups_support": 33.33333333333333, "roles": [1, 5, 2, 4, 3]}