{"primary_winrate_percent": 46.26958142918855, "matchups_top": 43.20601127113338, "matchups_jungle": 36.04436229205176, "matchups_mid": 44.330605360154934, "matchups_adc": 46.26958142918855, "matchups_support": 36.3079615048119, "roles": [3, 5, 4, 2, 1]}