{"primary_winrate_percent": 46.30629305998992, "winrate_top": 43.3574529667149, "winrate_jungle": 36.94915254237288, "winrate_mid": 44.253701250072005, "winrate_adc": 46.30629305998992, "winrate_support": 35.50436854646545, "roles": [3, 5, 4, 2, 1], "matchups_top": [[31, 36, 49], [74, 22, 30], [23, 41, 58], [83, 24, 35], [57, 13, 19], [14, 28, 41], [24, 56, 86], [157, 38, 59], [6, 27, 42], [75, 36, 56], [266, 52, 81], [39, 52, 81], [236, 23, 36], [68, 26, 41], [10, 128, 203], [18, 21, 34], [98, 43, 71], [114, 78, 129], [17, 77, 129], [516, 25, 42]], "matchups_jungle": [[72, 3, 3], [163, 4, 4], [517, 3, 3], [30, 9, 11], [54, 8, 10], [20, 8, 10], [154, 12, 15], [120, 11, 14], [141, 25, 32], [24, 13, 17], [203, 3, 4], [427, 3, 4], [36, 8, 11], [102, 5, 7], [33, 5, 7], [121, 17, 24], [106, 7, 10], [64, 63, 94], [28, 10, 15], [19, 12, 18]], "matchups_mid": [[1, 168, 265], [74, 72, 114], [126, 58, 92], [101, 173, 277], [161, 128, 209], [69, 151, 247], [115, 69, 113], [4, 408, 672], [131, 189, 313], [103, 505, 847], [238, 487, 819], [55, 283, 478], [90, 264, 455], [157, 578, 1003], [127, 115, 201], [105, 293, 514], [80, 112, 198], [245, 215, 381], [246, 204, 362], [45, 313, 556]], "matchups_adc": [[29, 1134, 1982], [22, 11277, 19765], [74, 552, 978], [222, 7321, 13039], [202, 6227, 11179], [157, 899, 1623], [96, 898, 1636], [119, 3203, 5847], [67, 6806, 12470], [21, 3578, 6655], [51, 11656, 21703], [18, 3565, 6684], [15, 1476, 2803], [145, 20403, 38949], [498, 10394, 19953], [236, 8864, 17232], [110, 1234, 2425]], "matchups_support": [[35, 12, 12], [101, 17, 20], [9, 14, 18], [12, 17, 22], [432, 16, 21], [89, 49, 67], [50, 16, 22], [111, 82, 114], [25, 50, 70], [99, 27, 40], [16, 26, 39], [98, 6, 9], [555, 49, 74], [267, 38, 59], [117, 34, 53], [40, 27, 43], [497, 33, 53], [53, 69, 111], [161, 8, 13], [43, 17, 28]]}