{"primary_winrate_percent": 0.4626958142918855, "matchups_top": 0.43206011271133377, "matchups_jungle": 0.36044362292051757, "matchups_mid": 0.44330605360154934, "matchups_adc": 0.4626958142918855, "matchups_support": 0.363079615048119, "roles": [3, 5, 4, 2, 1]}