{"primary_winrate_percent": 49.90133396479596, "winrate_top": 46.931407942238266, "winrate_jungle": 49.77489113587718, "winrate_mid": 51.493598862019915, "winrate_adc": 49.23076923076923, "winrate_support": 49.90133396479596, "roles": [2, 1, 5, 4, 3], "matchups_top": [[516, 5, 5], [16, 5, 5], [91, 3, 3], [6, 3, 3], [84, 4, 4], [85, 4, 4], [420, 4, 5], [157, 7, 9], [114, 7, 9], [23, 3, 4], [266, 3, 4], [150, 3, 4], [81, 3, 4], [82, 8, 11], [27, 5, 7], [236, 2, 3], [24, 6, 10], [67, 3, 5], [164, 3, 5], [41, 7, 12]], "matchups_jungle": [[5, 124, 204], [56, 206, 341], [163, 57, 98], [33, 91, 159], [106, 75, 132], [19, 180, 319], [11, 275, 492], [421, 124, 225], [245, 422, 784], [28, 177, 331], [35, 254, 482], [30, 110, 209], [36, 103, 196], [107, 166, 319], [254, 179, 344], [102, 68, 131], [154, 216, 426], [203, 75, 148], [120, 231, 457], [59, 343, 683]], "matchups_mid": [[54, 8, 10], [115, 9, 13], [91, 21, 31], [10, 8, 12], [26, 10, 15], [161, 9, 14], [245, 17, 27], [81, 5, 8], [1, 16, 26], [238, 43, 73], [13, 20, 35], [105, 29, 53], [4, 26, 48], [131, 14, 26], [90, 23, 43], [142, 12, 24], [61, 20, 40], [8, 29, 58], [157, 46, 95], [127, 11, 23]], "matchups_adc": [[82, 1, 1], [110, 1, 1], [222, 4, 4], [119, 3, 4], [22, 2, 3], [202, 4, 6], [498, 5, 8], [81, 3, 5], [15, 1, 2], [18, 1, 2], [51, 5, 11], [67, 1, 3], [145, 2, 7], [21, 0, 1], [157, 0, 2], [236, 0, 5]], "matchups_support": [[16, 394, 727], [37, 131, 243], [432, 267, 497], [63, 257, 479], [117, 669, 1256], [26, 231, 436], [89, 819, 1548], [44, 77, 148], [267, 729, 1404], [111, 935, 1803], [53, 833, 1611], [497, 703, 1360], [35, 107, 208], [54, 78, 152], [43, 312, 611], [40, 580, 1150], [99, 414, 821], [101, 162, 325], [12, 194, 390], [143, 261, 526]]}