{"primary_winrate_percent": 49.93129508759876, "matchups_top": 47.69230769230769, "matchups_jungle": 49.81714103991096, "matchups_mid": 51.146788990825684, "matchups_adc": 50.0, "matchups_support": 49.93129508759876, "roles": [2, 1, 5, 4, 3]}