{"primary_winrate_percent": 0.49931295087598765, "matchups_top": 0.47692307692307695, "matchups_jungle": 0.49817141039910956, "matchups_mid": 0.5114678899082569, "matchups_adc": 0.5, "matchups_support": 0.49931295087598765, "roles": [2, 1, 5, 4, 3]}