{"primary_winrate_percent": 50.760724499523356, "matchups_top": 50.760724499523356, "matchups_jungle": 28.431372549019606, "matchups_mid": 48.512709572742025, "matchups_adc": 50.0, "matchups_support": 33.33333333333333, "roles": [4, 5, 1, 3, 2]}