{"primary_winrate_percent": 50.72167118929541, "winrate_top": 50.72167118929541, "winrate_jungle": 29.20353982300885, "winrate_mid": 48.26560951437067, "winrate_adc": 49.275362318840585, "winrate_support": 36.17021276595745, "roles": [4, 5, 1, 3, 2], "matchups_top": [[10, 2649, 4811], [74, 284, 537], [6, 694, 1315], [54, 1043, 1983], [75, 922, 1754], [133, 382, 736], [107, 306, 590], [122, 2310, 4488], [83, 456, 890], [98, 957, 1868], [14, 419, 822], [17, 853, 1674], [57, 431, 847], [67, 447, 880], [85, 645, 1272], [23, 857, 1694], [78, 497, 983], [41, 1432, 2839], [24, 1826, 3632], [86, 2358, 4708]], "matchups_jungle": [[28, 1, 1], [80, 1, 1], [30, 2, 2], [24, 1, 1], [29, 3, 3], [5, 2, 2], [19, 3, 3], [91, 1, 1], [106, 1, 1], [104, 1, 1], [76, 1, 1], [36, 1, 1], [427, 1, 1], [154, 5, 5], [254, 4, 4], [59, 6, 7], [121, 5, 6], [11, 7, 9], [245, 6, 8], [56, 2, 3]], "matchups_mid": [[90, 18, 24], [1, 15, 20], [142, 20, 27], [134, 20, 28], [81, 9, 13], [58, 8, 12], [518, 8, 12], [99, 12, 18], [103, 27, 43], [105, 42, 68], [10, 16, 26], [13, 32, 52], [80, 18, 30], [18, 12, 20], [164, 12, 20], [238, 83, 145], [45, 16, 28], [131, 21, 37], [246, 28, 51], [38, 37, 68]], "matchups_adc": [[15, 1, 1], [67, 3, 3], [107, 1, 1], [21, 3, 4], [22, 6, 8], [236, 3, 5], [51, 4, 7], [81, 3, 6], [145, 4, 8], [18, 2, 5], [119, 2, 5], [498, 2, 6], [222, 1, 5], [1, 0, 2], [29, 0, 1], [202, 0, 2]], "matchups_support": [[12, 1, 1], [16, 3, 3], [26, 2, 2], [40, 1, 1], [99, 1, 1], [117, 1, 1], [154, 1, 1], [267, 1, 1], [25, 2, 3], [555, 4, 6], [89, 3, 5], [412, 5, 9], [43, 1, 2], [53, 2, 4], [111, 1, 2], [497, 1, 2], [3, 0, 1], [33, 0, 1], [101, 0, 1]]}