{"primary_winrate_percent": 0.5076072449952336, "matchups_top": 0.5076072449952336, "matchups_jungle": 0.28431372549019607, "matchups_mid": 0.48512709572742024, "matchups_adc": 0.5, "matchups_support": 0.3333333333333333, "roles": [4, 5, 1, 3, 2]}