{"primary_winrate_percent": 0.5214072010729393, "matchups_top": 0.4822208359326263, "matchups_jungle": 0.3957703927492447, "matchups_mid": 0.5214072010729393, "matchups_adc": 0.49572649572649574, "matchups_support": 0.48322147651006714, "roles": [5, 4, 1, 2, 3]}