{"primary_winrate_percent": 52.115153051524175, "winrate_top": 48.51088201603665, "winrate_jungle": 39.94490358126722, "winrate_mid": 52.115153051524175, "winrate_adc": 49.21875, "winrate_support": 46.835443037974684, "roles": [5, 4, 1, 2, 3], "matchups_top": [[74, 18, 23], [69, 9, 13], [14, 8, 12], [98, 24, 36], [236, 8, 12], [67, 18, 28], [92, 33, 52], [58, 29, 46], [23, 19, 31], [420, 9, 15], [50, 7, 12], [38, 9, 16], [112, 5, 9], [27, 5, 9], [164, 16, 29], [86, 29, 53], [75, 14, 26], [157, 41, 77], [68, 9, 17], [114, 30, 57]], "matchups_jungle": [[5, 11, 12], [421, 9, 11], [80, 7, 9], [32, 13, 17], [246, 3, 4], [203, 6, 8], [120, 20, 27], [56, 13, 18], [29, 5, 7], [106, 5, 7], [11, 23, 33], [19, 9, 13], [121, 30, 44], [245, 30, 46], [60, 20, 31], [79, 12, 19], [28, 5, 8], [107, 15, 24], [163, 3, 5], [30, 8, 14]], "matchups_mid": [[58, 171, 316], [80, 381, 724], [10, 366, 700], [518, 340, 652], [3, 558, 1079], [131, 760, 1473], [74, 224, 435], [99, 808, 1573], [54, 176, 345], [69, 374, 735], [103, 1551, 3063], [245, 834, 1653], [127, 665, 1324], [91, 735, 1469], [8, 1130, 2282], [38, 1114, 2279], [61, 762, 1570], [238, 1964, 4048], [45, 1057, 2196], [34, 346, 731]], "matchups_adc": [[21, 1, 1], [74, 1, 1], [92, 1, 1], [99, 1, 1], [110, 1, 1], [134, 1, 1], [498, 8, 9], [18, 5, 6], [119, 4, 5], [67, 4, 7], [22, 5, 9], [51, 5, 9], [96, 1, 2], [222, 6, 12], [202, 3, 7], [81, 5, 13], [145, 11, 29], [236, 2, 8], [15, 0, 2], [27, 0, 1]], "matchups_support": [[35, 1, 1], [44, 1, 1], [201, 2, 2], [267, 9, 12], [555, 9, 12], [350, 4, 6], [497, 4, 6], [25, 7, 11], [99, 5, 8], [111, 5, 8], [89, 6, 10], [53, 10, 17], [12, 1, 2], [26, 1, 2], [432, 2, 4], [412, 12, 28], [16, 1, 3], [117, 2, 6], [9, 1, 4], [40, 1, 5]]}