{"primary_winrate_percent": 52.14072010729392, "matchups_top": 48.22208359326263, "matchups_jungle": 39.577039274924466, "matchups_mid": 52.14072010729392, "matchups_adc": 49.572649572649574, "matchups_support": 48.322147651006716, "roles": [5, 4, 1, 2, 3]}