{"primary_winrate_percent": 50.822064820776994, "winrate_top": 48.731501057082454, "winrate_jungle": 40.65040650406504, "winrate_mid": 50.822064820776994, "winrate_adc": 46.57534246575342, "winrate_support": 46.94115362206254, "roles": [5, 2, 4, 1, 3], "matchups_top": [[14, 9, 11], [27, 13, 17], [240, 15, 21], [36, 7, 10], [236, 9, 13], [23, 19, 29], [157, 26, 41], [67, 11, 18], [41, 26, 44], [78, 14, 24], [54, 25, 43], [75, 16, 28], [58, 43, 76], [92, 28, 50], [98, 26, 47], [31, 11, 20], [133, 12, 22], [6, 9, 17], [420, 12, 23], [126, 15, 29]], "matchups_jungle": [[28, 2, 2], [77, 1, 1], [80, 2, 2], [30, 1, 1], [107, 2, 2], [31, 1, 1], [86, 1, 1], [106, 1, 1], [20, 1, 1], [254, 2, 2], [245, 6, 7], [141, 7, 10], [64, 9, 13], [131, 2, 3], [60, 8, 12], [2, 2, 3], [35, 4, 6], [154, 2, 3], [24, 3, 5], [102, 1, 2]], "matchups_mid": [[10, 160, 277], [54, 72, 131], [518, 106, 194], [69, 170, 321], [136, 73, 138], [103, 554, 1052], [238, 557, 1062], [161, 131, 251], [38, 318, 611], [99, 221, 426], [245, 263, 509], [4, 461, 900], [34, 113, 221], [81, 114, 223], [74, 64, 126], [101, 132, 260], [61, 300, 594], [80, 129, 256], [112, 207, 411], [45, 302, 602]], "matchups_adc": [[15, 1, 1], [21, 1, 1], [119, 1, 1], [236, 1, 1], [429, 1, 1], [498, 6, 7], [202, 4, 5], [145, 10, 17], [81, 4, 7], [222, 2, 4], [67, 2, 5], [18, 1, 3], [51, 2, 6], [22, 3, 13], [96, 0, 1]], "matchups_support": [[37, 37, 57], [16, 78, 126], [161, 39, 63], [555, 179, 302], [26, 42, 71], [267, 149, 252], [117, 125, 212], [143, 44, 76], [40, 102, 181], [111, 261, 464], [201, 41, 73], [99, 64, 114], [12, 51, 91], [44, 25, 46], [412, 361, 676], [53, 198, 373], [25, 124, 235], [89, 223, 423], [101, 35, 69], [9, 33, 66]]}