{"primary_winrate_percent": 50.93330832004502, "matchups_top": 48.547008547008545, "matchups_jungle": 38.93805309734513, "matchups_mid": 50.93330832004502, "matchups_adc": 46.57534246575342, "matchups_support": 47.01776649746193, "roles": [5, 2, 4, 1, 3]}