{"primary_winrate_percent": 0.5093330832004502, "matchups_top": 0.48547008547008547, "matchups_jungle": 0.3893805309734513, "matchups_mid": 0.5093330832004502, "matchups_adc": 0.4657534246575342, "matchups_support": 0.47017766497461927, "roles": [5, 2, 4, 1, 3]}