{"primary_winrate_percent": 48.62530999661011, "matchups_top": 48.62530999661011, "matchups_jungle": 6.666666666666667, "matchups_mid": 47.437075142384714, "matchups_adc": 43.58974358974359, "matchups_support": 31.818181818181817, "roles": [4, 5, 2, 3, 1]}