{"primary_winrate_percent": 48.69837606133048, "winrate_top": 48.69837606133048, "winrate_jungle": 6.25, "winrate_mid": 47.53286665528427, "winrate_adc": 42.5, "winrate_support": 30.434782608695656, "roles": [4, 5, 2, 3, 1], "matchups_top": [[107, 260, 439], [10, 1970, 3502], [14, 333, 597], [240, 693, 1247], [13, 955, 1744], [67, 303, 556], [83, 418, 770], [6, 504, 940], [17, 677, 1263], [54, 625, 1174], [68, 356, 672], [36, 182, 344], [133, 353, 670], [74, 216, 411], [82, 1167, 2236], [98, 675, 1294], [57, 280, 539], [8, 1134, 2186], [92, 1275, 2462], [75, 621, 1200]], "matchups_jungle": [[20, 1, 1], [29, 1, 1], [35, 2, 2], [36, 1, 1], [62, 1, 1], [64, 3, 3], [102, 1, 1], [141, 2, 2], [245, 1, 1], [121, 2, 3]], "matchups_mid": [[86, 20, 30], [101, 41, 64], [518, 32, 50], [112, 62, 100], [131, 58, 94], [45, 132, 220], [91, 67, 115], [10, 44, 76], [246, 78, 136], [69, 52, 91], [103, 137, 241], [1, 52, 92], [238, 161, 288], [99, 87, 157], [61, 74, 137], [161, 43, 80], [90, 120, 225], [8, 91, 171], [134, 68, 128], [13, 109, 208]], "matchups_adc": [[18, 2, 2], [27, 1, 1], [29, 1, 1], [80, 1, 1], [96, 2, 2], [22, 4, 5], [119, 4, 5], [21, 5, 7], [145, 11, 16], [236, 2, 3], [67, 2, 4], [81, 4, 9], [498, 3, 7], [222, 2, 5], [51, 1, 5], [202, 1, 5], [134, 0, 1], [157, 0, 1]], "matchups_support": [[16, 1, 1], [26, 1, 1], [44, 1, 1], [50, 1, 1], [53, 6, 6], [99, 3, 3], [161, 1, 1], [267, 4, 4], [350, 3, 3], [432, 1, 1], [117, 3, 4], [555, 3, 4], [25, 2, 3], [412, 6, 9], [497, 5, 9], [40, 1, 2], [111, 6, 12], [12, 0, 1], [72, 0, 1], [89, 0, 1]]}