{"primary_winrate_percent": 0.4862530999661011, "matchups_top": 0.4862530999661011, "matchups_jungle": 0.06666666666666667, "matchups_mid": 0.47437075142384716, "matchups_adc": 0.4358974358974359, "matchups_support": 0.3181818181818182, "roles": [4, 5, 2, 3, 1]}