{"primary_winrate_percent": 50.21698511241034, "winrate_top": 50.21698511241034, "winrate_jungle": 38.28125, "winrate_mid": 51.138965891286006, "winrate_adc": 42.39063462723352, "winrate_support": 40.098314606741575, "roles": [4, 5, 1, 3, 2], "matchups_top": [[10, 3699, 6464], [133, 688, 1270], [82, 2457, 4544], [122, 3551, 6580], [164, 1183, 2198], [6, 961, 1836], [74, 330, 631], [17, 1437, 2748], [67, 1142, 2224], [41, 1587, 3091], [85, 819, 1602], [83, 626, 1228], [23, 1210, 2391], [516, 800, 1582], [80, 1025, 2032], [14, 479, 955], [114, 2347, 4706], [107, 326, 655], [240, 865, 1738], [150, 1197, 2419]], "matchups_jungle": [[77, 21, 25], [35, 52, 66], [106, 13, 18], [5, 23, 32], [203, 19, 27], [154, 41, 59], [11, 67, 98], [141, 79, 116], [33, 19, 28], [121, 69, 103], [163, 8, 12], [245, 88, 133], [9, 9, 14], [54, 30, 47], [59, 63, 99], [76, 24, 38], [60, 46, 73], [28, 31, 50], [421, 19, 32], [104, 23, 39]], "matchups_mid": [[161, 46, 75], [127, 33, 56], [164, 29, 50], [122, 33, 57], [56, 25, 44], [126, 26, 46], [10, 62, 112], [142, 66, 121], [105, 159, 296], [61, 91, 170], [54, 29, 55], [266, 22, 42], [103, 129, 247], [3, 66, 128], [69, 36, 70], [67, 31, 61], [4, 125, 246], [245, 71, 140], [45, 75, 149], [134, 76, 152]], "matchups_adc": [[67, 92, 130], [96, 12, 17], [15, 12, 17], [18, 38, 58], [74, 7, 11], [236, 69, 111], [157, 17, 28], [498, 86, 143], [22, 92, 160], [119, 26, 46], [145, 154, 273], [222, 63, 112], [51, 67, 120], [81, 76, 141], [21, 30, 56], [202, 49, 98], [29, 12, 25], [110, 11, 25]], "matchups_support": [[43, 23, 31], [111, 77, 110], [54, 9, 13], [497, 56, 84], [161, 10, 15], [40, 33, 51], [143, 20, 31], [37, 16, 25], [117, 51, 80], [412, 120, 190], [432, 22, 36], [50, 16, 27], [25, 42, 71], [89, 53, 91], [9, 11, 19], [267, 41, 71], [63, 19, 33], [53, 55, 97], [12, 9, 16], [26, 14, 25]]}