{"primary_winrate_percent": 0.5016265942778352, "matchups_top": 0.5016265942778352, "matchups_jungle": 0.3801782905086523, "matchups_mid": 0.5107392278297536, "matchups_adc": 0.42539267015706805, "matchups_support": 0.4025297619047619, "roles": [4, 5, 1, 3, 2]}