{"primary_winrate_percent": 50.16265942778352, "matchups_top": 50.16265942778352, "matchups_jungle": 38.01782905086523, "matchups_mid": 51.07392278297536, "matchups_adc": 42.539267015706805, "matchups_support": 40.25297619047619, "roles": [4, 5, 1, 3, 2]}