{"primary_winrate_percent": 48.47776494775678, "lane_winrates": {"1": 34.21052631578947, "2": 33.92857142857143, "3": 42.028985507246375, "4": 48.47776494775678, "5": 51.40845070422535}, "roles": [4, 5, 3, 2, 1], "matchups": {"1": [[141, 0, 2, 387, -878, 0, -17, 0, 60, 0, 0, 0, 30, 0, -6205], [64, 2, 5, 7040, 8226, 0, 29, 0, 20, 11, 0, 0, -8, 0, 5294], [245, 2, 4, 363, -2483, 0, 16, 0, 6, -4, 0, 0, 39, 0, -4094], [121, 1, 2, 1765, 2163, 0, 0, 0, 56, 3, 0, 0, 6, 0, -3], [35, 3, 6, 5884, 7413, 0, 27, 0, -10, 8, 0, 0, -6, 0, 14685], [30, 1, 2, 2284, 1865, 0, 32, 0, 36, 4, 0, 0, 4, 0, -557], [11, 1, 2, -6, -241, 0, 26, 0, -32, 2, 0, 0, 20, 0, 791], [254, 3, 3, 1028, 2072, 0, -9, 0, 5, 6, 0, 0, 7, 0, 13575], [164, 1, 1, -1574, -1054, 0, -18, 0, -18, -1, 0, 0, 23, 0, 1490], [154, 1, 1, -762, -676, 0, -93, 0, 68, 0, 0, 0, 16, 0, -190], [120, 1, 1, 1183, 1852, 0, -1, 0, 21, 3, 0, 0, 0, 0, 11235], [106, 1, 1, 180, 165, 0, 4, 0, -9, -1, 0, 0, 13, 0, 3330], [102, 1, 1, -459, -1175, 0, 10, 0, 13, 0, 0, 0, 17, 0, -724], [80, 1, 1, 2254, 1737, 0, 7, 0, 24, 3, 0, 0, -6, 0, 6187], [79, 1, 1, 946, 942, 0, 6, 0, 11, 1, 0, 0, 3, 0, 292], [59, 1, 1, 110, 36, 0, 2, 0, -20, 1, 0, 0, 9, 0, -2203], [19, 2, 2, 3932, 1876, 0, 12, 0, 64, 4, 0, 0, 4, 0, 8668], [2, 2, 2, 3348, 3406, 0, -6, 0, 88, 2, 0, 0, -11, 0, 6814]], "2": [[555, 0, 1, 128, -280, 0, 0, 0, 0, 1, 0, 0, 12, 0, -2786], [99, 0, 1, 634, 155, 0, -11, 0, 0, 0, 0, 0, 5, 0, -1738], [40, 0, 1, 373, -395, 0, -21, 0, 4, -1, 0, 0, 15, 0, -4912], [117, 1, 4, -1720, -1933, 0, -85, 0, 2, -1, 0, 0, 54, 0, -9996], [497, 1, 2, -3208, -130, 0, -87, 0, 0, -1, 0, 0, 24, 0, 8377], [350, 1, 2, 88, 383, 0, -15, 0, -4, -3, 0, 0, 20, 0, 2728], [143, 1, 2, 52, 1900, 0, -38, 0, 0, -1, 0, 0, 1, 0, 6143], [37, 1, 2, 861, 665, 0, 1, 0, 0, 0, 0, 0, 15, 0, -8020], [25, 5, 8, 6963, 10817, 0, -79, 0, 0, 9, 0, 0, 8, 0, 30290], [432, 4, 6, 361, 76, 0, -180, 0, 0, 4, 0, 0, 55, 0, 15974], [412, 4, 6, 6715, 7464, 0, -85, 0, 1, 2, 0, 0, 19, 0, 41866], [16, 2, 3, -2974, -704, 0, -85, 0, 0, 1, 0, 0, 31, 0, 868], [89, 4, 5, 4615, 5565, 0, -10, 0, 0, 8, 0, 0, -8, 0, 10680], [267, 2, 2, 1930, 886, 0, -20, 0, 0, 1, 0, 0, 13, 0, 3188], [201, 2, 2, 1215, 1311, 0, -22, 0, 0, 0, 0, 0, 12, 0, 8475], [111, 2, 2, 1944, 744, 0, 17, 0, 4, 0, 0, 0, 11, 0, 9563], [63, 1, 1, -854, -1340, 0, -12, 0, -3, 0, 0, 0, 17, 0, -1341], [53, 2, 2, 3776, 1210, 0, 10, 0, 0, -2, 0, 0, 13, 0, 16018], [50, 2, 2, 284, -600, 0, -7, 0, 0, -2, 0, 0, 20, 0, 10657], [43, 1, 1, 848, 2031, 0, -1, 0, 0, 1, 0, 0, 0, 0, 12246], [9, 1, 1, 563, 1021, 0, -38, 0, 4, 0, 0, 0, 5, 0, 11936]], "3": [[157, 0, 2, -365, -2117, 0, -46, 0, 3, -2, 0, 0, 34, 0, -5732], [96, 0, 1, -709, -92, 0, 28, 0, 0, -2, 0, 0, 6, 0, 388], [29, 0, 2, -1465, 233, 0, -20, 0, -4, 3, 0, 0, 16, 0, 881], [22, 0, 4, -1862, -2670, 0, -58, 0, 4, 3, 0, 0, 58, 0, -17516], [15, 0, 1, 35, 82, 0, -15, 0, 0, 0, 0, 0, 7, 0, 1782], [222, 2, 6, -2806, -2974, 0, 6, 0, 0, -4, 0, 0, 64, 0, -4855], [236, 3, 7, -4074, 2943, 0, 44, 0, -1, 0, 0, 0, 56, 0, 5249], [51, 3, 5, 3679, 6412, 0, 202, 0, 0, 4, 0, 0, 9, 0, 13511], [145, 6, 9, -1495, 9704, 0, 116, 0, 4, -3, 0, 0, 12, 0, 3694], [21, 2, 3, -830, -1385, 0, -14, 0, 0, 0, 0, 0, 37, 0, -14253], [18, 2, 3, 3820, 4833, 0, 72, 0, 0, 1, 0, 0, -2, 0, 13745], [498, 5, 7, -741, 4023, 0, 7, 0, 4, 1, 0, 0, 30, 0, 2571], [81, 8, 10, -4802, -2039, 0, -36, 0, -14, -9, 0, 0, 129, 0, 16708], [420, 1, 1, 126, 1250, 0, 30, 0, 0, 0, 0, 0, 0, 0, 2629], [202, 4, 4, 1567, 4956, 0, 32, 0, -4, 3, 0, 0, 0, 0, 26553], [134, 1, 1, 228, 642, 0, 11, 0, 0, 0, 0, 0, 3, 0, 2059], [119, 1, 1, 1175, 3193, 0, 37, 0, 0, 2, 0, 0, -6, 0, 7207], [67, 2, 2, 1098, 1493, 0, 50, 0, 0, 3, 0, 0, 4, 0, 6741]], "4": [[222, 0, 2, -4960, -4744, 0, -28, 0, 0, -5, 0, 0, 54, 0, -8645], [201, 0, 1, -641, -1821, 0, -53, 0, 0, 0, 0, 0, 23, 0, -8602], [268, 0, 2, 1849, 1578, 0, 21, 0, -4, 2, 0, 0, 3, 0, -2114], [110, 0, 2, -2044, -1089, 0, 6, 0, 0, -1, 0, 0, 22, 0, -12215], [134, 1, 7, 4217, 3523, 0, 24, 0, 5, 7, 0, 0, 45, 0, 1062], [101, 1, 6, -3437, -5207, 0, -72, 0, 0, 0, 0, 0, 83, 0, -18470], [412, 1, 5, -2421, -4142, 0, -119, 0, 0, -2, 0, 0, 91, 0, -3089], [29, 1, 5, -5318, -5296, 0, -75, 0, 0, -4, 0, 0, 91, 0, -24600], [143, 1, 4, -1885, -3184, 0, -59, 0, 0, -1, 0, 0, 63, 0, -5717], [33, 1, 4, -4778, -6490, 0, -143, 0, -8, -3, 0, 0, 85, 0, -11630], [115, 1, 4, -625, 64, 0, -23, 0, 0, 2, 0, 0, 36, 0, 657], [12, 1, 4, -2967, -3437, 0, -68, 0, -4, -4, 0, 0, 66, 0, -4001], [427, 1, 3, -2410, -1956, 0, -51, 0, 0, 1, 0, 0, 31, 0, -19454], [15, 1, 3, -3288, -4403, 0, -21, 0, 0, -5, 0, 0, 63, 0, -3491], [20, 2, 6, -4599, -5319, 0, -128, 0, 4, -4, 0, 0, 85, 0, -2793], [60, 1, 3, -2217, -2921, 0, -25, 0, 8, -3, 0, 0, 43, 0, -19801], [498, 1, 3, -2833, -3208, 0, -118, 0, 0, -3, 0, 0, 60, 0, -9317], [223, 22, 61, -16016, -12609, 0, -119, 0, -17, -4, 0, 0, 731, 0, -78868], [63, 3, 8, -5814, -4441, 0, -84, 0, 4, -1, 0, 0, 123, 0, 2975], [517, 21, 56, -8627, -16268, 0, -315, 0, 5, -2, 0, 0, 682, 0, -46919], [26, 5, 13, -2178, -12184, 0, -295, 0, -3, -8, 0, 0, 219, 0, -21200], [103, 10, 26, -8719, -7241, 0, -58, 0, -32, -5, 0, 0, 304, 0, -13103], [89, 5, 13, -8326, -11448, 0, -426, 0, -8, -7, 0, 0, 232, 0, 3662], [105, 10, 25, -14637, -11273, 0, -62, 0, 0, 1, 0, 0, 341, 0, -11292], [72, 2, 5, -1094, -5487, 0, -106, 0, 5, -2, 0, 0, 91, 0, -26968], [121, 2, 5, 440, 704, 0, 4, 0, -1, 1, 0, 0, 42, 0, 1543], [104, 17, 42, -22191, -6138, 0, 143, 0, 58, -31, 0, 0, 491, 0, -50193], [91, 11, 26, -14361, -3797, 0, -101, 0, 8, 1, 0, 0, 251, 0, -10454], [43, 31, 73, -15207, -363, 0, -290, 0, -36, -9, 0, 0, 679, 0, -41498], [254, 3, 7, 3742, 1707, 0, 18, 0, 7, 7, 0, 0, 42, 0, 9440], [555, 13, 30, -11493, -8455, 0, -899, 0, -4, 12, 0, 0, 372, 0, 10338], [266, 422, 949, 127162, 92336, 0, 614, 0, 412, 279, 0, 0, 8817, 0, -16407], [35, 21, 47, -28691, -50808, 0, -1159, 0, 28, -12, 0, 0, 852, 0, -51478], [68, 177, 396, 10637, -33059, 0, 230, 0, 34, -26, 0, 0, 4413, 0, -108689], [90, 30, 66, -39726, -34208, 0, -421, 0, -11, -45, 0, 0, 921, 0, -93542], [77, 5, 11, -5043, -4063, 0, -134, 0, 7, -11, 0, 0, 144, 0, 12501], [61, 6, 13, -8198, -7946, 0, -114, 0, -1, -10, 0, 0, 181, 0, -16421], [246, 18, 39, -11534, -8779, 0, -272, 0, -17, -8, 0, 0, 426, 0, -13891], [112, 49, 104, -57772, -60941, 0, -442, 0, -33, -77, 0, 0, 1547, 0, -110522], [236, 73, 154, 21608, 115236, 0, 2652, 0, 38, 47, 0, 0, 652, 0, 157108], [84, 337, 710, 79770, 104640, 0, 3603, 0, -75, 347, 0, 0, 6357, 0, 162506], [126, 299, 624, -149394, -54125, 0, 822, 0, -8, -202, 0, 0, 6681, 0, -218558], [79, 15, 31, -6556, -8856, 0, -275, 0, -12, 0, 0, 0, 377, 0, -11895], [420, 250, 515, 99603, 168637, 0, 5684, 0, -61, -43, 0, 0, 3730, 0, 163604], [39, 525, 1081, 130266, 606542, 0, 19313, 0, 380, 484, 0, 0, 6119, 0, 272023], [92, 598, 1226, -184981, -187771, 0, -6075, 0, 851, 226, 0, 0, 13755, 0, -510521], [58, 738, 1507, 3839, 342395, 0, 3947, 0, 844, 223, 0, 0, 12765, 0, 494799], [24, 514, 1035, -301201, -289234, 0, -9425, 0, 890, 21, 0, 0, 12576, 0, -535059], [98, 380, 765, -287482, -524817, 0, -15005, 0, 20, -197, 0, 0, 12061, 0, -197451], [25, 6, 12, 3643, 5317, 0, 9, 0, 0, 6, 0, 0, 74, 0, 10953], [44, 5, 10, -9603, -12769, 0, -388, 0, -12, -5, 0, 0, 200, 0, -12676], [1, 21, 42, -22428, -15203, 0, -94, 0, -32, -23, 0, 0, 550, 0, -2509], [37, 1, 2, 332, -142, 0, -36, 0, -4, 3, 0, 0, 26, 0, 2654], [421, 1, 2, 701, 3457, 0, 31, 0, 4, 2, 0, 0, -17, 0, -837], [119, 8, 16, 6378, 22988, 0, 383, 0, 16, 9, 0, 0, 35, 0, 27010], [42, 7, 14, -3289, 284, 0, 13, 0, 2, -8, 0, 0, 147, 0, -3693], [432, 3, 6, -5142, -9027, 0, -149, 0, -8, -9, 0, 0, 140, 0, -6469], [9, 1, 2, -2317, -4175, 0, -58, 0, -3, -2, 0, 0, 47, 0, -13110], [203, 2, 4, -129, 2407, 0, 24, 0, 4, 6, 0, 0, 24, 0, -4679], [21, 2, 4, -5210, -3607, 0, -4, 0, 0, -5, 0, 0, 62, 0, -9913], [117, 10, 20, -8078, -13519, 0, -312, 0, -10, -15, 0, 0, 290, 0, -27711], [131, 12, 24, -2285, -3472, 0, -20, 0, -11, -6, 0, 0, 265, 0, 4502], [8, 558, 1109, -125260, -263359, 0, 2749, 0, 