{"primary_winrate_percent": 0.4867965433139622, "matchups_top": 0.4867965433139622, "matchups_jungle": 0.3235294117647059, "matchups_mid": 0.5018587360594795, "matchups_adc": 0.4, "matchups_support": 0.34615384615384615, "roles": [4, 5, 3, 2, 1]}