{"primary_winrate_percent": 48.50934108960734, "winrate_top": 48.50934108960734, "winrate_jungle": 31.428571428571427, "winrate_mid": 50.522648083623686, "winrate_adc": 38.57142857142858, "winrate_support": 32.72727272727273, "roles": [4, 5, 3, 2, 1], "matchups_top": [[14, 186, 322], [18, 114, 198], [74, 128, 225], [157, 465, 818], [67, 207, 369], [83, 226, 403], [82, 669, 1209], [133, 222, 402], [27, 169, 308], [85, 381, 697], [107, 109, 201], [6, 349, 646], [516, 264, 490], [80, 429, 798], [164, 398, 741], [10, 1062, 1986], [54, 371, 695], [31, 265, 501], [78, 153, 290], [75, 400, 761]], "matchups_jungle": [[2, 2, 2], [19, 2, 2], [20, 1, 1], [32, 1, 1], [56, 1, 1], [59, 1, 1], [79, 1, 1], [80, 1, 1], [106, 1, 1], [154, 1, 1], [164, 1, 1], [254, 2, 2], [11, 1, 2], [30, 1, 2], [35, 2, 4], [121, 1, 2], [245, 2, 4], [64, 2, 5], [141, 0, 1]], "matchups_mid": [[4, 5, 5], [112, 3, 3], [31, 2, 2], [55, 4, 4], [85, 2, 2], [161, 3, 3], [63, 2, 2], [10, 6, 7], [84, 6, 7], [86, 6, 8], [238, 6, 8], [245, 5, 7], [266, 2, 3], [1, 2, 3], [68, 2, 3], [34, 2, 3], [61, 5, 8], [99, 3, 5], [8, 6, 10], [103, 4, 7]], "matchups_adc": [[67, 1, 1], [119, 1, 1], [134, 1, 1], [420, 1, 1], [202, 6, 7], [81, 9, 11], [498, 6, 8], [18, 2, 3], [21, 2, 3], [145, 6, 9], [51, 3, 5], [236, 3, 7], [222, 2, 5], [15, 0, 1], [22, 0, 4], [29, 0, 1], [96, 0, 1], [157, 0, 1]], "matchups_support": [[9, 1, 1], [43, 1, 1], [50, 1, 1], [53, 2, 2], [63, 1, 1], [111, 2, 2], [201, 2, 2], [267, 2, 2], [89, 5, 6], [412, 4, 5], [16, 2, 3], [432, 4, 6], [25, 5, 8], [37, 1, 2], [143, 1, 2], [350, 1, 2], [497, 1, 2], [117, 1, 4], [40, 0, 1], [99, 0, 1]]}