{"primary_winrate_percent": 48.67965433139622, "matchups_top": 48.67965433139622, "matchups_jungle": 32.35294117647059, "matchups_mid": 50.18587360594795, "matchups_adc": 40.0, "matchups_support": 34.61538461538461, "roles": [4, 5, 3, 2, 1]}