{"primary_winrate_percent": 0.4532785459605183, "matchups_top": 0.505443234836703, "matchups_jungle": 0.4532785459605183, "matchups_mid": 0.5002016942315449, "matchups_adc": 0.5166666666666667, "matchups_support": 0.45396669931439765, "roles": [1, 2, 5, 4, 3]}