{"primary_winrate_percent": 45.365495042619564, "winrate_top": 50.62560153994225, "winrate_jungle": 45.365495042619564, "winrate_mid": 50.1497005988024, "winrate_adc": 49.23076923076923, "winrate_support": 45.83333333333333, "roles": [1, 2, 5, 4, 3], "matchups_top": [[27, 14, 18], [68, 13, 19], [107, 7, 11], [57, 13, 22], [133, 10, 17], [10, 73, 125], [150, 19, 33], [13, 28, 49], [80, 29, 51], [85, 17, 30], [86, 60, 109], [420, 19, 35], [516, 20, 37], [14, 7, 13], [82, 37, 69], [98, 16, 30], [17, 26, 49], [84, 33, 64], [58, 43, 84], [122, 52, 106]], "matchups_jungle": [[29, 215, 359], [36, 417, 711], [245, 1816, 3101], [56, 632, 1087], [19, 520, 899], [106, 220, 382], [24, 469, 815], [254, 779, 1354], [5, 438, 762], [120, 881, 1539], [35, 811, 1423], [20, 457, 804], [11, 926, 1632], [32, 425, 750], [203, 377, 671], [59, 1426, 2566], [121, 1753, 3162], [9, 174, 314], [141, 1450, 2630], [154, 903, 1641]], "matchups_mid": [[245, 37, 61], [127, 21, 36], [103, 63, 108], [3, 14, 24], [246, 37, 64], [55, 68, 118], [517, 12, 21], [45, 45, 81], [69, 18, 33], [518, 19, 35], [10, 15, 28], [105, 54, 101], [99, 32, 60], [90, 25, 47], [61, 44, 83], [1, 15, 29], [13, 52, 104], [157, 99, 199], [238, 99, 199], [161, 16, 33]], "matchups_adc": [[99, 1, 1], [119, 1, 1], [202, 1, 1], [236, 7, 9], [498, 4, 6], [67, 3, 5], [81, 4, 7], [18, 1, 2], [21, 1, 2], [22, 2, 4], [51, 3, 6], [145, 4, 9], [222, 1, 3], [15, 0, 2], [74, 0, 2], [86, 0, 1], [96, 0, 1], [110, 0, 1], [157, 0, 2]], "matchups_support": [[35, 24, 35], [143, 41, 64], [40, 87, 145], [9, 44, 74], [267, 109, 185], [50, 64, 109], [432, 49, 84], [412, 335, 582], [117, 116, 203], [16, 66, 116], [25, 116, 212], [63, 41, 76], [89, 191, 355], [111, 209, 389], [161, 20, 38], [53, 153, 293], [497, 143, 274], [3, 13, 25], [99, 52, 101], [555, 148, 288]]}