{"primary_winrate_percent": 45.32785459605183, "matchups_top": 50.5443234836703, "matchups_jungle": 45.32785459605183, "matchups_mid": 50.02016942315449, "matchups_adc": 51.66666666666667, "matchups_support": 45.39666993143977, "roles": [1, 2, 5, 4, 3]}