{"primary_winrate_percent": 49.878029791872116, "winrate_top": 48.283624085537426, "winrate_jungle": 49.878029791872116, "winrate_mid": 53.57142857142857, "winrate_adc": 48.231511254019296, "winrate_support": 35.18518518518518, "roles": [1, 4, 3, 5, 2], "matchups_top": [[27, 9, 12], [67, 14, 20], [85, 20, 29], [75, 38, 57], [164, 26, 40], [24, 32, 50], [150, 23, 36], [240, 17, 28], [74, 6, 10], [6, 15, 25], [83, 9, 15], [23, 28, 47], [80, 22, 37], [14, 7, 12], [157, 21, 37], [17, 21, 37], [420, 13, 23], [126, 19, 34], [114, 46, 84], [133, 13, 24]], "matchups_jungle": [[427, 138, 241], [19, 409, 741], [203, 274, 506], [28, 512, 965], [106, 159, 300], [121, 1347, 2570], [77, 179, 343], [20, 315, 606], [24, 311, 599], [245, 1198, 2323], [35, 615, 1193], [5, 368, 714], [36, 286, 557], [32, 268, 524], [254, 524, 1026], [9, 134, 263], [163, 158, 311], [33, 213, 420], [120, 643, 1276], [154, 529, 1051]], "matchups_mid": [[161, 3, 3], [74, 4, 5], [126, 3, 4], [39, 3, 4], [157, 14, 20], [99, 7, 10], [68, 2, 3], [246, 9, 14], [127, 3, 5], [10, 3, 5], [61, 7, 12], [4, 11, 19], [238, 11, 19], [91, 9, 16], [245, 5, 9], [13, 11, 21], [112, 5, 10], [90, 2, 4], [115, 2, 4], [7, 6, 12]], "matchups_adc": [[96, 3, 4], [18, 22, 31], [222, 25, 39], [51, 32, 52], [145, 51, 92], [21, 11, 20], [22, 28, 52], [236, 28, 52], [110, 5, 10], [67, 25, 52], [81, 21, 44], [15, 7, 15], [498, 33, 76], [202, 13, 32], [119, 6, 15], [29, 3, 11], [45, 1, 4], [429, 1, 4]], "matchups_support": [[9, 1, 1], [26, 1, 1], [43, 2, 2], [50, 2, 2], [98, 1, 1], [117, 1, 1], [223, 1, 1], [267, 1, 1], [432, 1, 1], [555, 1, 1], [53, 5, 6], [111, 3, 4], [497, 3, 4], [89, 2, 3], [412, 5, 8], [16, 2, 4], [99, 1, 2], [161, 1, 2], [350, 1, 2], [12, 0, 1]]}