{"primary_winrate_percent": 0.498329179882193, "matchups_top": 0.485160508782556, "matchups_jungle": 0.498329179882193, "matchups_mid": 0.527363184079602, "matchups_adc": 0.4878472222222222, "matchups_support": 0.3333333333333333, "roles": [1, 4, 3, 5, 2]}