{"primary_winrate_percent": 49.8329179882193, "matchups_top": 48.5160508782556, "matchups_jungle": 49.8329179882193, "matchups_mid": 52.736318407960205, "matchups_adc": 48.78472222222222, "matchups_support": 33.33333333333333, "roles": [1, 4, 3, 5, 2]}