{"primary_winrate_percent": 51.12208405787592, "matchups_top": 51.8213866039953, "matchups_jungle": 51.12208405787592, "matchups_mid": 57.3170731707317, "matchups_adc": 50.0, "matchups_support": 37.5, "roles": [1, 4, 5, 2, 3]}