{"primary_winrate_percent": 0.5112208405787592, "matchups_top": 0.518213866039953, "matchups_jungle": 0.5112208405787592, "matchups_mid": 0.573170731707317, "matchups_adc": 0.5, "matchups_support": 0.375, "roles": [1, 4, 5, 2, 3]}