{"primary_winrate_percent": 51.00630271290686, "winrate_top": 52.01841359773371, "winrate_jungle": 51.00630271290686, "winrate_mid": 57.14285714285714, "winrate_adc": 45.45454545454545, "winrate_support": 34.61538461538461, "roles": [1, 4, 5, 2, 3], "matchups_top": [[6, 19, 28], [17, 25, 38], [75, 24, 38], [107, 29, 51], [150, 18, 32], [82, 58, 104], [133, 15, 27], [36, 11, 20], [126, 28, 52], [114, 70, 131], [10, 103, 193], [112, 8, 15], [2, 8, 15], [27, 10, 19], [106, 10, 19], [80, 36, 69], [78, 17, 33], [98, 26, 51], [240, 29, 58], [14, 9, 18]], "matchups_jungle": [[36, 469, 866], [77, 331, 616], [20, 576, 1088], [11, 1311, 2486], [24, 680, 1296], [245, 1956, 3819], [121, 2448, 4795], [28, 857, 1682], [2, 548, 1077], [106, 315, 621], [102, 317, 629], [427, 190, 383], [104, 635, 1281], [56, 827, 1671], [29, 281, 568], [9, 228, 461], [5, 499, 1009], [19, 742, 1503], [35, 1130, 2289], [32, 551, 1117]], "matchups_mid": [[4, 1, 1], [30, 1, 1], [31, 1, 1], [103, 3, 3], [240, 1, 1], [268, 1, 1], [55, 1, 1], [99, 1, 1], [238, 4, 4], [517, 1, 1], [34, 1, 1], [131, 5, 6], [91, 3, 4], [112, 3, 5], [157, 4, 7], [38, 2, 4], [555, 1, 2], [245, 1, 3], [90, 1, 5], [84, 1, 5]], "matchups_adc": [[21, 1, 1], [51, 1, 1], [110, 1, 1], [119, 1, 1], [145, 1, 1], [498, 1, 2], [18, 0, 1], [22, 0, 1], [81, 0, 1], [96, 0, 1]], "matchups_support": [[35, 1, 1], [43, 2, 2], [45, 1, 1], [53, 1, 1], [74, 1, 1], [99, 1, 1], [117, 1, 1], [201, 1, 1], [412, 2, 2], [40, 2, 3], [555, 2, 3], [63, 1, 2], [267, 1, 3], [26, 0, 1], [59, 0, 1], [89, 0, 1], [111, 0, 1]]}