{"primary_winrate_percent": 52.91686922702965, "matchups_top": 51.67471951519123, "matchups_jungle": 36.58536585365854, "matchups_mid": 52.91686922702965, "matchups_adc": 54.228980771647606, "matchups_support": 47.15984147952444, "roles": [5, 4, 3, 2, 1]}