{"primary_winrate_percent": 52.82511210762332, "winrate_top": 51.878968995143815, "winrate_jungle": 34.090909090909086, "winrate_mid": 52.82511210762332, "winrate_adc": 54.15904936014625, "winrate_support": 47.251461988304094, "roles": [5, 4, 3, 2, 1], "matchups_top": [[83, 79, 136], [23, 127, 227], [157, 147, 266], [75, 140, 259], [27, 57, 107], [133, 86, 163], [80, 145, 278], [240, 113, 219], [24, 204, 397], [68, 60, 117], [8, 254, 498], [39, 179, 351], [54, 122, 241], [85, 124, 246], [10, 409, 820], [164, 134, 269], [82, 232, 472], [36, 46, 94], [58, 219, 450], [14, 64, 132]], "matchups_jungle": [[19, 1, 1], [48, 1, 1], [59, 1, 1], [60, 1, 1], [62, 1, 1], [77, 1, 1], [79, 3, 3], [104, 3, 3], [107, 1, 1], [120, 1, 1], [203, 1, 1], [254, 1, 1], [517, 1, 1], [64, 6, 8], [11, 1, 2], [20, 1, 2], [35, 1, 2], [141, 1, 2], [121, 1, 3], [154, 1, 3]], "matchups_mid": [[101, 124, 218], [54, 38, 67], [69, 99, 175], [115, 69, 122], [161, 107, 193], [34, 80, 149], [91, 155, 291], [157, 372, 724], [38, 175, 349], [61, 194, 387], [42, 39, 78], [45, 255, 510], [3, 60, 121], [4, 209, 423], [13, 306, 625], [105, 210, 435], [8, 216, 448], [245, 145, 302], [134, 278, 581], [103, 308, 652]], "matchups_adc": [[29, 49, 91], [157, 45, 86], [134, 35, 68], [222, 260, 514], [202, 219, 433], [15, 82, 164], [51, 411, 827], [22, 404, 816], [21, 130, 276], [18, 103, 221], [67, 196, 422], [498, 386, 864], [236, 275, 620], [96, 31, 70], [81, 420, 971], [119, 106, 252], [110, 33, 79], [45, 25, 60], [145, 698, 1689]], "matchups_support": [[101, 10, 11], [26, 5, 7], [161, 13, 19], [50, 15, 23], [53, 39, 60], [37, 7, 11], [35, 6, 10], [143, 11, 19], [99, 12, 21], [16, 14, 25], [350, 14, 25], [201, 5, 9], [89, 32, 58], [63, 8, 15], [497, 20, 38], [432, 12, 23], [555, 27, 52], [412, 50, 98], [43, 9, 18], [117, 20, 41]]}