{"primary_winrate_percent": 0.5291686922702965, "matchups_top": 0.5167471951519123, "matchups_jungle": 0.36585365853658536, "matchups_mid": 0.5291686922702965, "matchups_adc": 0.5422898077164761, "matchups_support": 0.4715984147952444, "roles": [5, 4, 3, 2, 1]}