{"primary_winrate_percent": 51.144571406733675, "matchups_top": 51.144571406733675, "matchups_jungle": 0.0, "matchups_mid": 51.47826086956522, "matchups_adc": 52.38095238095239, "matchups_support": 33.64485981308411, "roles": [4, 5, 2, 3, 1]}