{"primary_winrate_percent": 51.13982300884956, "winrate_top": 51.13982300884956, "winrate_jungle": 0.0, "winrate_mid": 51.633986928104584, "winrate_adc": 51.162790697674424, "winrate_support": 33.33333333333333, "roles": [4, 5, 2, 3, 1], "matchups_top": [[10, 805, 1448], [17, 294, 529], [80, 361, 666], [82, 690, 1278], [74, 101, 188], [14, 154, 287], [23, 315, 592], [83, 158, 299], [85, 193, 375], [67, 205, 399], [150, 258, 507], [114, 651, 1281], [86, 819, 1614], [78, 138, 272], [27, 106, 209], [133, 117, 231], [13, 331, 658], [24, 478, 963], [164, 284, 574], [122, 868, 1757]], "matchups_jungle": [[35, 1, 1], [79, 1, 1], [245, 1, 1]], "matchups_mid": [[236, 4, 4], [266, 6, 7], [18, 4, 5], [45, 7, 9], [112, 3, 4], [103, 10, 14], [518, 5, 7], [61, 6, 9], [86, 6, 10], [82, 3, 5], [238, 24, 42], [80, 9, 16], [13, 9, 16], [90, 5, 9], [8, 10, 18], [142, 6, 11], [39, 13, 24], [38, 8, 15], [69, 2, 4], [7, 7, 14]], "matchups_adc": [[119, 3, 3], [202, 2, 2], [145, 3, 4], [222, 2, 3], [498, 4, 7], [51, 2, 5], [81, 2, 5], [67, 1, 3], [236, 1, 3], [18, 1, 4], [13, 0, 1], [21, 0, 1], [74, 0, 1], [150, 0, 1]], "matchups_support": [[1, 1, 1], [9, 1, 1], [17, 1, 1], [26, 1, 1], [37, 1, 1], [43, 1, 1], [44, 1, 1], [50, 4, 4], [79, 1, 1], [115, 1, 1], [161, 1, 1], [497, 3, 3], [89, 7, 9], [12, 3, 4], [267, 6, 8], [111, 8, 11], [53, 6, 9], [63, 2, 3], [117, 7, 11], [412, 9, 15]]}