{"primary_winrate_percent": 0.5114457140673367, "matchups_top": 0.5114457140673367, "matchups_jungle": 0.0, "matchups_mid": 0.5147826086956522, "matchups_adc": 0.5238095238095238, "matchups_support": 0.3364485981308411, "roles": [4, 5, 2, 3, 1]}