{"primary_winrate_percent": 51.14525436329521, "lane_winrates": {"1": 0.0, "2": 32.432432432432435, "3": 48.837209302325576, "4": 51.14525436329521, "5": 51.302931596091206}, "roles": [4, 5, 2, 3, 1], "matchups": {"1": [[245, 1, 1, 2586, 2516, 0, -20, 0, 60, 0, 0, 0, -8, 0, 6418], [79, 1, 1, 3465, 2452, 0, 6, 0, 59, 0, 0, 0, 0, 0, 14575], [35, 1, 1, 1067, 1588, 0, 7, 0, 0, 0, 0, 0, -1, 0, 3162]], "2": [[518, 0, 1, 470, 1373, 0, -11, 0, 0, 1, 0, 0, -1, 0, 2183], [350, 0, 2, -1772, -2230, 0, -49, 0, 0, 0, 0, 0, 31, 0, -19151], [99, 0, 1, -233, 1204, 0, 6, 0, 0, 1, 0, 0, -3, 0, 1047], [40, 0, 3, 1083, 78, 0, -70, 0, 0, 1, 0, 0, 36, 0, -7303], [14, 0, 1, -74, -104, 0, -5, 0, 0, 3, 0, 0, 9, 0, 971], [432, 1, 3, -362, 393, 0, -62, 0, 0, -2, 0, 0, 33, 0, -8736], [63, 1, 2, 739, 2400, 0, -19, 0, 0, 4, 0, 0, -6, 0, 7593], [16, 1, 2, 633, -530, 0, -32, 0, 0, 0, 0, 0, 20, 0, -3446], [117, 6, 10, 2903, 6955, 0, -127, 0, 8, 5, 0, 0, 44, 0, 23679], [412, 10, 15, 5508, 6618, 0, -309, 0, -1, 5, 0, 0, 98, 0, 25416], [25, 4, 6, 2970, 5538, 0, -49, 0, -5, 4, 0, 0, 9, 0, 20637], [53, 7, 10, 4257, -154, 0, -47, 0, -8, 6, 0, 0, 109, 0, 14973], [267, 5, 7, 2418, 4875, 0, -107, 0, 0, 2, 0, 0, 46, 0, 29169], [111, 8, 11, 3015, 4464, 0, -18, 0, 0, 4, 0, 0, 58, 0, 26158], [555, 3, 4, 1173, 2257, 0, -78, 0, -1, -2, 0, 0, 14, 0, 23135], [89, 9, 12, 3139, 551, 0, -80, 0, 0, 1, 0, 0, 121, 0, 29173], [12, 4, 5, 2213, 1879, 0, -57, 0, 4, 0, 0, 0, 34, 0, 10665], [497, 3, 3, -142, 1320, 0, -70, 0, -4, -2, 0, 0, 24, 0, 11030], [161, 1, 1, 1691, 2303, 0, -24, 0, 4, 3, 0, 0, -9, 0, 4090], [115, 1, 1, -153, 565, 0, -17, 0, 0, 1, 0, 0, 3, 0, 4540], [79, 1, 1, 910, 886, 0, -12, 0, 0, -1, 0, 0, 4, 0, 11006], [50, 4, 4, 4736, 7999, 0, -43, 0, 0, 8, 0, 0, -13, 0, 21451], [44, 1, 1, 305, 391, 0, 2, 0, 0, -1, 0, 0, 3, 0, 3730], [43, 1, 1, 359, 1698, 0, -23, 0, 0, 0, 0, 0, -4, 0, 7065], [37, 1, 1, -209, -424, 0, -25, 0, 0, 0, 0, 0, 15, 0, -3204], [26, 1, 1, 1790, 1642, 0, 1, 0, 0, 2, 0, 0, -3, 0, 1694], [9, 1, 1, 1457, 1064, 0, -34, 0, 0, 2, 0, 0, 3, 0, 1630], [1, 1, 1, -732, 1036, 0, -43, 0, 4, 0, 0, 0, 3, 0, 1877]], "3": [[150, 0, 1, -126, -1250, 0, -30, 0, 0, 0, 0, 0, 19, 0, -2629], [74, 0, 1, 108, 620, 0, -2, 0, 0, 1, 0, 0, 5, 0, -2773], [21, 0, 1, -536, 636, 0, 15, 0, 0, 1, 0, 0, 9, 0, -1654], [13, 0, 1, 206, 1185, 0, -2, 0, 0, 0, 0, 0, 1, 0, 96], [236, 1, 3, -1323, 2642, 0, 37, 0, 0, -1, 0, 0, 11, 0, 2256], [67, 1, 3, -3938, 2016, 0, -53, 0, 0, 1, 0, 0, 27, 0, 1565], [18, 1, 3, 3381, 5321, 0, 11, 0, 0, 6, 0, 0, -7, 0, 1914], [81, 2, 5, -611, 1723, 0, -12, 0, 0, -1, 0, 0, 38, 0, 11467], [51, 2, 5, -5327, -4652, 0, -57, 0, 0, 3, 0, 0, 85, 0, -22619], [498, 4, 7, 1498, 10897, 0, 125, 0, 0, 12, 0, 0, -25, 0, 13618], [222, 2, 3, 331, 4514, 0, 72, 0, 0, 5, 0, 0, -3, 0, 13703], [145, 3, 4, 886, 4456, 0, 79, 0, -2, 3, 0, 0, 26, 0, 23981], [202, 2, 2, 697, 1502, 0, -3, 0, 4, 2, 0, 0, 16, 0, 12859], [119, 3, 3, 2254, 6129, 0, 109, 0, -11, 2, 0, 0, -21, 0, 9846], [22, 1, 1, 2788, 2980, 0, 82, 0, 0, 3, 0, 0, -4, 0, 10559]], "4": [[20, 0, 2, -3858, -3256, 0, -65, 0, 4, -2, 0, 0, 49, 0, -3495], [201, 0, 1, -1028, -2731, 0, -66, 0, 0, -1, 0, 0, 31, 0, -1773], [113, 0, 1, -2255, -3414, 0, -78, 0, 0, 0, 0, 0, 37, 0, -6351], [203, 0, 3, -847, -313, 0, -46, 0, -4, 1, 0, 0, 29, 0, -4597], [12, 0, 1, -3756, -4998, 0, -100, 0, 0, -2, 0, 0, 26, 0, -17336], [121, 1, 6, -2535, -4218, 0, -190, 0, -4, 9, 0, 0, 89, 0, -28201], [9, 1, 5, -6641, -10346, 0, -255, 0, -4, -7, 0, 0, 134, 0, -16016], [61, 1, 5, -916, -3580, 0, -43, 0, -4, 0, 0, 0, 73, 0, -5062], [26, 3, 13, -9273, -11239, 0, -339, 0, 0, -3, 0, 0, 214, 0, -36965], [37, 1, 4, -7742, -7111, 0, -230, 0, -4, -4, 0, 0, 94, 0, -17998], [51, 4, 14, -3852, 436, 0, 59, 0, 0, -3, 0, 0, 125, 0, -23580], [5, 2, 7, 1149, 110, 0, -82, 0, 1, 5, 0, 0, 71, 0, -1218], [154, 3, 10, -10047, -16367, 0, -441, 0, -8, -5, 0, 0, 244, 0, -30609], [11, 10, 32, -31121, -37003, 0, -720, 0, 24, -22, 0, 0, 642, 0, -72549], [517, 13, 40, -35244, -47822, 0, -1187, 0, -1, -26, 0, 0, 795, 0, -48578], [60, 1, 3, -1459, 294, 0, -37, 0, 2, 0, 0, 0, 28, 0, -1231], [89, 2, 6, -5134, -10471, 0, -279, 0, 1, -6, 0, 0, 143, 0, -16468], [142, 1, 3, 376, -516, 0, -7, 0, 4, 3, 0, 0, 41, 0, -1708], [77, 10, 27, -21851, -27947, 0, -454, 0, 71, -14, 0, 0, 500, 0, -60472], [64, 3, 8, -6008, -5407, 0, -257, 0, 43, 0, 0, 0, 140, 0, -1315], [72, 3, 8, 1625, -3511, 0, -130, 0, 40, 4, 0, 0, 113, 0, -6993], [105, 5, 13, -9341, -17881, 0, -410, 0, 0, 9, 0, 0, 258, 0, -18144], [59, 10, 26, -13691, -17893, 0, -491, 0, -4, 7, 0, 0, 417, 0, -16678], [39, 291, 730, -370129, -197705, 0, 1646, 0, 277, 14, 0, 0, 8801, 0, -551256], [141, 6, 15, -9340, -12201, 0, -297, 0, 4, 5, 0, 0, 247, 0, -25362], [44, 2, 5, -3981, -5232, 0, -179, 0, 9, 0, 0, 0, 99, 0, -15007], [7, 2, 5, -3391, -5052, 0, -132, 0, -3, 1, 0, 0, 95, 0, -5646], [126, 152, 375, -228474, -195042, 0, -4953, 0, 43, -41, 0, 0, 5214, 0, -318267], [58, 587, 1427, -587871, -539160, 0, -13676, 0, 889, -192, 0, 0, 19389, 0, -646198], [1, 14, 34, -16087, -28000, 0, -426, 0, -13, -6, 0, 0, 545, 0, -96695], [84, 252, 610, -283466, -409756, 0, -7482, 0, 1, 30, 0, 0, 9584, 0, -455738], [518, 33, 79, -24173, -14574, 0, -568, 0, -16, -3, 0, 0, 905, 0, -56148], [79, 13, 31, -19072, -31697, 0, -694, 0, 4, -6, 0, 0, 578, 0, -35093], [76, 8, 19, 2803, 6488, 0, -76, 0, 21, 22, 0, 0, 148, 0, 28579], [246, 8, 19, -11749, -12203, 0, -289, 0, -4, 1, 0, 0, 315, 0, 5338], [19, 14, 33, -11620, -18635, 0, -528, 0, 6, 8, 0, 0, 493, 0, -53376], [38, 14, 33, -46124, -58044, 0, -1314, 0, 15, -29, 0, 0, 789, 0, -75012], [48, 26, 61, -21030, -25109, 0, -1136, 0, 60, 33, 0, 0, 829, 0, 4743], [42, 6, 14, -10637, -5696, 0, -258, 0, 12, -4, 0, 0, 177, 0, -12504], [238, 13, 30, -4370, -1312, 0, -210, 0, 1, 22, 0, 0, 324, 0, -28365], [111, 10, 23, -5129, -26218, 0, -592, 0, 8, -7, 0, 0, 456, 0, -38621], [57, 105, 239, -178505, -312168, 0, -7526, 0, -40, -159, 0, 0, 4911, 0, -367021], [35, 22, 50, -36222, -51991, 0, -1369, 0, 32, -7, 0, 0, 967, 0, -92720], [106, 55, 124, -49296, -63052, 0, -2782, 0, 48, 52, 0, 0, 1689, 0, -33159], [45, 12, 27, -2840, -11166, 0, -403, 0, 4, 22, 0, 0, 358, 0, -27040], [555, 9, 20, -21549, -22898, 0, -825, 0, 9, -4, 0, 0, 409, 0, -21159], [75, 299, 660, -579341, -932700, 0, -20846, 0, -4, -308, 0, 0, 13949, 0, -1362707], [266, 357, 783, -153925, -302798, 0, -8442, 0, 335, 359, 0, 0, 10467, 0, -216647], [236, 52, 114, -16586, 33327, 0, 293, 0, 67, 44, 0, 0, 840, 0, -40248], [68, 120, 263, -98840, -205345, 0, -4350, 0, 9, 16, 0, 0, 4342, 0, -313762], [81, 22, 48, -33055, -18266, 0, -795, 0, 7, -25, 0, 0, 609, 0, -40783], [92, 523, 1134, -684882, -839507, 0, -18723, 0, 542, 32, 0, 0, 18098, 0, -931117], [104, 12, 26, -1541, 3385, 0, 130, 0, -6, 3, 0, 0, 237, 0, 21417], [18, 42, 91, -16264, 13428, 0, -562, 0, 34, 30, 0, 0, 889, 0, 40846], [31, 169, 365, -186960, -281474, 0, -6629, 0, 129, 16, 0, 0, 5902, 0, -242348], [43, 27, 58, -25779, -24847, 0, -1145, 0, -22, -2, 0, 0, 791, 0, -92226], [34, 7, 15, 651, -4946, 0, -186, 0, 12, 9, 0, 0, 195, 0, -1572], [102, 21, 45, -16940, -28922, 0, -727, 0, 14, -4, 0, 0, 692, 0, -7884], [8, 384, 815, -452672, -643936, 0, -11458, 0, -42, -264, 0, 0, 13264, 0, -774776], [91, 9, 19, -20442, -12865, 0, -449, 0, 10, -3, 0, 0, 276, 0, 20485], [41, 372, 782, -318867, -342444, 0, -12416, 0, -54, -135, 0, 0, 10524, 0, -343310], [98, 299, 620, -447785, -764991, 0, -20921, 0, 50, -117, 0, 0, 12533, 0, -403963], [157, 257, 531, -187537, -147214, 0, -1621, 0, 279, -59, 0, 0, 6538, 0, 2088], [36, 91, 188, -121436, -176639, 0, -3886, 0, 89, -54, 0, 0, 3311, 0, -189177], [122, 848, 1744, -487341, -188330, 0, -5204, 0, 170, 541, 0, 0, 19785, 0, -66058], [240, 283, 581, -91971, -35837, 0, -6743, 0, 307, 354, 0, 0, 6234, 0, 88877], [24, 473, 971, -726518, -837255, 0, -22349, 0, 1148, -76, 0, 0, 16603, 0, -955169], [164, 280, 574, -345265, -401671, 0, -12558, 0, 11, -4, 0, 0, 9167, 0, -469753], [54, 272, 557, -391246, -722340, 0, -19559, 0, 19, -125, 0, 0,