{"primary_winrate_percent": 46.412506303580436, "matchups_top": 46.412506303580436, "matchups_jungle": 32.631578947368425, "matchups_mid": 44.517894587198356, "matchups_adc": 39.54727030625832, "matchups_support": 25.31645569620253, "roles": [4, 5, 3, 1, 2]}