{"primary_winrate_percent": 46.40391146941365, "winrate_top": 46.40391146941365, "winrate_jungle": 32.323232323232325, "winrate_mid": 44.494918134579564, "winrate_adc": 39.50310559006211, "winrate_support": 26.436781609195403, "roles": [4, 5, 3, 1, 2], "matchups_top": [[6, 455, 757], [27, 299, 500], [420, 439, 736], [114, 1601, 2702], [24, 1245, 2134], [240, 563, 971], [14, 251, 435], [86, 1354, 2350], [23, 533, 932], [75, 549, 975], [82, 1023, 1831], [58, 1215, 2176], [17, 539, 976], [98, 602, 1093], [78, 342, 621], [54, 531, 965], [92, 1306, 2380], [164, 738, 1358], [80, 622, 1146], [67, 307, 572]], "matchups_jungle": [[28, 2, 2], [77, 1, 1], [24, 3, 3], [29, 1, 1], [203, 1, 1], [19, 4, 4], [60, 4, 4], [33, 3, 3], [2, 1, 1], [163, 1, 1], [421, 2, 2], [32, 1, 1], [76, 1, 1], [79, 1, 1], [238, 1, 1], [68, 2, 2], [254, 2, 2], [11, 2, 2], [120, 3, 4], [245, 3, 4]], "matchups_mid": [[42, 101, 163], [105, 505, 821], [90, 365, 600], [131, 402, 677], [54, 102, 174], [99, 409, 698], [45, 446, 763], [34, 184, 317], [136, 111, 194], [127, 226, 395], [58, 117, 205], [80, 201, 353], [74, 103, 181], [55, 623, 1099], [142, 375, 663], [1, 218, 386], [103, 701, 1244], [157, 1174, 2091], [8, 558, 995], [238, 1214, 2169]], "matchups_adc": [[21, 21, 27], [29, 7, 9], [157, 10, 13], [67, 38, 54], [119, 12, 19], [96, 5, 8], [236, 44, 71], [74, 6, 10], [202, 21, 35], [81, 46, 77], [51, 32, 54], [222, 31, 53], [145, 79, 136], [110, 4, 7], [22, 44, 77], [15, 8, 14], [498, 44, 78], [18, 11, 24], [45, 2, 5]], "matchups_support": [[9, 1, 1], [44, 1, 1], [54, 1, 1], [106, 1, 1], [111, 5, 5], [143, 3, 3], [201, 3, 3], [432, 1, 1], [555, 2, 2], [412, 6, 7], [40, 5, 6], [89, 4, 5], [267, 4, 5], [53, 6, 8], [497, 3, 4], [16, 2, 3], [25, 4, 6], [43, 2, 3], [117, 4, 6], [161, 2, 3]]}