{"primary_winrate_percent": 0.46412506303580436, "matchups_top": 0.46412506303580436, "matchups_jungle": 0.3263157894736842, "matchups_mid": 0.44517894587198353, "matchups_adc": 0.3954727030625832, "matchups_support": 0.25316455696202533, "roles": [4, 5, 3, 1, 2]}