{"primary_winrate_percent": 50.38675038675039, "lane_winrates": {"1": 50.38675038675039, "2": 43.050847457627114, "3": 32.142857142857146, "4": 32.075471698113205, "5": 38.70967741935484}, "roles": [1, 2, 4, 5, 3], "matchups": {"1": [[202, 0, 1, -1783, -2151, 0, 0, 0, -21, -2, 0, 0, 22, 0, -7227], [13, 0, 1, 1388, 2033, 0, 27, 0, -1, 2, 0, 0, -8, 0, 1576], [1, 0, 1, -2278, -1515, 0, -5, 0, -35, -1, 0, 0, 14, 0, -15990], [55, 0, 1, -943, -395, 0, 2, 0, -9, 0, 0, 0, 6, 0, -4413], [268, 0, 1, 755, 582, 0, 26, 0, 3, 0, 0, 0, 3, 0, -5134], [240, 0, 2, 475, 2492, 0, 8, 0, -1, 1, 0, 0, -9, 0, 6486], [103, 0, 1, -646, -267, 0, 11, 0, -28, 1, 0, 0, 10, 0, -11945], [114, 0, 1, -713, -869, 0, 1, 0, 3, -2, 0, 0, 11, 0, -4995], [89, 0, 1, 505, -839, 0, 14, 0, -41, -1, 0, 0, 17, 0, -3860], [27, 0, 1, 169, -474, 0, 28, 0, 11, -1, 0, 0, 15, 0, 496], [117, 0, 1, -92, 800, 0, 15, 0, -12, -1, 0, 0, 11, 0, 1298], [157, 0, 2, -127, 27, 0, 11, 0, -6, 1, 0, 0, 21, 0, -688], [53, 0, 1, -3225, -3049, 0, 3, 0, -60, -1, 0, 0, 23, 0, -12092], [38, 0, 2, 1557, 1560, 0, 35, 0, 7, 1, 0, 0, 11, 0, -8423], [12, 0, 1, -803, -1129, 0, -1, 0, -4, 0, 0, 0, 17, 0, -7188], [67, 1, 5, -1772, -1678, 0, 16, 0, -25, -2, 0, 0, 57, 0, -17621], [57, 3, 14, -9038, -5668, 0, 37, 0, -142, -9, 0, 0, 178, 0, -30302], [164, 9, 37, -16892, 4194, 0, 36, 0, -373, 13, 0, 0, 324, 0, -44094], [105, 1, 4, -832, -369, 0, 0, 0, -59, 1, 0, 0, 34, 0, -3542], [81, 1, 4, 624, 2111, 0, 39, 0, 9, 1, 0, 0, 17, 0, -7427], [82, 2, 7, -228, 1336, 0, 4, 0, 35, 1, 0, 0, 55, 0, -16899], [72, 15, 47, 1842, 4479, 0, 121, 0, 206, 7, 0, 0, 428, 0, -11832], [133, 1, 3, -2042, -2262, 0, 1, 0, -35, -3, 0, 0, 31, 0, -442], [18, 1, 3, 990, 3217, 0, 15, 0, 0, 3, 0, 0, -4, 0, 6413], [266, 5, 14, 2944, 9662, 0, 67, 0, -36, 10, 0, 0, 36, 0, 4118], [31, 7, 18, -8553, 1755, 0, 73, 0, -167, 3, 0, 0, 168, 0, -26685], [32, 73, 183, -6478, 23351, 0, 568, 0, 261, -9, 0, 0, 1591, 0, -90862], [516, 2, 5, 1551, 50, 0, 4, 0, 31, 1, 0, 0, 55, 0, -8279], [246, 35, 87, -15291, 23924, 0, 282, 0, -432, 13, 0, 0, 674, 0, -24386], [106, 45, 105, -18904, 31357, 0, 487, 0, -314, 30, 0, 0, 741, 0, 50455], [92, 3, 7, 6539, 6240, 0, 68, 0, 82, 8, 0, 0, 25, 0, 6396], [24, 78, 181, -22079, 28478, 0, 527, 0, 393, 32, 0, 0, 1521, 0, -148153], [131, 10, 23, 520, 3915, 0, 52, 0, 25, 6, 0, 0, 184, 0, 7547], [104, 102, 233, 47054, 138074, 0, 1586, 0, 1104, 33, 0, 0, 1111, 0, 40073], [20, 91, 206, -58722, -189, 0, 932, 0, -925, -15, 0, 0, 2046, 0, -127013], [59, 219, 494, -22562, 213818, 0, 2201, 0, -1971, 144, 0, 0, 3035, 0, 176928], [113, 32, 71, -15649, 2189, 0, 299, 0, -147, -1, 0, 0, 644, 0, -71349], [29, 39, 86, -25827, 40473, 0, 561, 0, -1125, 20, 0, 0, 498, 0, 12368], [145, 5, 11, -1395, -1223, 0, 18, 0, 3, -4, 0, 0, 113, 0, -14978], [77, 47, 103, 20230, 58874, 0, 316, 0, 604, 44, 0, 0, 512, 0, 36187], [79, 113, 244, -68916, 2881, 0, 547, 0, -1041, 14, 0, 0, 2310, 0, -34584], [421, 72, 154, 22720, 100238, 0, 441, 0, 90, 59, 0, 0, 737, 0, 119662], [203, 61, 129, 2870, 71993, 0, 460, 0, -83, 54, 0, 0, 651, 0, 81031], [80, 66, 138, 12643, 93361, 0, 608, 0, -472, 63, 0, 0, 618, 0, 154206], [141, 313, 654, 86713, 327484, 0, 2479, 0, 1601, 222, 0, 0, 3446, 0, 39450], [33, 68, 142, -42291, -10630, 0, 443, 0, -1077, -4, 0, 0, 1511, 0, -39355], [60, 219, 456, -71287, 149433, 0, 966, 0, -3078, 99, 0, 0, 3285, 0, 145623], [28, 135, 279, 42740, 124439, 0, 272, 0, 652, 54, 0, 0, 1613, 0, 18521], [36, 76, 157, 74523, 113604, 0, 877, 0, 1798, 37, 0, 0, 560, 0, 117004], [30, 100, 205, 113535, 142133, 0, 1462, 0, 1807, 18, 0, 0, 840, 0, 15797], [54, 82, 167, -21795, 17235, 0, 403, 0, -339, -1, 0, 0, 1420, 0, -42304], [76, 95, 193, 86368, 159930, 0, 765, 0, 1008, 110, 0, 0, 681, 0, 192415], [48, 15, 30, -10721, -712, 0, 95, 0, -94, 7, 0, 0, 290, 0, -26266], [236, 1, 2, -786, -481, 0, 4, 0, -3, -1, 0, 0, 25, 0, 1225], [68, 3, 6, 2685, 4876, 0, 47, 0, -31, 0, 0, 0, 21, 0, -3084], [78, 14, 28, -4507, 15616, 0, 62, 0, -23, 5, 0, 0, 132, 0, 46519], [98, 2, 4, -787, 651, 0, -4, 0, 14, 0, 0, 0, 29, 0, -3741], [44, 2, 4, -4232, -1487, 0, 23, 0, -113, 1, 0, 0, 44, 0, 11947], [497, 1, 2, -3584, -3379, 0, 4, 0, -85, 0, 0, 0, 51, 0, -6510], [245, 344, 674, 23268, 268225, 0, 3327, 0, -1211, 136, 0, 0, 4348, 0, 258062], [64, 695, 1353, 88302, 804664, 0, 4208, 0, -2221, 569, 0, 0, 6558, 0, 1141512], [9, 33, 64, -1829, 25255, 0, 266, 0, 7, 6, 0, 0, 408, 0, 39550], [19, 138, 267, 5964, 156629, 0, 617, 0, 372, 109, 0, 0, 1409, 0, 276138], [121, 381, 735, 70908, 400300, 0, 1468, 0, 1653, 328, 0, 0, 3638, 0, 342809], [5, 107, 206, -8438, 106434, 0, 571, 0, -317, 89, 0, 0, 1129, 0, 146480], [154, 159, 306, 4932, 48303, 0, 1481, 0, -1850, 7, 0, 0, 2592, 0, 119823], [254, 148, 284, 50718, 131862, 0, 730, 0, 1148, 31, 0, 0, 1746, 0, 214038], [120, 204, 391, 112908, 304478, 0, 1708, 0, 1427, 99, 0, 0, 1358, 0, 489334], [102, 56, 107, 32430, 43127, 0, 594, 0, 849, 8, 0, 0, 620, 0, -12399], [163, 54, 102, 12536, 36488, 0, 444, 0, -247, 34, 0, 0, 716, 0, 81615], [11, 204, 375, 90424, 251919, 0, 1787, 0, 2371, 146, 0, 0, 1624, 0, 153071], [2, 93, 170, 73335, 165596, 0, 762, 0, 1113, 105, 0, 0, 242, 0, 135228], [35, 215, 388, 10648, 201445, 0, 1308, 0, -1274, 171, 0, 0, 2166, 0, 354824], [107, 129, 228, 119043, 208002, 0, 1517, 0, 1427, 117, 0, 0, 435, 0, 355505], [517, 21, 37, -1483, 15174, 0, 175, 0, -22, 7, 0, 0, 236, 0, 26612], [56, 141, 244, 78780, 176999, 0, 1273, 0, 1079, 103, 0, 0, 946, 0, 175867], [86, 7, 12, -4159, 2147, 0, 24, 0, -33, 0, 0, 0, 105, 0, -1482], [17, 3, 5, -562, 279, 0, 25, 0, -21, 2, 0, 0, 37, 0, -18107], [62, 25, 41, -9041, -5444, 0, 119, 0, -169, 9, 0, 0, 424, 0, -1284], [14, 2, 3, -619, 2184, 0, 16, 0, -2, 2, 0, 0, 11, 0, 808], [75, 3, 4, -2541, -2034, 0, 25, 0, -34, 2, 0, 0, 55, 0, -10002], [6, 3, 4, -3989, 1060, 0, 14, 0, -31, 1, 0, 0, 41, 0, 859], [23, 9, 12, -54, 6556, 0, 10, 0, 117, 1, 0, 0, 56, 0, 10641], [111, 5, 6, -1255, 3255, 0, 29, 0, -66, 2, 0, 0, 29, 0, 4627], [429, 1, 1, 1303, 1193, 0, -7, 0, 6, 1, 0, 0, 1, 0, 4626], [83, 1, 1, 237, 801, 0, 9, 0, 3, 0, 0, 0, 0, 0, 4765], [136, 1, 1, 176, 404, 0, 17, 0, -13, 1, 0, 0, 7, 0, 6983], [518, 1, 1, 527, 746, 0, -2, 0, 33, 1, 0, 0, 0, 0, 1064], [91, 1, 1, -114, 337, 0, -2, 0, -10, 2, 0, 0, 4, 0, 2761], [10, 1, 1, 73, 515, 0, 4, 0, -16, 0, 0, 0, 7, 0, -1826], [555, 1, 1, -601, 171, 0, 15, 0, -37, 2, 0, 0, 9, 0, 1229], [4, 1, 1, 673, 2054, 0, 14, 0, 7, 1, 0, 0, -11, 0, 4987]],