{"primary_winrate_percent": 50.65203705369188, "winrate_top": 33.980582524271846, "winrate_jungle": 50.65203705369188, "winrate_mid": 35.82089552238806, "winrate_adc": 30.0, "winrate_support": 43.53741496598639, "roles": [1, 2, 4, 5, 3], "matchups_top": [[16, 1, 1], [23, 1, 1], [90, 1, 1], [24, 2, 2], [107, 1, 1], [27, 1, 1], [240, 3, 3], [54, 2, 2], [14, 1, 1], [57, 1, 1], [10, 2, 2], [43, 1, 1], [74, 3, 3], [106, 1, 1], [6, 2, 2], [1, 1, 1], [85, 1, 1], [13, 4, 4], [75, 1, 1], [83, 1, 1]], "matchups_jungle": [[56, 141, 251], [35, 215, 393], [5, 105, 192], [163, 59, 108], [107, 130, 238], [2, 92, 169], [19, 144, 268], [11, 209, 391], [9, 36, 68], [102, 58, 112], [154, 155, 300], [64, 699, 1357], [245, 342, 673], [121, 381, 750], [120, 197, 388], [254, 148, 294], [36, 80, 160], [30, 103, 209], [33, 67, 140], [28, 135, 283]], "matchups_mid": [[142, 2, 2], [134, 2, 2], [80, 1, 1], [27, 1, 1], [31, 1, 1], [103, 7, 7], [101, 1, 1], [91, 1, 1], [55, 1, 1], [3, 3, 3], [518, 1, 1], [7, 2, 2], [8, 3, 3], [17, 1, 1], [238, 1, 1], [68, 1, 1], [517, 1, 1], [236, 1, 1], [13, 2, 3], [127, 1, 2]], "matchups_adc": [[21, 1, 1], [22, 1, 1], [29, 1, 1], [81, 2, 2], [222, 1, 1], [429, 1, 1], [498, 3, 3], [145, 5, 6], [67, 3, 4], [110, 1, 2], [51, 2, 5], [202, 0, 2], [236, 0, 1]], "matchups_support": [[43, 9, 10], [40, 25, 32], [432, 11, 16], [201, 6, 9], [497, 21, 33], [117, 20, 32], [161, 5, 8], [111, 32, 52], [54, 3, 5], [9, 3, 5], [50, 6, 10], [16, 13, 22], [350, 12, 21], [53, 14, 25], [25, 19, 34], [26, 5, 9], [63, 5, 9], [267, 17, 31], [89, 19, 36], [412, 37, 71]]}