{"primary_winrate_percent": 50.93896713615024, "matchups_top": 34.40860215053764, "matchups_jungle": 50.93896713615024, "matchups_mid": 36.92307692307693, "matchups_adc": 31.03448275862069, "matchups_support": 43.7847866419295, "roles": [1, 2, 4, 5, 3]}