{"primary_winrate_percent": 0.5093896713615024, "matchups_top": 0.34408602150537637, "matchups_jungle": 0.5093896713615024, "matchups_mid": 0.36923076923076925, "matchups_adc": 0.3103448275862069, "matchups_support": 0.437847866419295, "roles": [1, 2, 4, 5, 3]}