{"primary_winrate_percent": 52.68002099583745, "lane_winrates": {"1": 20.0, "2": 52.68002099583745, "3": 45.714285714285715, "4": 40.588235294117645, "5": 41.358024691358025}, "roles": [2, 5, 4, 3, 1], "matchups": {"1": [[145, 0, 1, 119, 839, 0, 2, 0, 7, 0, 0, 0, 0, 0, 791], [54, 0, 1, -801, -385, 0, -13, 0, 8, 0, 0, 0, 15, 0, -3630], [19, 0, 1, 154, 568, 0, 7, 0, 14, 0, 0, 0, 7, 0, -3522], [107, 2, 3, 3756, 3867, 0, -49, 0, 150, 0, 0, 0, -14, 0, 3556], [59, 3, 4, 5802, 8856, 0, 1, 0, 158, 2, 0, 0, -9, 0, 26232], [245, 1, 1, 1979, 2146, 0, 22, 0, 28, 3, 0, 0, -7, 0, 4928], [154, 1, 1, 1292, 766, 0, 0, 0, 40, 0, 0, 0, 6, 0, 12312], [121, 1, 1, 989, 1511, 0, -1, 0, 45, 3, 0, 0, 0, 0, 8853], [120, 1, 1, 6300, 4684, 0, 9, 0, 107, 1, 0, 0, -4, 0, 15803], [79, 1, 1, 3095, 2489, 0, -19, 0, 65, 0, 0, 0, -1, 0, 13251], [77, 1, 1, 6583, 5377, 0, 26, 0, 90, 1, 0, 0, -9, 0, 14203], [64, 1, 1, 2678, 4768, 0, -29, 0, 59, 2, 0, 0, -3, 0, 16900], [56, 1, 1, 2554, 2567, 0, 9, 0, 44, 0, 0, 0, -13, 0, 5209], [35, 1, 1, 4739, 3399, 0, 33, 0, 43, 0, 0, 0, -10, 0, 7358], [32, 2, 2, 2049, 162, 0, 10, 0, 46, -1, 0, 0, 16, 0, -1717], [30, 1, 1, 3518, 4086, 0, 30, 0, 82, 4, 0, 0, -24, 0, 6462], [9, 2, 2, 877, 1758, 0, 4, 0, 22, 3, 0, 0, -9, 0, 1989], [2, 1, 1, 1461, 3346, 0, -20, 0, 88, 0, 0, 0, -1, 0, 14148]], "2": [[11, 0, 1, -480, -847, 0, 25, 0, 0, 0, 0, 0, 11, 0, -9217], [83, 0, 2, 1069, 1116, 0, 122, 0, 0, 0, 0, 0, 17, 0, -19421], [141, 0, 1, -1650, -1406, 0, 13, 0, 0, 0, 0, 0, 21, 0, -6969], [238, 0, 4, -627, -309, 0, 154, 0, 0, 1, 0, 0, 40, 0, -9124], [122, 0, 2, -1331, -1967, 0, 21, 0, 0, -2, 0, 0, 35, 0, -13347], [202, 0, 1, -506, 20, 0, 23, 0, 0, 0, 0, 0, 9, 0, -2612], [126, 0, 1, 232, 215, 0, 18, 0, 0, -1, 0, 0, 9, 0, -4168], [222, 0, 2, -3872, -2592, 0, 10, 0, -4, 0, 0, 0, 37, 0, -7879], [119, 0, 5, 5254, 5661, 0, 269, 0, 12, -2, 0, 0, 4, 0, -8091], [133, 0, 1, -527, 448, 0, 8, 0, 0, 0, 0, 0, 6, 0, 1944], [113, 0, 5, -1761, -2721, 0, 100, 0, 5, 2, 0, 0, 68, 0, -17417], [72, 0, 3, -1557, -5112, 0, 33, 0, 0, -4, 0, 0, 72, 0, -5235], [19, 0, 1, 299, -267, 0, 29, 0, 0, 0, 0, 0, 8, 0, 2789], [56, 0, 2, -269, -2069, 0, 77, 0, 6, -2, 0, 0, 28, 0, -13865], [498, 0, 1, -1350, -1888, 0, 55, 0, 0, -1, 0, 0, 21, 0, -8400], [268, 0, 2, -1463, 344, 0, -7, 0, 4, -2, 0, 0, 21, 0, -1132], [5, 0, 1, -810, -1630, 0, 22, 0, 0, 0, 0, 0, 23, 0, -4918], [29, 0, 1, -1551, -2455, 0, 10, 0, 0, -3, 0, 0, 21, 0, -11937], [114, 0, 1, 538, -745, 0, 31, 0, 0, -1, 0, 0, 12, 0, -4308], [96, 0, 1, -127, 73, 0, 87, 0, 0, 0, 0, 0, 10, 0, -8191], [110, 0, 3, 1008, 1043, 0, 9, 0, -4, 1, 0, 0, 15, 0, -12261], [38, 0, 1, -616, 62, 0, 25, 0, 0, 1, 0, 0, 7, 0, 484], [30, 1, 8, 232, 345, 0, 48, 0, 5, -6, 0, 0, 87, 0, -678], [240, 1, 7, -3592, -3338, 0, 154, 0, 12, 2, 0, 0, 75, 0, -37575], [517, 2, 12, -1923, -4280, 0, 205, 0, -4, -1, 0, 0, 142, 0, -43520], [68, 1, 6, -763, -2520, 0, 57, 0, 0, -2, 0, 0, 81, 0, -1823], [33, 1, 6, -4271, -9168, 0, 97, 0, 0, -2, 0, 0, 126, 0, -22073], [136, 2, 11, 230, 470, 0, 143, 0, 0, -4, 0, 0, 97, 0, -7792], [427, 6, 32, -4625, -13472, 0, -6, 0, 109, 1, 0, 0, 409, 0, -62126], [62, 1, 5, 2117, 413, 0, 131, 0, 4, 0, 0, 0, 61, 0, 3508], [39, 1, 5, -4144, -5567, 0, 298, 0, 4, -1, 0, 0, 73, 0, -40794], [27, 1, 5, 2058, 2138, 0, 175, 0, 0, 0, 0, 0, 22, 0, 9186], [112, 1, 5, -1053, 301, 0, 58, 0, -2, 1, 0, 0, 45, 0, -10954], [31, 5, 22, -2442, -1278, 0, 275, 0, 4, 16, 0, 0, 224, 0, -24352], [58, 1, 4, -262, -4853, 0, 132, 0, 1, -2, 0, 0, 59, 0, -19615], [7, 8, 29, -9657, 857, 0, 66, 0, 4, 14, 0, 0, 290, 0, -4624], [76, 4, 14, -10963, -4314, 0, 1, 0, 4, 4, 0, 0, 169, 0, -23993], [55, 2, 7, -2035, -5630, 0, 97, 0, 0, -5, 0, 0, 91, 0, -32577], [64, 7, 24, -8440, -16402, 0, 418, 0, 1, -3, 0, 0, 372, 0, -29473], [157, 3, 10, 5083, 8152, 0, 488, 0, 2, 1, 0, 0, 29, 0, -8018], [90, 11, 36, -10014, -3920, 0, 339, 0, -2, -5, 0, 0, 368, 0, -21739], [60, 4, 13, 3977, 6510, 0, 65, 0, 20, 1, 0, 0, 89, 0, 7133], [14, 12, 38, -5758, -11683, 0, 907, 0, -4, 1, 0, 0, 454, 0, -67886], [36, 2, 6, -2715, -1104, 0, 160, 0, 0, -2, 0, 0, 74, 0, -13563], [84, 1, 3, -3650, -3412, 0, 9, 0, -4, -1, 0, 0, 37, 0, -14441], [82, 3, 9, -536, -350, 0, 148, 0, 0, -1, 0, 0, 83, 0, -11345], [41, 1, 3, -2727, -1474, 0, -9, 0, 0, -1, 0, 0, 38, 0, -14215], [4, 5, 15, 401, 5504, 0, 130, 0, 0, 1, 0, 0, 84, 0, 10440], [81, 14, 41, -5179, 10785, 0, 182, 0, 2, -3, 0, 0, 328, 0, -22055], [86, 18, 51, 13093, 30643, 0, 3620, 0, 16, 13, 0, 0, 236, 0, -58067], [85, 5, 14, 551, -907, 0, 74, 0, 8, 4, 0, 0, 129, 0, -16614], [142, 13, 35, -5842, -675, 0, 265, 0, 9, 7, 0, 0, 333, 0, -57350], [245, 3, 8, -1686, -4512, 0, 96, 0, 2, 0, 0, 0, 113, 0, -19374], [350, 935, 2465, -6869, -546060, 0, -3579, 0, -118, 222, 0, 0, 28404, 0, -2492921], [223, 61, 156, 5364, -19989, 0, 3047, 0, 12, 10, 0, 0, 1739, 0, -15612], [79, 58, 148, -3364, -15602, 0, 828, 0, 50, 21, 0, 0, 1547, 0, -34048], [1, 93, 237, -15512, -7897, 0, 1032, 0, -4, 26, 0, 0, 2399, 0, -103928], [201, 533, 1317, -81878, -481642, 0, 22289, 0, -9, -139, 0, 0, 17061, 0, -1054349], [164, 5, 12, 764, 1475, 0, 279, 0, 0, 0, 0, 0, 109, 0, 20077], [3, 75, 177, -415, -17120, 0, 3009, 0, 21, 34, 0, 0, 1832, 0, 47370], [12, 550, 1290, -150621, -491978, 0, 19200, 0, -44, -121, 0, 0, 16709, 0, -1090241], [48, 3, 7, 449, -3769, 0, 132, 0, 0, -1, 0, 0, 81, 0, -24727], [20, 3, 7, 1203, 979, 0, 130, 0, 40, -1, 0, 0, 47, 0, -4149], [10, 18, 42, 120, -4527, 0, 137, 0, -4, -5, 0, 0, 431, 0, -6195], [54, 220, 502, 4991, -39649, 0, 3398, 0, 107, 180, 0, 0, 5189, 0, -331569], [98, 92, 209, 15707, -35656, 0, 3938, 0, 58, 43, 0, 0, 2406, 0, -96732], [555, 1990, 4516, 434211, 1913502, 0, 58493, 0, 118, 2341, 0, 0, 28070, 0, 2622714], [45, 160, 359, -13969, -10982, 0, 2104, 0, 21, 86, 0, 0, 3594, 0, -235799], [21, 65, 145, 22158, 78899, 0, 1064, 0, -5, 22, 0, 0, 871, 0, 186437], [44, 233, 519, -33731, -190363, 0, 8939, 0, 15, -29, 0, 0, 6598, 0, -357567], [516, 27, 60, 343, -5920, 0, 1296, 0, 6, -9, 0, 0, 653, 0, 19578], [43, 857, 1901, -48544, 127519, 0, 5205, 0, 156, 76, 0, 0, 18039, 0, 249030], [57, 80, 177, -20493, -28317, 0, 2361, 0, 36, -16, 0, 0, 1982, 0, -119572], [32, 5, 11, -808, -1931, 0, 138, 0, 0, -3, 0, 0, 126, 0, 4036], [59, 20, 44, -3517, 9927, 0, 360, 0, 52, 2, 0, 0, 346, 0, 46455], [497, 2239, 4854, -248905, -686473, 0, -1134, 0, 2, -1, 0, 0, 53646, 0, -1907700], [134, 18, 39, 77, 11426, 0, 500, 0, -8, 2, 0, 0, 321, 0, 17265], [518, 109, 236, 3641, 58058, 0, 1320, 0, 40, 19, 0, 0, 1852, 0, 90763], [99, 1095, 2349, 560, 284562, 0, 9106, 0, 203, 601, 0, 0, 20948, 0, 140679], [17, 63, 135, -21685, 6678, 0, 502, 0, 86, 7, 0, 0, 1236, 0, -120846], [115, 22, 47, 8358, 26083, 0, 441, 0, 4, 13, 0, 0, 261, 0, 48297], [74, 15, 32, 5774, 18992, 0, 654, 0, 8, 12, 0, 0, 178, 0, 769], [78, 46, 98, -6252, -18877, 0, 1778, 0, 14, 6, 0, 0, 1102, 0, -20175], [25, 2555, 5441, 206942, 878769, 0, 16683, 0, 410, 712, 0, 0, 46896, 0, 1600403], [412, 4997, 10620, 315429, 1214981, 0, 915, 0, -56, 347, 0, 0, 96977, 0, 2728583], [106, 42, 89, 12657, -535, 0, 1789, 0, 10, 20, 0, 0, 882, 0, -10220], [61, 17, 36, -936, 8547, 0, 299, 0, -12, 3, 0, 0, 280, 0, -28957], [161, 487, 1026, 115720, 342173, 0, 6043, 0, 75, 350, 0, 0, 7366, 0, 388659], [89, 2808, 5911, 623870, -483916, 0, 101191, 0, -126, 316, 0, 0, 62807, 0, 1050819], [50, 722, 1514, 235251, 629153, 0, 5236, 0, 43, 477, 0, 0, 10384, 0, 1387519], [101, 357, 741, 156366, 365833, 0, 3777, 0, 118, 294, 0, 0, 4474, 0, 696571], [37, 524, 1084, -70873, 54430, 0, 319, 0, -1, 49, 0, 0, 10252, 0, -400016], [9, 555, 1141, 91378, 254010, 0, 7438, 0, 259, 151, 0, 0, 9298, 0, 496740], [117, 2517, 5167, 196430, -276265, 0, 314, 0, -81, 255, 0, 0, 53860, 0, -745530], [26, 599, 1228, 288448, 24463, 0, 5961, 0, 24, 176, 0, 0, 11941, 0, -100357], [35, 313, 637, -37926, 94070, 0, 1909, 0, 162, 197, 0, 0, 5388, 0, 72267], [267, 2931, 5877, 197024, -153267, 0, -8647, 0, -149, 341, 0, 0, 59687, 0, 601329], [111, 3028, 6057, 1109383, 471576, 0, 107174, 0, 55, 1055, 0, 0, 57436, 