{"primary_winrate_percent": 52.77878854037794, "winrate_top": 39.88095238095239, "winrate_jungle": 18.181818181818183, "winrate_mid": 40.476190476190474, "winrate_adc": 48.484848484848484, "winrate_support": 52.77878854037794, "roles": [2, 5, 4, 3, 1], "matchups_top": [[31, 1, 1], [203, 1, 1], [41, 2, 2], [106, 1, 1], [2, 1, 1], [45, 1, 1], [126, 3, 3], [69, 2, 2], [85, 2, 2], [518, 1, 1], [67, 1, 1], [50, 1, 1], [78, 2, 2], [517, 1, 1], [83, 2, 2], [48, 1, 1], [105, 1, 1], [58, 6, 7], [23, 4, 5], [10, 4, 5]], "matchups_jungle": [[2, 1, 1], [9, 1, 1], [30, 1, 1], [32, 1, 1], [35, 1, 1], [56, 1, 1], [59, 3, 3], [64, 1, 1], [77, 1, 1], [79, 1, 1], [120, 1, 1], [121, 1, 1], [154, 1, 1], [245, 1, 1], [107, 2, 3], [19, 0, 1], [54, 0, 1], [145, 0, 1]], "matchups_mid": [[4, 4, 4], [142, 2, 2], [38, 6, 6], [114, 1, 1], [54, 1, 1], [268, 2, 2], [101, 1, 1], [10, 1, 1], [82, 1, 1], [126, 2, 2], [8, 6, 6], [161, 1, 1], [517, 1, 1], [236, 1, 1], [164, 1, 1], [39, 1, 1], [131, 5, 6], [84, 7, 9], [90, 3, 4], [18, 3, 4]], "matchups_adc": [[110, 1, 1], [134, 1, 1], [222, 3, 4], [81, 2, 3], [498, 3, 5], [145, 4, 7], [18, 1, 2], [22, 1, 2], [236, 1, 4], [21, 0, 1], [51, 0, 1], [119, 0, 1], [157, 0, 1]], "matchups_support": [[432, 853, 1671], [53, 2518, 4935], [111, 3049, 6096], [267, 2948, 5897], [16, 1269, 2540], [63, 800, 1605], [143, 777, 1569], [9, 566, 1146], [35, 312, 636], [26, 614, 1255], [117, 2539, 5206], [37, 525, 1089], [161, 491, 1028], [50, 725, 1518], [101, 355, 746], [89, 2811, 5942], [99, 1122, 2384], [412, 4979, 10640], [25, 2544, 5469], [497, 2262, 4928]]}