{"primary_winrate_percent": 0.5282049265216764, "matchups_top": 0.40522875816993464, "matchups_jungle": 0.14285714285714285, "matchups_mid": 0.391025641025641, "matchups_adc": 0.48484848484848486, "matchups_support": 0.5282049265216764, "roles": [2, 5, 4, 3, 1]}