{"primary_winrate_percent": 52.82049265216764, "matchups_top": 40.52287581699346, "matchups_jungle": 14.285714285714285, "matchups_mid": 39.1025641025641, "matchups_adc": 48.484848484848484, "matchups_support": 52.82049265216764, "roles": [2, 5, 4, 3, 1]}