{"primary_winrate_percent": 0.5019586811546892, "matchups_top": 0.48896068928379105, "matchups_jungle": 0.5019586811546892, "matchups_mid": 0.5191986644407346, "matchups_adc": 0.49295774647887325, "matchups_support": 0.4408033826638478, "roles": [1, 4, 2, 5, 3]}