{"primary_winrate_percent": 50.175637151795335, "winrate_top": 48.67256637168141, "winrate_jungle": 50.175637151795335, "winrate_mid": 51.71385991058122, "winrate_adc": 48.0, "winrate_support": 43.96887159533074, "roles": [1, 4, 2, 5, 3], "matchups_top": [[57, 16, 21], [112, 12, 16], [98, 30, 45], [14, 13, 20], [36, 7, 11], [240, 26, 42], [27, 8, 13], [86, 48, 78], [420, 16, 26], [13, 32, 53], [41, 52, 89], [6, 18, 31], [78, 15, 26], [24, 40, 71], [58, 36, 66], [17, 28, 52], [114, 43, 81], [164, 20, 38], [85, 15, 29], [10, 76, 148]], "matchups_jungle": [[30, 717, 1289], [427, 267, 494], [20, 800, 1505], [11, 1618, 3045], [19, 1035, 1948], [106, 421, 803], [154, 1490, 2845], [35, 1511, 2886], [163, 370, 708], [5, 852, 1634], [36, 677, 1300], [141, 2828, 5463], [254, 1396, 2709], [121, 3145, 6111], [245, 2925, 5689], [421, 817, 1591], [24, 883, 1722], [76, 878, 1723], [120, 1776, 3499], [60, 2131, 4288]], "matchups_mid": [[50, 8, 9], [86, 8, 10], [39, 7, 9], [136, 3, 4], [134, 11, 16], [91, 10, 16], [84, 11, 18], [58, 3, 5], [68, 3, 5], [90, 7, 12], [7, 8, 14], [518, 5, 9], [38, 16, 29], [99, 12, 22], [238, 18, 33], [13, 9, 17], [3, 4, 8], [69, 6, 12], [517, 3, 6], [4, 12, 25]], "matchups_adc": [[74, 1, 1], [119, 2, 2], [134, 1, 1], [18, 4, 5], [236, 8, 11], [21, 2, 3], [81, 4, 6], [202, 2, 3], [51, 3, 6], [222, 1, 2], [145, 6, 13], [498, 1, 3], [22, 3, 11], [67, 1, 4], [110, 0, 1], [157, 0, 2], [238, 0, 1]], "matchups_support": [[35, 6, 8], [50, 16, 22], [37, 6, 9], [53, 37, 58], [267, 29, 46], [99, 17, 27], [25, 31, 51], [16, 17, 28], [143, 9, 15], [497, 31, 52], [117, 30, 51], [63, 11, 19], [111, 52, 90], [1, 4, 7], [432, 13, 23], [201, 10, 18], [412, 80, 145], [40, 24, 44], [161, 8, 15], [101, 10, 19]]}