{"primary_winrate_percent": 50.195868115468926, "matchups_top": 48.89606892837911, "matchups_jungle": 50.195868115468926, "matchups_mid": 51.919866444073456, "matchups_adc": 49.29577464788733, "matchups_support": 44.08033826638478, "roles": [1, 4, 2, 5, 3]}