{"primary_winrate_percent": 50.46747284738551, "winrate_top": 51.28143460549852, "winrate_jungle": 50.46747284738551, "winrate_mid": 50.189035916824196, "winrate_adc": 43.75, "winrate_support": 39.436619718309856, "roles": [1, 4, 5, 2, 3], "matchups_top": [[27, 391, 681], [85, 506, 925], [133, 295, 557], [54, 826, 1579], [80, 760, 1455], [86, 1742, 3336], [17, 603, 1166], [36, 188, 372], [420, 492, 975], [10, 2278, 4517], [14, 310, 619], [240, 708, 1415], [98, 807, 1617], [150, 522, 1047], [114, 1805, 3632], [31, 419, 848], [122, 1789, 3640], [6, 471, 960], [78, 394, 804], [92, 1337, 2730]], "matchups_jungle": [[427, 105, 184], [36, 260, 470], [2, 312, 571], [9, 121, 223], [163, 101, 192], [54, 360, 688], [11, 1112, 2127], [77, 226, 437], [19, 453, 879], [35, 559, 1095], [121, 1193, 2344], [33, 244, 480], [5, 311, 612], [141, 1175, 2316], [254, 589, 1163], [107, 408, 806], [56, 485, 963], [245, 1063, 2113], [32, 313, 625], [60, 580, 1163]], "matchups_mid": [[126, 7, 8], [555, 4, 6], [69, 4, 6], [161, 8, 12], [8, 10, 16], [103, 9, 15], [18, 9, 15], [245, 15, 25], [82, 6, 10], [90, 7, 12], [84, 22, 38], [38, 25, 45], [266, 5, 9], [13, 11, 20], [55, 16, 31], [4, 19, 37], [54, 3, 6], [99, 4, 8], [105, 10, 20], [238, 35, 72]], "matchups_adc": [[21, 2, 2], [45, 2, 2], [119, 1, 1], [134, 1, 1], [236, 4, 4], [18, 4, 5], [145, 8, 11], [81, 5, 7], [67, 3, 5], [498, 3, 5], [22, 5, 9], [29, 1, 2], [222, 5, 10], [51, 1, 3], [15, 0, 1], [104, 0, 2], [110, 0, 1], [157, 0, 5], [161, 0, 1], [202, 0, 3]], "matchups_support": [[12, 1, 1], [25, 4, 4], [35, 1, 1], [44, 1, 1], [54, 1, 1], [98, 1, 1], [143, 1, 1], [350, 2, 2], [497, 3, 3], [89, 6, 7], [432, 4, 5], [16, 2, 3], [555, 4, 7], [412, 5, 9], [9, 1, 2], [267, 2, 4], [53, 2, 5], [111, 2, 8], [40, 0, 2], [43, 0, 1]]}