{"primary_winrate_percent": 0.5053520957363642, "matchups_top": 0.5133109583238293, "matchups_jungle": 0.5053520957363642, "matchups_mid": 0.5051440329218106, "matchups_adc": 0.4, "matchups_support": 0.4, "roles": [1, 4, 5, 2, 3]}