{"primary_winrate_percent": 50.53520957363642, "matchups_top": 51.331095832382935, "matchups_jungle": 50.53520957363642, "matchups_mid": 50.514403292181065, "matchups_adc": 40.0, "matchups_support": 40.0, "roles": [1, 4, 5, 2, 3]}