{"primary_winrate_percent": 46.79820569496814, "winrate_top": 46.79820569496814, "winrate_jungle": 43.43434343434344, "winrate_mid": 46.14792975259582, "winrate_adc": 40.80717488789238, "winrate_support": 25.0, "roles": [4, 5, 3, 1, 2], "matchups_top": [[240, 371, 618], [74, 131, 221], [75, 249, 427], [420, 212, 367], [23, 270, 469], [31, 172, 303], [27, 130, 230], [133, 291, 521], [85, 376, 676], [83, 168, 303], [14, 189, 341], [86, 683, 1236], [82, 494, 896], [98, 296, 538], [10, 1207, 2195], [57, 146, 266], [54, 328, 598], [122, 787, 1442], [107, 128, 236], [39, 580, 1072]], "matchups_jungle": [[19, 2, 2], [20, 1, 1], [28, 1, 1], [30, 1, 1], [35, 1, 1], [54, 1, 1], [56, 1, 1], [76, 2, 2], [80, 1, 1], [104, 3, 3], [113, 2, 2], [517, 1, 1], [254, 4, 5], [9, 2, 3], [11, 4, 6], [120, 3, 5], [64, 9, 16], [2, 1, 2], [24, 1, 2], [59, 2, 4]], "matchups_mid": [[101, 54, 83], [90, 91, 142], [555, 28, 44], [127, 56, 89], [58, 25, 40], [115, 25, 40], [91, 136, 219], [1, 54, 90], [34, 45, 75], [80, 64, 108], [99, 93, 158], [56, 24, 41], [74, 28, 48], [69, 62, 108], [8, 144, 252], [238, 200, 356], [161, 47, 84], [134, 115, 207], [13, 188, 339], [3, 63, 114]], "matchups_adc": [[29, 2, 2], [202, 10, 13], [51, 15, 21], [145, 28, 40], [498, 11, 16], [15, 2, 3], [22, 10, 17], [67, 10, 17], [222, 5, 9], [18, 4, 8], [21, 3, 6], [45, 1, 2], [119, 3, 6], [236, 8, 16], [81, 14, 31], [74, 1, 3], [110, 1, 3], [157, 0, 3]], "matchups_support": [[1, 1, 1], [25, 3, 3], [40, 1, 1], [50, 1, 1], [54, 1, 1], [59, 1, 1], [99, 1, 1], [111, 2, 2], [117, 1, 1], [497, 1, 1], [555, 2, 2], [267, 1, 2], [412, 2, 4], [16, 0, 1], [53, 0, 2]]}