{"primary_winrate_percent": 46.86285000891742, "matchups_top": 46.86285000891742, "matchups_jungle": 44.21052631578947, "matchups_mid": 46.245950133821665, "matchups_adc": 39.19597989949749, "matchups_support": 22.727272727272727, "roles": [4, 5, 3, 1, 2]}