{"primary_winrate_percent": 0.4686285000891742, "matchups_top": 0.4686285000891742, "matchups_jungle": 0.4421052631578947, "matchups_mid": 0.46245950133821667, "matchups_adc": 0.39195979899497485, "matchups_support": 0.22727272727272727, "roles": [4, 5, 3, 1, 2]}