{"primary_winrate_percent": 0.5164172266340867, "matchups_top": 0.4854368932038835, "matchups_jungle": 0.2972972972972973, "matchups_mid": 0.4900193174500966, "matchups_adc": 0.5164172266340867, "matchups_support": 0.30434782608695654, "roles": [3, 5, 4, 2, 1]}