{"primary_winrate_percent": 51.64484190354519, "winrate_top": 48.56070087609512, "winrate_jungle": 30.0, "winrate_mid": 49.14756025867137, "winrate_adc": 51.64484190354519, "winrate_support": 32.6530612244898, "roles": [3, 5, 4, 2, 1], "matchups_top": [[36, 5, 5], [67, 9, 11], [518, 3, 4], [83, 5, 7], [39, 10, 14], [85, 7, 10], [8, 20, 29], [133, 11, 16], [6, 11, 16], [13, 12, 18], [98, 9, 14], [114, 16, 25], [74, 6, 10], [2, 3, 5], [157, 13, 22], [10, 31, 54], [164, 8, 14], [57, 5, 9], [86, 29, 53], [122, 20, 38]], "matchups_jungle": [[19, 1, 1], [20, 1, 1], [35, 8, 8], [59, 2, 2], [60, 1, 1], [104, 1, 1], [154, 1, 1], [254, 2, 2], [427, 2, 2], [141, 3, 4], [245, 2, 3], [2, 1, 2], [33, 1, 2], [64, 2, 4], [24, 0, 1], [36, 0, 1], [56, 0, 2], [120, 0, 1], [121, 0, 1]], "matchups_mid": [[131, 25, 34], [161, 20, 28], [115, 12, 18], [55, 35, 56], [238, 41, 66], [157, 65, 108], [61, 36, 60], [517, 6, 10], [518, 13, 22], [54, 7, 12], [91, 22, 38], [18, 17, 30], [101, 15, 27], [134, 33, 60], [112, 17, 31], [42, 6, 11], [34, 13, 24], [4, 28, 56], [127, 13, 26], [74, 8, 16]], "matchups_adc": [[22, 5881, 11296], [21, 1898, 3728], [222, 4655, 9178], [29, 646, 1275], [67, 3936, 7827], [119, 2089, 4190], [157, 458, 923], [96, 498, 1008], [18, 2293, 4724], [51, 6510, 13439], [236, 4437, 9237], [110, 776, 1646], [145, 8143, 17297], [498, 5017, 10695], [81, 4913, 11121], [15, 779, 1777]], "matchups_support": [[16, 2, 2], [25, 1, 1], [40, 1, 1], [53, 4, 4], [61, 1, 1], [99, 3, 3], [101, 3, 3], [111, 2, 2], [117, 2, 2], [267, 4, 4], [432, 1, 1], [412, 5, 7], [44, 1, 2], [497, 2, 5], [350, 1, 3], [12, 0, 1], [26, 0, 1], [43, 0, 1], [50, 0, 1], [89, 0, 3]]}