{"primary_winrate_percent": 51.64172266340867, "matchups_top": 48.54368932038835, "matchups_jungle": 29.72972972972973, "matchups_mid": 49.00193174500966, "matchups_adc": 51.64172266340867, "matchups_support": 30.434782608695656, "roles": [3, 5, 4, 2, 1]}