{"primary_winrate_percent": 52.720301940835114, "lane_winrates": {"1": 24.324324324324326, "2": 21.73913043478261, "3": 52.720301940835114, "4": 38.88888888888889, "5": 43.111111111111114}, "roles": [3, 4, 5, 2, 1], "matchups": {"1": [[141, 0, 1, 705, 1688, 0, 1, 0, -1, 0, 0, 0, -3, 0, 4739], [102, 0, 1, -1320, -1199, 0, -19, 0, 7, -1, 0, 0, 19, 0, -6671], [92, 0, 1, 614, 329, 0, -3, 0, 20, 1, 0, 0, 5, 0, -2097], [76, 0, 1, 1196, 1423, 0, 0, 0, 8, 2, 0, 0, 0, 0, -1233], [72, 1, 2, 548, 961, 0, 3, 0, 26, 2, 0, 0, 10, 0, 2919], [35, 1, 2, -1937, 2134, 0, -98, 0, 54, 4, 0, 0, 2, 0, 11022], [5, 1, 2, 7548, 5869, 0, 4, 0, 81, 4, 0, 0, -9, 0, 20376], [59, 3, 4, 423, 750, 0, -15, 0, 42, 0, 0, 0, 34, 0, 6855], [64, 4, 5, 3953, 5348, 0, -10, 0, 28, 7, 0, 0, 2, 0, 15279], [421, 1, 1, 1927, 2733, 0, 0, 0, 16, 2, 0, 0, -2, 0, 10814], [245, 2, 2, 454, 2012, 0, 19, 0, -15, 0, 0, 0, -4, 0, 4745], [120, 1, 1, 1250, 2117, 0, -4, 0, 9, 0, 0, 0, -4, 0, 3398], [107, 1, 1, 299, -1003, 0, -7, 0, 29, -1, 0, 0, 14, 0, 2621], [104, 1, 1, 4615, 5729, 0, 19, 0, 79, 0, 0, 0, -17, 0, 11599], [78, 1, 1, 1779, 1840, 0, 8, 0, 18, 1, 0, 0, 0, 0, 9263], [60, 1, 1, 501, 907, 0, 2, 0, 17, -2, 0, 0, 0, 0, 7367], [54, 2, 2, 2228, 514, 0, -28, 0, 68, 4, 0, 0, 10, 0, -6390], [33, 2, 2, -254, -98, 0, -22, 0, 14, 1, 0, 0, 19, 0, 20073], [32, 1, 1, 2450, 2367, 0, 14, 0, 28, 1, 0, 0, -8, 0, 4528], [30, 1, 1, 1869, 2064, 0, -4, 0, 54, 2, 0, 0, -2, 0, 6412], [29, 1, 1, 354, 1514, 0, 10, 0, -8, 2, 0, 0, -2, 0, -3341], [28, 1, 1, -1431, 361, 0, -12, 0, -11, 0, 0, 0, 2, 0, -354], [19, 1, 1, 856, 3032, 0, -21, 0, 33, 3, 0, 0, -2, 0, 12872], [9, 1, 1, 1413, 1534, 0, -7, 0, 12, 1, 0, 0, -3, 0, 1098]], "2": [[350, 0, 1, 791, 316, 0, -2, 0, 0, 1, 0, 0, 10, 0, -8770], [412, 1, 2, 942, 67, 0, -16, 0, 0, -2, 0, 0, 32, 0, 504], [117, 1, 2, 2316, 3734, 0, 8, 0, 0, 0, 0, 0, -3, 0, 14604], [53, 1, 2, 1627, -107, 0, -6, 0, -4, 0, 0, 0, 18, 0, 2031], [497, 3, 4, -1886, -4164, 0, -70, 0, 0, 0, 0, 0, 82, 0, -8465], [555, 2, 2, 1448, 845, 0, -65, 0, 0, 0, 0, 0, 5, 0, 10290], [267, 1, 1, 3713, 847, 0, 0, 0, 0, 0, 0, 0, 3, 0, -2639], [101, 1, 1, 2077, 3888, 0, -2, 0, 0, 2, 0, 0, 0, 0, 17820], [99, 1, 1, 1443, 2858, 0, -38, 0, 0, 2, 0, 0, 0, 0, 16369], [89, 1, 1, 1171, 878, 0, -34, 0, 0, 1, 0, 0, 2, 0, 4114], [63, 1, 1, 889, 1062, 0, 3, 0, 0, 1, 0, 0, -1, 0, 2105], [54, 1, 1, -1945, -2520, 0, -63, 0, 0, -3, 0, 0, 34, 0, 309], [40, 2, 2, 3872, 2592, 0, -10, 0, 4, 0, 0, 0, 2, 0, 7879], [25, 2, 2, 544, 284, 0, -14, 0, 0, 0, 0, 0, 17, 0, -6085]], "3": [[254, 0, 1, 648, -386, 0, 5, 0, 8, 1, 0, 0, 10, 0, -2074], [427, 0, 1, 117, -1031, 0, -34, 0, 0, 0, 0, 0, 19, 0, -2716], [141, 0, 1, -627, -2384, 0, -42, 0, 0, -1, 0, 0, 26, 0, -6472], [36, 0, 2, -812, -444, 0, -22, 0, 0, 1, 0, 0, 14, 0, 3815], [76, 0, 1, -1204, -1969, 0, -44, 0, 0, -2, 0, 0, 26, 0, -6938], [32, 0, 2, -719, -3736, 0, -95, 0, 3, -2, 0, 0, 51, 0, -7308], [2, 0, 5, 2856, 5370, 0, 31, 0, -12, 8, 0, 0, -18, 0, -1787], [201, 0, 1, -79, -3070, 0, -55, 0, -4, 0, 0, 0, 25, 0, -12778], [91, 0, 2, -140, -1633, 0, -40, 0, 4, 0, 0, 0, 37, 0, -7293], [33, 0, 1, -82, -2105, 0, -82, 0, 0, -1, 0, 0, 20, 0, -10529], [9, 0, 4, -2443, -7308, 0, -126, 0, 4, -4, 0, 0, 76, 0, -25701], [57, 0, 1, -85, 828, 0, -47, 0, 4, 0, 0, 0, 2, 0, 2034], [102, 0, 2, -4354, -7720, 0, -110, 0, 0, -2, 0, 0, 51, 0, -23310], [38, 0, 1, 628, 491, 0, -22, 0, 0, 0, 0, 0, 6, 0, 2835], [12, 0, 1, -825, -2029, 0, -44, 0, 0, -2, 0, 0, 30, 0, -7715], [7, 1, 9, -4721, -14101, 0, -247, 0, -12, -2, 0, 0, 188, 0, -32072], [412, 2, 13, -3522, -6385, 0, -311, 0, -4, 1, 0, 0, 187, 0, 3892], [122, 2, 10, 2233, -2937, 0, -10, 0, -3, -5, 0, 0, 129, 0, -15738], [6, 1, 5, -4083, -7975, 0, -108, 0, -4, -8, 0, 0, 117, 0, -17399], [90, 4, 20, -3427, -10890, 0, -159, 0, -10, -16, 0, 0, 281, 0, -43505], [20, 1, 4, -2446, -4619, 0, -67, 0, 0, -3, 0, 0, 53, 0, -14416], [84, 2, 8, 1434, -1536, 0, -87, 0, -4, -6, 0, 0, 92, 0, -430], [131, 1, 4, 478, -1669, 0, -48, 0, 0, -6, 0, 0, 60, 0, 1387], [266, 3, 11, 3685, 6621, 0, -59, 0, -4, 14, 0, 0, 72, 0, 14206], [55, 3, 11, -1087, 3488, 0, -50, 0, -4, 12, 0, 0, 67, 0, 1133], [23, 2, 7, 9337, -951, 0, 4, 0, 16, -2, 0, 0, 79, 0, -5969], [517, 1, 3, -270, -3128, 0, -90, 0, 0, 0, 0, 0, 39, 0, -4612], [136, 1, 3, -1026, 300, 0, -52, 0, 0, 0, 0, 0, 21, 0, -2012], [75, 1, 3, -315, -1004, 0, -7, 0, -4, -3, 0, 0, 22, 0, -11122], [497, 1, 3, -3496, -5878, 0, -187, 0, -4, -4, 0, 0, 86, 0, -6022], [54, 2, 6, 4694, 160, 0, -152, 0, 8, 7, 0, 0, 60, 0, 2992], [40, 1, 3, 389, -1758, 0, -89, 0, 0, -3, 0, 0, 47, 0, 4490], [92, 1, 3, -404, 1444, 0, 15, 0, 4, 3, 0, 0, 22, 0, -7476], [223, 1, 3, -866, -2287, 0, -94, 0, 0, -1, 0, 0, 51, 0, 3379], [142, 7, 21, 6576, -3824, 0, -203, 0, -12, 4, 0, 0, 281, 0, 2644], [17, 14, 40, -9078, -27783, 0, -591, 0, -20, -11, 0, 0, 563, 0, -33237], [69, 28, 77, 1679, -18024, 0, -63, 0, -26, 10, 0, 0, 893, 0, -11409], [42, 24, 64, 5307, 2933, 0, -265, 0, -14, 24, 0, 0, 588, 0, -12234], [143, 5, 13, -3202, -13644, 0, -237, 0, -9, -5, 0, 0, 249, 0, -13384], [350, 40, 103, -45807, -122076, 0, -7472, 0, -80, -30, 0, 0, 1932, 0, -114534], [238, 6, 15, 7709, -305, 0, 21, 0, 0, 4, 0, 0, 133, 0, -27917], [44, 2, 5, -4748, -13282, 0, -194, 0, -18, -4, 0, 0, 154, 0, -27001], [101, 10, 25, -5246, -7422, 0, -469, 0, -21, 3, 0, 0, 297, 0, 11538], [61, 13, 32, -1990, -18144, 0, -52, 0, -20, -18, 0, 0, 470, 0, -17627], [104, 17, 41, 10237, 3102, 0, 4, 0, 41, 3, 0, 0, 380, 0, 11875], [246, 3, 7, 3932, 444, 0, -65, 0, -8, 5, 0, 0, 74, 0, -7549], [518, 41, 95, 26818, 15545, 0, 186, 0, -38, 47, 0, 0, 745, 0, 49817], [10, 28, 64, 4029, -26368, 0, -467, 0, -16, -20, 0, 0, 838, 0, -22190], [429, 232, 530, 77482, 195743, 0, 3023, 0, 197, 203, 0, 0, 3856, 0, 98492], [86, 48, 109, -5411, -62119, 0, -1253, 0, -41, -28, 0, 0, 1527, 0, -88008], [81, 5720, 12955, -346976, -749249, 0, -45785, 0, -4532, -2331, 0, 0, 135931, 0, -5820090], [39, 24, 54, 23292, 25727, 0, 610, 0, -13, 17, 0, 0, 349, 0, 36468], [1, 17, 38, -6699, -30835, 0, -586, 0, -34, -17, 0, 0, 612, 0, -41620], [24, 5, 11, -487, -4393, 0, -174, 0, -8, 7, 0, 0, 130, 0, 1668], [30, 10, 22, -5037, -20333, 0, -202, 0, 6, -14, 0, 0, 371, 0, -35551], [145, 10632, 23269, 1303193, 1872898, 0, 48303, 0, -740, 5538, 0, 0, 219220, 0, 657079], [4, 22, 48, 2779, 2504, 0, -523, 0, 1, -14, 0, 0, 521, 0, -9625], [236, 4894, 10634, 2389636, 3986326, 0, 69281, 0, -1373, 4226, 0, 0, 76029, 0, 5574842], [110, 894, 1933, 325139, 518918, 0, 9605, 0, -55, 546, 0, 0, 15361, 0, 706072], [18, 2510, 5416, 688308, 1488634, 0, -13133, 0, -244, 2811, 0, 0, 43217, 0, 1960975], [498, 6070, 13055, 1425648, 1283673, 0, 15560, 0, -431, 1699, 0, 0, 120890, 0, 2229710], [8, 21, 45, 19713, 6666, 0, 184, 0, -15, 8, 0, 0, 470, 0, 27176], [15, 1029, 2194, 264536, 93871, 0, 4513, 0, -478, 175, 0, 0, 21230, 0, 175065], [67, 4265, 9000, 357735, -1153550, 0, -31033, 0, -1161, 1900, 0, 0, 98952, 0, -2887619], [96, 691, 1454, 137265, 39217, 0, -2135, 0, -62, 80, 0, 0, 14117, 0, -312757], [134, 158, 331, 86556, 21274, 0, 1483, 0, -13, 100, 0, 0, 3105, 0, 246855], [45, 222, 465, 91510, -108203, 0, -2693, 0, -151, 81, 0, 0, 5293, 0, -211337], [119, 1915, 3998, 596240, 2965640, 0, 37305, 0, 395, 802, 0, 0, 18067, 0, 3543182], [51, 7979, 16585, 1958710, 4026494, 0, 100647, 0, -3067, 1458, 0, 0, 135938, 0, 6952594], [115, 31, 64, 16319, 11851, 0, -26, 0, -13, 13, 0, 0, 567, 0, 71607], [25, 16, 33, 9429, -6243, 0, -44, 0, -4, -1, 0, 0, 387, 0, 4254], [82, 17, 35, 10036, 3893, 0, -137, 0, -13, 13, 0, 0, 326, 0, -19953], [157, 482, 989, 282798, 295926, 0, 5477, 0, 265, 319, 0, 0, 7514, 0, 527110], [202, 4439, 9061, 1587231, 2188924, 0, 49374, 0, -1229, 2129, 0, 0, 74325, 0, 3750415], [74, 252, 508, 210683, 78204, 0, 1554, 0, -10, 37, 0, 0, 4484, 0, 445459], [21, 2164, 4342, 784658, 1379906, 0, 20751, 0, -528, 550, 0, 0, 32816, 0, 1906272], [62, 4, 8, 1076, 1017, 0, -115, 0, 0, 15, 0, 0, 73, 0, 4871], [164, 2, 4, -2438, -5713, 0, -111, 0, -10, -3, 0, 0, 78, 0, 467], [83, 1, 2, 253, 743, 