{"primary_winrate_percent": 52.7967454885378, "matchups_top": 40.55944055944056, "matchups_jungle": 25.71428571428571, "matchups_mid": 42.25352112676056, "matchups_adc": 52.7967454885378, "matchups_support": 18.75, "roles": [3, 4, 5, 2, 1]}