{"primary_winrate_percent": 0.527967454885378, "matchups_top": 0.40559440559440557, "matchups_jungle": 0.2571428571428571, "matchups_mid": 0.4225352112676056, "matchups_adc": 0.527967454885378, "matchups_support": 0.1875, "roles": [3, 4, 5, 2, 1]}