{"primary_winrate_percent": 52.7668072217603, "winrate_top": 39.24050632911392, "winrate_jungle": 30.76923076923077, "winrate_mid": 44.11764705882353, "winrate_adc": 52.7668072217603, "winrate_support": 21.73913043478261, "roles": [3, 4, 5, 2, 1], "matchups_top": [[516, 1, 1], [38, 1, 1], [112, 1, 1], [23, 2, 2], [54, 5, 5], [51, 1, 1], [56, 1, 1], [43, 1, 1], [74, 1, 1], [119, 1, 1], [266, 1, 1], [150, 2, 2], [17, 6, 6], [75, 1, 1], [26, 1, 1], [83, 1, 1], [164, 2, 2], [48, 1, 1], [240, 6, 7], [14, 3, 4]], "matchups_jungle": [[9, 1, 1], [19, 1, 1], [29, 1, 1], [30, 1, 1], [33, 2, 2], [54, 3, 3], [60, 1, 1], [78, 1, 1], [104, 1, 1], [120, 1, 1], [154, 1, 1], [245, 2, 2], [421, 1, 1], [59, 3, 4], [64, 3, 5], [5, 1, 2], [28, 1, 2], [35, 1, 2], [72, 1, 2], [76, 0, 1]], "matchups_mid": [[518, 2, 2], [164, 2, 2], [39, 2, 2], [238, 9, 11], [101, 4, 5], [245, 4, 5], [38, 3, 4], [1, 3, 4], [99, 7, 10], [134, 2, 3], [84, 8, 12], [142, 3, 5], [112, 3, 5], [131, 3, 5], [61, 3, 5], [91, 6, 10], [55, 6, 10], [105, 6, 10], [90, 4, 7], [13, 5, 9]], "matchups_adc": [[22, 6989, 13621], [29, 835, 1662], [21, 2168, 4377], [202, 4517, 9178], [157, 493, 1007], [51, 8050, 16696], [119, 1939, 4028], [67, 4301, 9036], [96, 675, 1440], [498, 6140, 13151], [15, 1018, 2183], [110, 898, 1928], [18, 2559, 5495], [236, 4872, 10627], [145, 10600, 23315], [81, 5736, 13037]], "matchups_support": [[16, 1, 1], [25, 2, 2], [40, 2, 2], [43, 1, 1], [54, 1, 1], [63, 1, 1], [99, 1, 1], [267, 1, 1], [555, 2, 2], [497, 3, 4], [53, 1, 2], [117, 1, 2], [412, 1, 2], [350, 0, 1]]}