{"primary_winrate_percent": 47.90275162901789, "winrate_top": 44.888888888888886, "winrate_jungle": 44.90590525632706, "winrate_mid": 41.43534190927556, "winrate_adc": 47.90275162901789, "winrate_support": 27.61904761904762, "roles": [3, 5, 1, 4, 2], "matchups_top": [[31, 10, 10], [18, 9, 9], [83, 6, 7], [62, 5, 6], [17, 20, 27], [82, 18, 25], [80, 11, 16], [23, 10, 15], [57, 4, 6], [238, 4, 6], [24, 13, 20], [10, 36, 57], [122, 25, 40], [78, 5, 8], [41, 22, 36], [107, 3, 5], [14, 6, 10], [266, 9, 15], [54, 7, 12], [13, 18, 31]], "matchups_jungle": [[33, 6, 8], [163, 9, 12], [113, 8, 12], [421, 16, 24], [254, 27, 41], [141, 59, 91], [121, 58, 90], [60, 43, 68], [5, 12, 19], [20, 15, 24], [77, 13, 21], [19, 21, 34], [54, 19, 32], [79, 19, 32], [2, 17, 29], [35, 27, 47], [154, 31, 54], [245, 56, 99], [32, 13, 23], [80, 9, 16]], "matchups_mid": [[42, 7, 9], [161, 14, 18], [555, 6, 8], [115, 11, 15], [1, 22, 30], [112, 15, 21], [10, 12, 17], [18, 20, 29], [245, 22, 32], [90, 20, 30], [69, 17, 26], [55, 32, 49], [101, 11, 17], [45, 38, 59], [80, 9, 14], [127, 7, 11], [105, 25, 40], [131, 16, 26], [238, 43, 71], [142, 15, 25]], "matchups_adc": [[74, 991, 1692], [96, 1737, 3112], [22, 17982, 32280], [222, 12739, 23356], [21, 5974, 10963], [29, 1834, 3424], [51, 16545, 31260], [202, 9152, 17292], [67, 12763, 24221], [498, 22151, 42527], [119, 4986, 9663], [18, 6164, 11976], [110, 2326, 4528], [157, 1437, 2807], [236, 16949, 33530], [15, 2566, 5078], [81, 18560, 38979]], "matchups_support": [[35, 2, 2], [45, 1, 1], [50, 1, 1], [54, 1, 1], [89, 9, 9], [201, 1, 1], [427, 1, 1], [432, 2, 2], [25, 7, 8], [111, 6, 7], [99, 5, 6], [412, 13, 16], [16, 4, 5], [43, 4, 5], [497, 4, 5], [53, 3, 5], [267, 3, 5], [40, 2, 4], [106, 1, 2], [117, 4, 8]]}