{"primary_winrate_percent": 0.4792237834132968, "matchups_top": 0.43818849449204406, "matchups_jungle": 0.44922425952045136, "matchups_mid": 0.42212518195050946, "matchups_adc": 0.4792237834132968, "matchups_support": 0.2765957446808511, "roles": [3, 5, 1, 4, 2]}