{"primary_winrate_percent": 47.92237834132968, "matchups_top": 43.81884944920441, "matchups_jungle": 44.92242595204514, "matchups_mid": 42.21251819505095, "matchups_adc": 47.92237834132968, "matchups_support": 27.659574468085108, "roles": [3, 5, 1, 4, 2]}