{"primary_winrate_percent": 45.453392517438175, "lane_winrates": {"1": 28.57142857142857, "2": 30.0, "3": 45.453392517438175, "4": 51.17056856187291, "5": 52.67175572519084}, "roles": [3, 4, 5, 1, 2], "matchups": {"1": [[427, 0, 1, -1303, -1193, 0, 7, 0, -6, -1, 0, 0, 18, 0, -4626], [107, 0, 1, -233, -990, 0, 0, 0, 0, -1, 0, 0, 20, 0, -5947], [64, 1, 3, 654, -116, 0, 1, 0, 13, 1, 0, 0, 29, 0, 3737], [141, 1, 2, 797, 9, 0, 7, 0, 10, 0, 0, 0, 15, 0, 3656], [59, 1, 2, 1751, 2828, 0, -86, 0, 67, 1, 0, 0, 5, 0, 573], [254, 2, 2, 3291, 3673, 0, 13, 0, 37, 4, 0, 0, -7, 0, 14542], [154, 2, 2, 3046, 2314, 0, 4, 0, 0, 2, 0, 0, 7, 0, 11357], [121, 2, 2, 3310, 4022, 0, -16, 0, 82, 6, 0, 0, -8, 0, 14820], [60, 1, 1, 927, 1628, 0, -11, 0, 26, 5, 0, 0, -2, 0, 8879], [56, 1, 1, 5448, 4901, 0, -2, 0, 98, 1, 0, 0, -9, 0, 13696], [20, 1, 1, 1391, 1659, 0, -3, 0, 5, 3, 0, 0, 0, 0, 7276], [11, 1, 1, 3178, 1110, 0, -27, 0, 104, 1, 0, 0, -5, 0, 10218], [5, 2, 2, -2194, 1688, 0, -12, 0, -20, 4, 0, 0, 2, 0, 2408]], "2": [[89, 0, 1, -827, -1658, 0, -4, 0, 0, -3, 0, 0, 20, 0, -7270], [53, 0, 1, 805, -440, 0, 12, 0, 0, -1, 0, 0, 14, 0, -6509], [25, 0, 1, -1043, -3044, 0, -105, 0, 0, -3, 0, 0, 36, 0, -1598], [412, 2, 2, 2549, 2571, 0, 11, 0, 0, 3, 0, 0, -4, 0, 8726], [117, 2, 2, 2287, 2696, 0, -6, 0, -9, 2, 0, 0, -5, 0, 9236], [111, 2, 2, -79, -173, 0, 0, 0, 0, -1, 0, 0, 23, 0, 8354], [16, 1, 1, 682, 1528, 0, -13, 0, -4, 0, 0, 0, -5, 0, 3367]], "3": [[39, 0, 3, 1081, -1083, 0, 19, 0, 0, -4, 0, 0, 46, 0, -8750], [427, 0, 1, -1294, -2986, 0, -82, 0, -4, -1, 0, 0, 34, 0, 457], [26, 0, 1, -413, -406, 0, -19, 0, 0, -1, 0, 0, 10, 0, 1628], [13, 0, 1, 1303, 1437, 0, 0, 0, -4, 0, 0, 0, -1, 0, -2571], [36, 0, 1, -349, 14, 0, -16, 0, 0, -1, 0, 0, 7, 0, -3661], [37, 0, 1, -717, -635, 0, -71, 0, 0, 0, 0, 0, 14, 0, 467], [266, 0, 2, -1020, -1763, 0, -41, 0, -8, -2, 0, 0, 12, 0, -10373], [3, 0, 1, -2842, -3014, 0, -110, 0, 0, -1, 0, 0, 33, 0, -6242], [245, 0, 1, -1057, -1413, 0, -32, 0, 0, -3, 0, 0, 23, 0, -6694], [133, 0, 1, 112, -1547, 0, -6, 0, -8, 3, 0, 0, 26, 0, -3277], [412, 0, 2, -846, -1549, 0, 10, 0, 0, -4, 0, 0, 33, 0, -16201], [5, 0, 1, -415, -359, 0, -34, 0, 0, 0, 0, 0, 16, 0, -3349], [54, 0, 1, 53, -777, 0, -29, 0, 0, 0, 0, 0, 20, 0, -6453], [203, 0, 1, 344, 347, 0, -10, 0, -8, 3, 0, 0, 9, 0, -6603], [27, 0, 1, -259, -1232, 0, -33, 0, 0, -1, 0, 0, 18, 0, 1184], [107, 0, 2, -1669, -1948, 0, -63, 0, -4, 0, 0, 0, 31, 0, -10284], [40, 0, 1, -656, -2986, 0, -18, 0, -4, -3, 0, 0, 34, 0, -5769], [350, 1, 6, -1458, -8992, 0, -406, 0, -12, -2, 0, 0, 129, 0, -11582], [161, 1, 4, -1421, -3579, 0, -50, 0, -4, -1, 0, 0, 64, 0, -11965], [69, 1, 4, 5197, 4139, 0, 96, 0, 4, 0, 0, 0, 5, 0, -9271], [17, 1, 3, -5855, -7720, 0, -150, 0, -18, -4, 0, 0, 87, 0, -13810], [74, 9, 24, 4010, -7564, 0, -89, 0, -4, -14, 0, 0, 317, 0, -12403], [45, 9, 21, 370, -14769, 0, -264, 0, -20, -6, 0, 0, 350, 0, -3475], [21, 132, 269, 3688, -23774, 0, -676, 0, -100, -65, 0, 0, 2794, 0, -64280], [50, 4, 8, -3776, -11183, 0, -241, 0, -8, -6, 0, 0, 163, 0, -1185], [122, 1, 2, 4704, 2055, 0, -3, 0, 4, 1, 0, 0, -1, 0, 4140], [8, 2, 4, -817, -5259, 0, -109, 0, -4, 0, 0, 0, 81, 0, -3171], [1, 1, 2, -515, -513, 0, -3, 0, 0, -2, 0, 0, 36, 0, -7660], [82, 1, 2, -733, -545, 0, -38, 0, -10, -1, 0, 0, 26, 0, 4634], [55, 1, 2, -1796, -4985, 0, -109, 0, -4, -5, 0, 0, 54, 0, 193], [10, 1, 2, 278, 1096, 0, -1, 0, 0, -2, 0, 0, 10, 0, -815], [61, 1, 2, -327, -2729, 0, -5, 0, 1, -2, 0, 0, 46, 0, 7738], [131, 1, 2, -886, -4182, 0, -50, 0, 1, -8, 0, 0, 61, 0, 3923], [112, 1, 2, 180, -1352, 0, -34, 0, 0, -2, 0, 0, 29, 0, 10210], [142, 1, 2, 683, -906, 0, 2, 0, -8, 0, 0, 0, 25, 0, 3874], [4, 1, 2, 1743, 1936, 0, -19, 0, 0, -1, 0, 0, 10, 0, 12396], [81, 421, 839, -164137, -378050, 0, -8047, 0, -740, -527, 0, 0, 11249, 0, -560221], [110, 60, 119, -19652, -63376, 0, -686, 0, -136, -61, 0, 0, 1749, 0, -102246], [119, 127, 251, 13187, 101120, 0, 472, 0, -64, -51, 0, 0, 1809, 0, 110019], [67, 263, 509, -30486, -201452, 0, -4293, 0, -300, -29, 0, 0, 6619, 0, -283719], [145, 763, 1417, 74644, -116354, 0, -2818, 0, -508, 181, 0, 0, 15047, 0, 108263], [51, 351, 637, 22743, -79649, 0, 165, 0, -373, -172, 0, 0, 6904, 0, 47439], [236, 389, 699, 152987, 135927, 0, 1209, 0, -192, 113, 0, 0, 6034, 0, 449602], [202, 244, 433, 49633, -6746, 0, -515, 0, -264, -76, 0, 0, 4273, 0, 157384], [157, 35, 62, 4165, -9414, 0, -241, 0, -24, -2, 0, 0, 648, 0, -6463], [222, 302, 533, -79022, -178829, 0, -3018, 0, -196, -204, 0, 0, 6602, 0, -80327], [86, 4, 7, -1334, -8526, 0, -133, 0, 1, -4, 0, 0, 121, 0, -10827], [498, 429, 748, 77599, -70846, 0, -2957, 0, -349, -58, 0, 0, 8140, 0, 207249], [18, 148, 256, 31773, 68177, 0, -1359, 0, -43, 81, 0, 0, 2209, 0, 152832], [22, 398, 684, 19631, -120294, 0, -3302, 0, -369, -150, 0, 0, 7679, 0, 228755], [15, 66, 111, -11117, -65214, 0, -1078, 0, -64, -51, 0, 0, 1618, 0, -16205], [96, 51, 84, 3884, -15180, 0, -497, 0, -40, -42, 0, 0, 920, 0, -16533], [134, 7, 11, 6156, 9059, 0, 106, 0, -4, 8, 0, 0, 40, 0, 25251], [163, 2, 3, 419, -2744, 0, -95, 0, 0, 1, 0, 0, 35, 0, -1678], [42, 2, 3, -1366, -2215, 0, -33, 0, 6, -6, 0, 0, 46, 0, -7895], [103, 2, 3, 2118, -1929, 0, 3, 0, 0, 3, 0, 0, 51, 0, -7092], [29, 47, 68, -1074, 1405, 0, -490, 0, -53, 19, 0, 0, 680, 0, 16725], [518, 3, 4, 2288, -667, 0, 2, 0, -4, 1, 0, 0, 52, 0, -3768], [104, 3, 4, 1398, 1757, 0, 40, 0, 0, 2, 0, 0, 6, 0, 5314], [115, 4, 5, 1111, 224, 0, -83, 0, -8, 2, 0, 0, 40, 0, 6692], [62, 2, 2, 3180, -129, 0, 52, 0, 0, 6, 0, 0, 22, 0, -2949], [164, 1, 1, 2101, 743, 0, 7, 0, 0, -1, 0, 0, 6, 0, 10059], [111, 1, 1, 53, 525, 0, -14, 0, 0, 1, 0, 0, 6, 0, -3036], [33, 1, 1, -1507, -2570, 0, -37, 0, -8, -2, 0, 0, 27, 0, 372], [101, 2, 2, 3542, 3765, 0, 0, 0, 0, 3, 0, 0, 1, 0, 7305], [555, 2, 2, 1838, 2947, 0, -55, 0, 0, 1, 0, 0, 7, 0, 23483], [31, 1, 1, -84, -896, 0, 6, 0, 2, -3, 0, 0, 17, 0, 988]],