{"primary_winrate_percent": 0.453783820903722, "matchups_top": 0.5298245614035088, "matchups_jungle": 0.2777777777777778, "matchups_mid": 0.5423728813559322, "matchups_adc": 0.453783820903722, "matchups_support": 0.3, "roles": [3, 4, 5, 1, 2]}