{"primary_winrate_percent": 45.3783820903722, "matchups_top": 52.98245614035088, "matchups_jungle": 27.77777777777778, "matchups_mid": 54.23728813559322, "matchups_adc": 45.3783820903722, "matchups_support": 30.0, "roles": [3, 4, 5, 1, 2]}