{"primary_winrate_percent": 45.5304083954988, "winrate_top": 51.298701298701296, "winrate_jungle": 27.77777777777778, "winrate_mid": 51.5625, "winrate_adc": 45.5304083954988, "winrate_support": 30.0, "roles": [3, 4, 5, 1, 2], "matchups_top": [[107, 3, 3], [18, 3, 3], [54, 2, 2], [36, 2, 2], [83, 2, 2], [80, 2, 3], [31, 2, 3], [85, 2, 3], [13, 9, 14], [10, 17, 27], [157, 3, 5], [133, 3, 5], [67, 3, 5], [68, 3, 5], [164, 6, 10], [122, 5, 9], [266, 6, 11], [92, 7, 13], [59, 1, 2], [90, 1, 2]], "matchups_jungle": [[5, 2, 2], [11, 1, 1], [20, 1, 1], [55, 1, 1], [56, 1, 1], [60, 1, 1], [121, 2, 2], [154, 1, 1], [254, 1, 1], [141, 1, 2], [64, 1, 3], [107, 0, 1], [427, 0, 1]], "matchups_mid": [[112, 2, 2], [134, 1, 1], [131, 1, 1], [117, 1, 1], [54, 2, 2], [9, 1, 1], [133, 1, 1], [41, 2, 2], [126, 1, 1], [85, 1, 1], [25, 1, 1], [161, 1, 1], [136, 2, 2], [105, 1, 1], [238, 6, 7], [99, 3, 4], [38, 5, 7], [103, 5, 7], [101, 2, 3], [245, 2, 3]], "matchups_adc": [[29, 46, 68], [96, 49, 81], [15, 62, 105], [18, 147, 251], [22, 394, 679], [498, 444, 766], [157, 38, 66], [222, 303, 538], [51, 356, 636], [202, 241, 434], [236, 391, 712], [145, 757, 1410], [67, 268, 518], [81, 420, 832], [110, 62, 123], [119, 120, 239], [21, 131, 279]], "matchups_support": [[16, 1, 1], [111, 2, 2], [117, 2, 2], [412, 2, 2], [25, 0, 1], [53, 0, 1], [89, 0, 1]]}