{"primary_winrate_percent": 0.48052098007066485, "matchups_top": 0.47006129184347006, "matchups_jungle": 0.3220338983050847, "matchups_mid": 0.46503204235163, "matchups_adc": 0.46511627906976744, "matchups_support": 0.48052098007066485, "roles": [2, 5, 4, 3, 1]}