{"primary_winrate_percent": 48.05108818692467, "winrate_top": 47.01247537754432, "winrate_jungle": 29.230769230769234, "winrate_mid": 46.70103092783505, "winrate_adc": 45.78947368421053, "winrate_support": 48.05108818692467, "roles": [2, 5, 4, 3, 1], "matchups_top": [[74, 27, 36], [133, 32, 45], [68, 31, 49], [164, 53, 84], [31, 31, 50], [240, 47, 77], [27, 24, 40], [157, 49, 82], [39, 84, 141], [126, 49, 83], [150, 43, 73], [6, 32, 55], [14, 18, 31], [10, 144, 251], [36, 16, 28], [85, 46, 82], [24, 92, 165], [54, 40, 73], [122, 115, 212], [516, 44, 82]], "matchups_jungle": [[28, 3, 3], [80, 1, 1], [30, 1, 1], [107, 1, 1], [203, 1, 1], [54, 1, 1], [5, 1, 1], [19, 1, 1], [60, 3, 3], [106, 2, 2], [245, 5, 5], [163, 1, 1], [82, 1, 1], [20, 1, 1], [254, 1, 1], [11, 1, 1], [121, 5, 6], [64, 4, 5], [77, 2, 3], [154, 2, 3]], "matchups_mid": [[115, 19, 30], [4, 76, 124], [69, 36, 59], [10, 20, 33], [142, 43, 71], [127, 27, 45], [90, 45, 75], [103, 111, 185], [245, 49, 83], [3, 25, 43], [91, 47, 81], [1, 34, 59], [238, 134, 234], [61, 68, 120], [8, 76, 139], [31, 12, 22], [112, 37, 68], [161, 25, 46], [13, 81, 151], [518, 25, 47]], "matchups_adc": [[15, 1, 1], [69, 2, 2], [103, 1, 1], [21, 9, 12], [74, 5, 7], [236, 7, 10], [110, 4, 6], [202, 5, 8], [18, 3, 5], [119, 3, 5], [145, 25, 44], [22, 5, 10], [134, 1, 2], [51, 8, 17], [81, 10, 22], [498, 5, 11], [222, 4, 9], [29, 1, 3], [67, 3, 9], [157, 1, 3]], "matchups_support": [[53, 1506, 2663], [35, 212, 378], [111, 1838, 3306], [40, 1053, 1914], [101, 274, 508], [26, 394, 736], [50, 500, 937], [267, 1643, 3082], [412, 3107, 5866], [16, 690, 1303], [117, 1447, 2737], [161, 320, 608], [89, 1377, 2625], [432, 514, 980], [143, 515, 985], [37, 251, 482], [497, 1268, 2439], [63, 495, 968], [555, 1157, 2307], [25, 2337, 4668]]}