{"primary_winrate_percent": 48.05209800706648, "matchups_top": 47.006129184347, "matchups_jungle": 32.20338983050847, "matchups_mid": 46.503204235163, "matchups_adc": 46.51162790697674, "matchups_support": 48.05209800706648, "roles": [2, 5, 4, 3, 1]}