{"primary_winrate_percent": 51.47870590385671, "winrate_top": 48.58870967741936, "winrate_jungle": 51.47870590385671, "winrate_mid": 49.637868598034146, "winrate_adc": 50.663129973474796, "winrate_support": 43.873517786561266, "roles": [1, 5, 4, 2, 3], "matchups_top": [[83, 9, 12], [80, 21, 29], [516, 8, 12], [6, 10, 15], [517, 4, 6], [236, 4, 6], [84, 18, 28], [31, 7, 11], [86, 26, 42], [24, 11, 18], [74, 11, 18], [75, 11, 18], [39, 20, 33], [27, 3, 5], [36, 6, 10], [58, 20, 35], [133, 4, 7], [122, 24, 42], [157, 6, 11], [14, 7, 13]], "matchups_jungle": [[36, 254, 462], [254, 351, 640], [77, 110, 202], [29, 106, 197], [141, 771, 1479], [11, 432, 829], [106, 87, 167], [20, 266, 511], [245, 909, 1748], [104, 313, 606], [120, 431, 843], [56, 297, 582], [154, 451, 886], [76, 356, 700], [427, 106, 209], [24, 184, 364], [5, 261, 519], [35, 416, 830], [121, 857, 1727], [32, 201, 411]], "matchups_mid": [[115, 20, 32], [236, 13, 21], [8, 78, 128], [105, 66, 112], [136, 17, 29], [10, 28, 48], [74, 26, 45], [245, 51, 90], [142, 47, 85], [134, 68, 123], [161, 27, 49], [38, 50, 91], [55, 70, 129], [103, 103, 190], [131, 39, 74], [101, 26, 50], [4, 80, 156], [45, 65, 127], [518, 22, 43], [34, 23, 45]], "matchups_adc": [[74, 3, 4], [96, 2, 3], [67, 6, 9], [222, 13, 20], [81, 18, 28], [119, 12, 21], [202, 8, 15], [51, 19, 37], [157, 2, 4], [134, 2, 4], [498, 22, 44], [350, 1, 2], [45, 2, 4], [50, 1, 2], [236, 15, 30], [145, 34, 71], [22, 11, 28], [18, 5, 14], [110, 1, 4], [15, 2, 9]], "matchups_support": [[40, 7, 7], [3, 2, 2], [37, 2, 2], [53, 12, 13], [201, 3, 4], [9, 5, 7], [99, 5, 7], [25, 14, 20], [267, 11, 17], [161, 3, 5], [497, 10, 17], [350, 5, 9], [16, 6, 11], [43, 3, 6], [44, 1, 2], [143, 3, 6], [111, 9, 18], [26, 1, 2], [63, 2, 4], [89, 6, 13]]}