{"primary_winrate_percent": 0.5128883543796352, "matchups_top": 0.4849162011173184, "matchups_jungle": 0.5128883543796352, "matchups_mid": 0.49789857102829926, "matchups_adc": 0.4956521739130435, "matchups_support": 0.4430379746835443, "roles": [1, 5, 4, 2, 3]}