{"primary_winrate_percent": 51.28883543796352, "matchups_top": 48.49162011173184, "matchups_jungle": 51.28883543796352, "matchups_mid": 49.78985710282993, "matchups_adc": 49.56521739130435, "matchups_support": 44.303797468354425, "roles": [1, 5, 4, 2, 3]}