{"primary_winrate_percent": 0.5020865278236059, "matchups_top": 0.48066811011444477, "matchups_jungle": 0.36363636363636365, "matchups_mid": 0.5020865278236059, "matchups_adc": 0.3333333333333333, "matchups_support": 0.2, "roles": [5, 4, 1, 2, 3]}