{"primary_winrate_percent": 50.20865278236059, "matchups_top": 48.06681101144448, "matchups_jungle": 36.36363636363637, "matchups_mid": 50.20865278236059, "matchups_adc": 33.33333333333333, "matchups_support": 20.0, "roles": [5, 4, 1, 2, 3]}