{"primary_winrate_percent": 50.39192526575754, "winrate_top": 48.29912847905538, "winrate_jungle": 37.93103448275862, "winrate_mid": 50.39192526575754, "winrate_adc": 33.33333333333333, "winrate_support": 23.076923076923077, "roles": [5, 4, 1, 2, 3], "matchups_top": [[80, 37, 54], [74, 29, 43], [83, 17, 27], [266, 30, 48], [78, 13, 21], [518, 14, 23], [98, 37, 62], [420, 20, 34], [24, 37, 63], [41, 37, 63], [57, 25, 43], [23, 30, 52], [164, 27, 47], [75, 35, 61], [67, 20, 35], [86, 61, 107], [122, 47, 83], [45, 13, 23], [18, 15, 27], [58, 46, 85]], "matchups_jungle": [[102, 1, 1], [107, 1, 1], [29, 1, 1], [5, 1, 1], [113, 1, 1], [106, 1, 1], [104, 1, 1], [32, 1, 1], [76, 1, 1], [20, 1, 1], [427, 2, 2], [11, 3, 3], [48, 3, 3], [28, 3, 4], [141, 7, 10], [203, 2, 3], [56, 2, 3], [120, 2, 3], [64, 8, 12], [254, 2, 3]], "matchups_mid": [[91, 896, 1569], [161, 393, 705], [18, 549, 986], [80, 335, 613], [136, 160, 293], [238, 1085, 2029], [236, 301, 563], [246, 671, 1258], [10, 353, 667], [103, 1396, 2693], [105, 1176, 2295], [127, 433, 853], [74, 176, 347], [131, 711, 1402], [101, 385, 761], [69, 380, 753], [134, 844, 1695], [4, 905, 1820], [157, 1659, 3362], [99, 633, 1289]], "matchups_adc": [[15, 1, 1], [18, 2, 2], [29, 1, 1], [30, 1, 1], [67, 4, 4], [74, 1, 1], [119, 1, 1], [222, 2, 2], [236, 1, 1], [22, 3, 4], [51, 3, 4], [498, 3, 4], [145, 3, 5], [81, 1, 2], [134, 1, 3], [45, 0, 1], [96, 0, 1], [202, 0, 4]], "matchups_support": [[21, 1, 1], [26, 1, 1], [37, 1, 1], [40, 1, 1], [50, 1, 1], [53, 1, 1], [89, 1, 1], [157, 1, 1], [201, 1, 1], [432, 2, 2], [497, 3, 3], [555, 4, 4], [25, 1, 2], [111, 1, 2], [10, 0, 1], [42, 0, 1], [117, 0, 1], [412, 0, 1]]}