{"primary_winrate_percent": 0.5158480165370607, "matchups_top": 0.5035612535612536, "matchups_jungle": 0.34375, "matchups_mid": 0.5158480165370607, "matchups_adc": 0.4233128834355828, "matchups_support": 0.3028169014084507, "roles": [5, 4, 2, 3, 1]}