{"primary_winrate_percent": 51.584801653706066, "matchups_top": 50.35612535612536, "matchups_jungle": 34.375, "matchups_mid": 51.584801653706066, "matchups_adc": 42.331288343558285, "matchups_support": 30.28169014084507, "roles": [5, 4, 2, 3, 1]}