{"primary_winrate_percent": 51.56447655190283, "winrate_top": 50.3957783641161, "winrate_jungle": 34.78260869565217, "winrate_mid": 51.56447655190283, "winrate_adc": 43.42857142857143, "winrate_support": 31.125827814569533, "roles": [5, 4, 2, 3, 1], "matchups_top": [[68, 10, 12], [27, 8, 11], [518, 8, 11], [107, 8, 12], [86, 33, 50], [24, 25, 38], [516, 9, 14], [1, 7, 11], [50, 5, 8], [23, 18, 29], [74, 11, 18], [98, 14, 23], [14, 7, 12], [112, 8, 14], [122, 25, 44], [133, 9, 16], [114, 24, 43], [39, 27, 51], [126, 11, 21], [420, 12, 23]], "matchups_jungle": [[12, 1, 1], [102, 2, 2], [30, 1, 1], [29, 1, 1], [203, 2, 2], [54, 1, 1], [19, 1, 1], [86, 1, 1], [60, 1, 1], [120, 2, 2], [245, 2, 2], [2, 1, 1], [104, 1, 1], [76, 1, 1], [238, 1, 1], [145, 1, 1], [427, 1, 1], [154, 2, 2], [79, 3, 4], [141, 5, 7]], "matchups_mid": [[74, 249, 449], [58, 216, 398], [105, 1177, 2225], [38, 1254, 2372], [8, 1074, 2066], [10, 337, 649], [90, 849, 1652], [131, 909, 1773], [80, 388, 758], [91, 826, 1617], [99, 870, 1711], [245, 812, 1597], [3, 575, 1134], [142, 660, 1309], [1, 626, 1247], [86, 168, 335], [54, 201, 403], [69, 414, 833], [103, 1460, 2958], [112, 524, 1064]], "matchups_adc": [[4, 1, 1], [7, 1, 1], [29, 1, 1], [50, 1, 1], [133, 1, 1], [134, 1, 1], [67, 5, 7], [222, 7, 10], [22, 10, 15], [236, 14, 21], [498, 13, 20], [145, 15, 26], [18, 1, 2], [51, 7, 14], [96, 2, 4], [429, 1, 2], [81, 7, 15], [119, 5, 11], [21, 2, 6], [202, 4, 12]], "matchups_support": [[223, 2, 2], [16, 1, 1], [21, 1, 1], [432, 1, 1], [201, 3, 3], [45, 4, 4], [3, 1, 1], [35, 1, 1], [518, 1, 1], [99, 6, 6], [143, 2, 2], [17, 1, 1], [50, 2, 2], [75, 1, 1], [53, 6, 7], [40, 5, 6], [89, 7, 9], [117, 6, 8], [44, 3, 4], [43, 5, 7]]}