{"primary_winrate_percent": 53.6112071027938, "winrate_top": 53.6112071027938, "winrate_jungle": 41.31054131054131, "winrate_mid": 52.90625431451056, "winrate_adc": 48.720682302771856, "winrate_support": 47.43991640543365, "roles": [4, 5, 2, 3, 1], "matchups_top": [[133, 640, 1253], [23, 1336, 2659], [74, 408, 817], [24, 2242, 4504], [80, 1328, 2678], [57, 497, 1007], [18, 303, 622], [107, 446, 916], [240, 1173, 2411], [14, 593, 1223], [31, 710, 1469], [83, 599, 1247], [92, 2035, 4240], [157, 1152, 2406], [54, 979, 2046], [39, 1824, 3816], [6, 711, 1491], [164, 1526, 3204], [36, 332, 699], [236, 321, 676]], "matchups_jungle": [[163, 2, 2], [29, 6, 7], [2, 5, 6], [104, 4, 5], [24, 7, 9], [106, 6, 8], [60, 9, 13], [121, 15, 22], [77, 2, 3], [79, 4, 6], [517, 2, 3], [64, 25, 39], [120, 7, 11], [102, 5, 8], [154, 10, 16], [59, 6, 10], [32, 3, 5], [11, 9, 15], [245, 13, 22], [56, 7, 12]], "matchups_mid": [[74, 79, 146], [81, 106, 199], [101, 152, 289], [34, 135, 257], [161, 140, 270], [131, 208, 404], [69, 159, 311], [99, 252, 495], [142, 236, 467], [245, 224, 445], [8, 409, 820], [103, 481, 967], [4, 343, 693], [91, 247, 503], [112, 213, 442], [157, 659, 1372], [105, 338, 706], [1, 155, 325], [55, 309, 648], [134, 311, 654]], "matchups_adc": [[157, 9, 10], [74, 4, 5], [22, 58, 91], [134, 3, 5], [67, 28, 49], [202, 30, 54], [15, 5, 9], [236, 34, 62], [110, 6, 11], [222, 34, 64], [51, 46, 87], [81, 39, 79], [145, 88, 183], [119, 9, 19], [498, 44, 95], [18, 19, 45], [96, 3, 8], [21, 12, 33], [29, 2, 9]], "matchups_support": [[516, 4, 5], [35, 6, 8], [432, 15, 22], [37, 6, 9], [143, 11, 17], [111, 34, 53], [518, 3, 5], [16, 19, 32], [26, 11, 19], [89, 35, 61], [43, 8, 14], [53, 31, 55], [117, 31, 55], [40, 23, 41], [63, 10, 18], [44, 6, 11], [12, 8, 15], [9, 10, 19], [412, 54, 103], [101, 6, 12]]}