{"primary_winrate_percent": 0.5366324905821586, "matchups_top": 0.5366324905821586, "matchups_jungle": 0.41964285714285715, "matchups_mid": 0.5286359077231695, "matchups_adc": 0.49658314350797267, "matchups_support": 0.47237880496054113, "roles": [4, 5, 2, 3, 1]}