{"primary_winrate_percent": 53.663249058215854, "matchups_top": 53.663249058215854, "matchups_jungle": 41.964285714285715, "matchups_mid": 52.86359077231695, "matchups_adc": 49.65831435079727, "matchups_support": 47.23788049605411, "roles": [4, 5, 2, 3, 1]}