{"primary_winrate_percent": 50.30937174434932, "winrate_top": 46.581691772885286, "winrate_jungle": 50.30937174434932, "winrate_mid": 47.85478547854785, "winrate_adc": 16.666666666666664, "winrate_support": 28.000000000000004, "roles": [1, 4, 5, 2, 3], "matchups_top": [[27, 11, 12], [2, 4, 5], [54, 15, 19], [85, 7, 9], [6, 6, 8], [133, 8, 11], [18, 5, 7], [240, 17, 24], [86, 36, 53], [14, 4, 6], [68, 4, 6], [114, 24, 37], [36, 5, 8], [80, 16, 26], [75, 8, 13], [39, 14, 23], [92, 18, 30], [420, 9, 15], [98, 11, 19], [126, 6, 11]], "matchups_jungle": [[11, 2315, 4335], [5, 910, 1716], [104, 1181, 2247], [9, 424, 807], [120, 2168, 4137], [254, 1745, 3332], [427, 351, 671], [121, 4341, 8320], [35, 2025, 3906], [203, 649, 1256], [19, 1380, 2683], [102, 582, 1133], [32, 1005, 1960], [245, 3580, 6986], [56, 1403, 2741], [77, 621, 1215], [29, 505, 999], [76, 899, 1791], [107, 1405, 2804], [421, 862, 1727]], "matchups_mid": [[92, 2, 2], [90, 3, 3], [31, 2, 2], [101, 5, 5], [115, 2, 2], [82, 2, 2], [25, 2, 2], [245, 7, 9], [134, 6, 8], [161, 3, 4], [246, 4, 6], [42, 2, 3], [91, 4, 6], [3, 4, 6], [34, 2, 3], [105, 6, 9], [61, 5, 8], [13, 5, 8], [142, 3, 5], [238, 14, 26]], "matchups_adc": [[22, 6, 6], [67, 1, 1], [81, 1, 1], [222, 1, 1], [51, 1, 2], [145, 0, 1]], "matchups_support": [[9, 1, 1], [12, 1, 1], [17, 1, 1], [37, 1, 1], [99, 1, 1], [103, 1, 1], [111, 2, 2], [432, 1, 1], [497, 1, 1], [412, 3, 4], [53, 2, 3], [117, 2, 3], [89, 1, 2], [25, 0, 1], [143, 0, 1], [555, 0, 1]]}