{"primary_winrate_percent": 50.35577983621439, "matchups_top": 46.41509433962264, "matchups_jungle": 50.35577983621439, "matchups_mid": 48.26388888888889, "matchups_adc": 18.181818181818183, "matchups_support": 28.000000000000004, "roles": [1, 4, 5, 2, 3]}