{"primary_winrate_percent": 0.5035577983621439, "matchups_top": 0.4641509433962264, "matchups_jungle": 0.5035577983621439, "matchups_mid": 0.4826388888888889, "matchups_adc": 0.18181818181818182, "matchups_support": 0.28, "roles": [1, 4, 5, 2, 3]}