{"primary_winrate_percent": 50.92206599307567, "matchups_top": 50.92206599307567, "matchups_jungle": 37.5, "matchups_mid": 52.194543297746144, "matchups_adc": 46.464646464646464, "matchups_support": 43.39080459770115, "roles": [4, 5, 2, 3, 1]}