{"primary_winrate_percent": 0.5092206599307567, "matchups_top": 0.5092206599307567, "matchups_jungle": 0.375, "matchups_mid": 0.5219454329774614, "matchups_adc": 0.46464646464646464, "matchups_support": 0.4339080459770115, "roles": [4, 5, 2, 3, 1]}