{"primary_winrate_percent": 50.97535600494181, "winrate_top": 50.97535600494181, "winrate_jungle": 38.88888888888889, "winrate_mid": 52.26644555002764, "winrate_adc": 46.009389671361504, "winrate_support": 44.21052631578947, "roles": [4, 5, 2, 3, 1], "matchups_top": [[83, 174, 304], [107, 119, 212], [68, 193, 355], [112, 98, 183], [75, 273, 511], [36, 119, 224], [57, 156, 294], [10, 1004, 1893], [17, 430, 823], [41, 486, 931], [14, 153, 294], [27, 130, 250], [82, 489, 955], [58, 578, 1129], [8, 627, 1233], [122, 851, 1697], [54, 324, 648], [74, 125, 250], [6, 221, 443], [13, 535, 1089]], "matchups_jungle": [[20, 1, 1], [28, 1, 1], [60, 2, 2], [78, 1, 1], [102, 1, 1], [106, 1, 1], [121, 2, 2], [254, 1, 1], [64, 1, 3], [2, 0, 1], [19, 0, 1], [59, 0, 2], [154, 0, 1]], "matchups_mid": [[3, 21, 34], [517, 17, 28], [268, 11, 19], [45, 58, 101], [101, 28, 50], [10, 17, 31], [142, 41, 75], [42, 12, 22], [90, 35, 65], [245, 41, 77], [112, 33, 62], [38, 42, 79], [115, 13, 25], [61, 40, 77], [103, 83, 161], [80, 25, 49], [91, 51, 100], [74, 10, 20], [518, 18, 36], [34, 16, 32]], "matchups_adc": [[29, 2, 2], [50, 3, 3], [22, 13, 15], [67, 15, 19], [45, 2, 3], [236, 6, 9], [498, 8, 14], [145, 23, 42], [110, 1, 2], [81, 8, 18], [222, 9, 21], [51, 9, 24], [202, 4, 11], [157, 1, 3], [18, 3, 10], [21, 1, 5], [119, 0, 3]], "matchups_support": [[63, 7, 9], [89, 15, 20], [432, 6, 8], [267, 17, 23], [111, 23, 33], [40, 9, 13], [555, 16, 24], [101, 2, 3], [53, 13, 20], [201, 6, 10], [35, 4, 7], [497, 8, 14], [99, 8, 14], [25, 11, 20], [117, 13, 25], [21, 1, 2], [45, 2, 4], [98, 1, 2], [412, 21, 46], [350, 6, 14]]}