{"primary_winrate_percent": 0.5149581823490014, "matchups_top": 0.492156862745098, "matchups_jungle": 0.5149581823490014, "matchups_mid": 0.5532646048109966, "matchups_adc": 0.375, "matchups_support": 0.21052631578947367, "roles": [1, 4, 5, 2, 3]}