{"primary_winrate_percent": 51.62523442799569, "lane_winrates": {"1": 51.62523442799569, "2": 20.833333333333336, "3": 42.857142857142854, "4": 49.55595026642984, "5": 54.08163265306123}, "roles": [1, 4, 5, 2, 3], "matchups": {"1": [[429, 0, 1, -1655, -2011, 0, 8, 0, -41, -3, 0, 0, 24, 0, -7410], [34, 0, 2, -1671, -1859, 0, 7, 0, -74, -1, 0, 0, 34, 0, -12229], [8, 0, 1, 0, 0, 0, 0, 0, 0, -1, 0, 0, 0, 0, 0], [99, 0, 1, -1396, -1487, 0, 6, 0, -24, -2, 0, 0, 21, 0, -3221], [85, 0, 2, -4156, -2378, 0, -18, 0, -50, -2, 0, 0, 40, 0, -5012], [497, 0, 2, -3266, -2500, 0, 5, 0, -72, -3, 0, 0, 36, 0, -11794], [69, 0, 1, -3256, -2416, 0, 0, 0, -36, 0, 0, 0, 31, 0, -6327], [84, 0, 4, -7759, -7621, 0, -16, 0, -96, -7, 0, 0, 106, 0, -15826], [45, 0, 1, 468, 1065, 0, 3, 0, 16, 1, 0, 0, 4, 0, -4534], [201, 0, 1, -3471, -3091, 0, -23, 0, -46, -1, 0, 0, 29, 0, -10489], [350, 0, 1, -2215, -2879, 0, -3, 0, -76, -2, 0, 0, 24, 0, -10170], [412, 0, 3, -5581, -4904, 0, 4, 0, -134, -4, 0, 0, 64, 0, -17347], [115, 0, 1, -1354, -997, 0, -20, 0, -23, -2, 0, 0, 14, 0, -13701], [101, 0, 3, -3147, -2497, 0, 2, 0, -24, 0, 0, 0, 40, 0, -12565], [268, 0, 1, -5526, -3916, 0, -3, 0, -68, 0, 0, 0, 34, 0, -8874], [61, 0, 1, 86, -846, 0, 3, 0, 8, -1, 0, 0, 22, 0, -5145], [40, 0, 1, -989, -1511, 0, 1, 0, -45, -3, 0, 0, 20, 0, -8853], [112, 0, 1, -1208, -470, 0, 2, 0, -39, 0, 0, 0, 11, 0, -2188], [127, 0, 2, -1743, -1625, 0, 2, 0, -37, 1, 0, 0, 34, 0, -2893], [110, 0, 1, -1743, -1639, 0, 8, 0, -16, -4, 0, 0, 18, 0, -7332], [142, 0, 3, -4450, -4047, 0, 19, 0, -91, -2, 0, 0, 69, 0, -18790], [12, 0, 2, -5608, -5345, 0, -25, 0, -40, -2, 0, 0, 46, 0, -19318], [53, 1, 7, -12066, -12757, 0, -2, 0, -377, -6, 0, 0, 164, 0, -33886], [43, 1, 6, -1866, -3805, 0, -1, 0, -19, -6, 0, 0, 86, 0, -21154], [518, 3, 15, -6977, -9031, 0, 66, 0, -139, -11, 0, 0, 224, 0, -45790], [119, 1, 5, -3543, -2505, 0, 57, 0, -92, -8, 0, 0, 49, 0, -20111], [114, 1, 5, -307, -1474, 0, 43, 0, -18, -3, 0, 0, 73, 0, -11436], [81, 7, 28, -12186, -12200, 0, 73, 0, -196, -8, 0, 0, 364, 0, -27734], [122, 3, 12, -5271, -3420, 0, 78, 0, -199, -8, 0, 0, 146, 0, -20067], [18, 10, 37, -13837, -11749, 0, 94, 0, -353, -20, 0, 0, 431, 0, -55732], [13, 4, 14, -10755, -12614, 0, -1, 0, -24, -19, 0, 0, 227, 0, -29481], [555, 7, 23, -33900, -24383, 0, -110, 0, -576, -8, 0, 0, 407, 0, -89865], [157, 16, 51, -8918, -23583, 0, 354, 0, -231, -50, 0, 0, 677, 0, -100605], [105, 16, 48, -32273, -40061, 0, 30, 0, -563, -39, 0, 0, 792, 0, -69718], [41, 1, 3, -2060, -3100, 0, -18, 0, -30, -2, 0, 0, 56, 0, -9463], [10, 7, 21, -4158, -9287, 0, 41, 0, -6, -11, 0, 0, 254, 0, -41140], [498, 1, 3, -3014, -5224, 0, -15, 0, -24, -5, 0, 0, 62, 0, -21559], [22, 1, 3, -1346, -1898, 0, 29, 0, -37, -5, 0, 0, 46, 0, -7199], [58, 3, 9, -6840, -4519, 0, 63, 0, -128, -3, 0, 0, 119, 0, -40321], [223, 2, 6, -3409, -3547, 0, 23, 0, -24, -4, 0, 0, 78, 0, -20861], [145, 34, 97, -34848, -51112, 0, 192, 0, -147, -86, 0, 0, 1343, 0, -174760], [86, 38, 108, -32879, -30286, 0, 274, 0, -537, -36, 0, 0, 1317, 0, -117074], [236, 5, 14, -2032, -3340, 0, 67, 0, -29, -16, 0, 0, 188, 0, -14066], [517, 188, 514, -234797, -292077, 0, 223, 0, -4541, -288, 0, 0, 7547, 0, -324733], [133, 14, 38, -16491, -14933, 0, 16, 0, -170, -16, 0, 0, 494, 0, -23057], [266, 49, 129, -1664, -28113, 0, 151, 0, 26, -58, 0, 0, 1528, 0, -100219], [98, 25, 64, -19029, -29358, 0, -28, 0, -471, -31, 0, 0, 924, 0, -12778], [44, 9, 23, -11405, -15786, 0, 61, 0, -376, -4, 0, 0, 360, 0, -63865], [238, 4, 10, -6430, -7560, 0, 72, 0, -195, -7, 0, 0, 143, 0, -27855], [126, 2, 5, -785, -1227, 0, 14, 0, -37, -3, 0, 0, 63, 0, -4760], [16, 2, 5, -8571, -6821, 0, -13, 0, -189, -2, 0, 0, 114, 0, -7417], [92, 46, 114, 17122, 11917, 0, 417, 0, -24, -26, 0, 0, 1054, 0, -60], [75, 28, 69, -23312, -36338, 0, 190, 0, -372, -43, 0, 0, 1021, 0, -114293], [67, 11, 27, -19173, -23404, 0, 22, 0, -301, -14, 0, 0, 427, 0, -25082], [6, 19, 45, -6536, -14102, 0, 260, 0, -112, -24, 0, 0, 527, 0, -43585], [240, 11, 26, -1174, 4886, 0, 38, 0, -228, -2, 0, 0, 226, 0, 14218], [246, 354, 836, -288649, -297312, 0, 662, 0, -6344, -297, 0, 0, 10488, 0, -357987], [14, 14, 33, -6150, -14066, 0, 183, 0, -234, -11, 0, 0, 410, 0, -10354], [164, 149, 350, -164661, -108173, 0, 33, 0, -4157, -167, 0, 0, 4327, 0, -114531], [83, 6, 14, -95, -2691, 0, 115, 0, 1, -1, 0, 0, 160, 0, 2925], [1, 3, 7, -4694, -5759, 0, 21, 0, -200, -2, 0, 0, 120, 0, -4493], [27, 6, 14, -18398, -18841, 0, -11, 0, -255, -9, 0, 0, 239, 0, -37789], [4, 15, 35, -15716, -11219, 0, 105, 0, -320, -35, 0, 0, 443, 0, -1925], [31, 68, 158, -11945, -35617, 0, 515, 0, -618, -31, 0, 0, 1880, 0, -162432], [82, 42, 97, 5714, -1438, 0, 287, 0, -97, -22, 0, 0, 968, 0, -36646], [131, 138, 318, -22219, -93477, 0, 882, 0, -421, -175, 0, 0, 3883, 0, -295952], [80, 680, 1552, -198913, 21499, 0, 1516, 0, -8634, -427, 0, 0, 15859, 0, 947286], [79, 1381, 3101, -639417, -1167961, 0, 1599, 0, -14829, -880, 0, 0, 40900, 0, -379985], [17, 25, 56, -36424, -54518, 0, 71, 0, -487, -45, 0, 0, 999, 0, -30434], [203, 564, 1261, -158543, -111787, 0, 1825, 0, -1390, -821, 0, 0, 13286, 0, -275893], [63, 18, 40, -5355, -4519, 0, 92, 0, -116, -19, 0, 0, 432, 0, -18106], [163, 364, 808, -128323, -185618, 0, 2307, 0, -4812, -354, 0, 0, 9521, 0, -123277], [113, 452, 1003, -220407, -362343, 0, 1357, 0, -4598, -379, 0, 0, 13116, 0, -208195], [57, 75, 165, -72330, -95200, 0, 339, 0, -1626, -74, 0, 0, 2458, 0, -58031], [54, 1027, 2227, -658379, -926945, 0, 398, 0, -12387, -543, 0, 0, 29892, 0, -1747845], [89, 12, 26, -26659, -25292, 0, -54, 0, -463, -15, 0, 0, 466, 0, -36471], [516, 13, 28, -11036, -18191, 0, 31, 0, -33, -15, 0, 0, 431, 0, -5980], [33, 745, 1604, -597598, -793155, 0, 702, 0, -13367, -574, 0, 0, 22408, 0, -1123444], [68, 46, 99, 7731, -1269, 0, 344, 0, -170, -32, 0, 0, 1085, 0, 55492], [28, 1676, 3598, 118586, -561942, 0, -5112, 0, -941, -1032, 0, 0, 40748, 0, -752477], [76, 1011, 2170, 632364, 492820, 0, 3376, 0, 10213, -348, 0, 0, 18390, 0, 932883], [62, 311, 658, -193176, -247941, 0, 933, 0, -4317, -227, 0, 0, 8530, 0, -529488], [23, 56, 118, -1157, -24836, 0, 364, 0, 467, -48, 0, 0, 1428, 0, -53155], [29, 534, 1125, -350965, -197375, 0, 4528, 0, -16838, -582, 0, 0, 12749, 0, -85169], [32, 900, 1892, -160054, -597248, 0, 2379, 0, -3012, -769, 0, 0, 23946, 0, -1091370], [2, 930, 1955, 370229, 428800, 0, 6262, 0, 8559, -439, 0, 0, 16748, 0, 756973], [141, 3942, 8257, -266278, -1018189, 0, 11940, 0, 2301, -3330, 0, 0, 91034, 0, -3210308], [104, 1256, 2624, 540023, 460211, 0, 13746, 0, 7781, -658, 0, 0, 22714, 0, 725417], [64, 8623, 18005, -166291, 1112606, 0, 15438, 0, -42907, -2373, 0, 0, 175803, 0, 5591710], [427, 351, 731, -66371, -384209, 0, -1470, 0, -1547, -310, 0, 0, 10852, 0, -280596], [421, 1052, 2180, 186824, 329240, 0, 667, 0, -1900, -459, 0, 0, 19763, 0, 860085], [59, 2966, 6134, -629843, -456765, 0, 8219, 0, -24377, -2046, 0, 0, 66959, 0, 2148765], [102, 548, 1132, 233243, -56726, 0, 4065, 0, 6233, -344, 0, 0, 11610, 0, -442252], [245, 3656, 7546, -268604, -879661, 0, 19504, 0, -25386, -2114, 0, 0, 82836, 0, -231880], [5, 1040, 2131, -224819, -102005, 0, 1152, 0, -4888, -813, 0, 0, 22947, 0, 971279], [56, 1677, 3432, 690814, 505441, 0, 8841, 0, 11423, -617, 0, 0, 30794, 0, 1719850], [72, 254, 519, 60057, -69511, 0, 352, 0, 1594, -162, 0, 0, 5902, 0, -3218], [120, 2344, 4787, 545168, 778946, 0, 10447, 0, 8366, -868, 0, 0, 42587, 0, 2419750], [24, 1158, 2345, -130011, -337021, 0, 2387, 0, 1673, -843, 0, 0, 26257, 0, -548546], [60, 2666, 5396, -1005488, -727476, 0, 1463, 0, -34014, -789, 0, 0, 60833, 0, 2311780], [107, 2093, 4230, 965274, 721227, 0, 12003, 0, 14630, -394, 0, 0, 36603, 0, 564177], [77, 663, 1335, 182953, 129953, 0, 788, 0, 8847, -306, 0, 0, 12524, 0, 564178], [11, 2540, 5096, 288720, 272004, 0, 12855, 0, 16849, -2029, 0, 0, 48795, 0, -1159867], [36, 815, 1632, 456394, 132446, 0, 5133, 0, 13436, -580, 0, 0, 15285, 0, -475407], [161, 1, 2, -2601, -2068, 0, 5, 0, -30, 1, 0, 0, 40, 0, 