{"primary_winrate_percent": 51.495818234900135, "matchups_top": 49.2156862745098, "matchups_jungle": 51.495818234900135, "matchups_mid": 55.32646048109966, "matchups_adc": 37.5, "matchups_support": 21.052631578947366, "roles": [1, 4, 5, 2, 3]}