{"primary_winrate_percent": 51.552109072707196, "winrate_top": 50.179211469534046, "winrate_jungle": 51.552109072707196, "winrate_mid": 54.39739413680782, "winrate_adc": 37.5, "winrate_support": 20.0, "roles": [1, 4, 5, 2, 3], "matchups_top": [[154, 3, 3], [420, 5, 6], [85, 6, 8], [78, 3, 4], [58, 14, 21], [27, 2, 3], [6, 4, 6], [82, 16, 24], [518, 2, 3], [150, 3, 5], [67, 3, 5], [80, 13, 22], [54, 7, 12], [84, 7, 12], [24, 11, 19], [39, 11, 19], [92, 10, 18], [23, 7, 13], [41, 7, 13], [164, 9, 17]], "matchups_jungle": [[254, 2042, 3840], [20, 1072, 2021], [35, 2279, 4385], [154, 1644, 3189], [19, 1504, 2935], [9, 426, 841], [106, 591, 1168], [30, 861, 1715], [36, 833, 1671], [107, 2109, 4238], [11, 2528, 5108], [60, 2654, 5382], [77, 658, 1336], [24, 1152, 2348], [427, 363, 740], [102, 564, 1151], [120, 2343, 4782], [5, 1047, 2137], [56, 1695, 3474], [59, 2985, 6134]], "matchups_mid": [[127, 3, 3], [240, 3, 3], [54, 2, 2], [56, 3, 3], [26, 2, 2], [236, 2, 2], [62, 2, 2], [42, 5, 6], [101, 4, 5], [99, 7, 9], [246, 3, 4], [131, 3, 4], [74, 3, 4], [34, 2, 3], [91, 5, 8], [142, 4, 7], [134, 4, 7], [157, 9, 17], [38, 7, 14], [80, 1, 2]], "matchups_adc": [[15, 1, 1], [51, 1, 1], [67, 1, 1], [498, 1, 1], [145, 1, 2], [22, 0, 1], [236, 0, 1]], "matchups_support": [[43, 1, 1], [63, 1, 1], [89, 3, 3], [111, 1, 1], [350, 1, 1], [412, 4, 4], [432, 1, 1], [555, 1, 1], [143, 2, 3], [53, 1, 2], [12, 0, 1], [117, 0, 1]]}