{"primary_winrate_percent": 49.93520132278679, "winrate_top": 47.20496894409938, "winrate_jungle": 49.93520132278679, "winrate_mid": 42.10526315789473, "winrate_adc": 50.38363171355499, "winrate_support": 43.75, "roles": [1, 3, 4, 5, 2], "matchups_top": [[516, 2, 2], [157, 1, 1], [58, 2, 2], [90, 1, 1], [60, 1, 1], [74, 1, 1], [2, 1, 1], [35, 1, 1], [85, 2, 2], [36, 1, 1], [79, 1, 1], [420, 3, 3], [17, 2, 2], [75, 1, 1], [78, 2, 2], [236, 1, 1], [39, 1, 1], [62, 2, 2], [240, 3, 4], [54, 3, 4]], "matchups_jungle": [[77, 115, 196], [11, 400, 699], [5, 205, 369], [121, 705, 1271], [33, 151, 275], [35, 346, 631], [30, 230, 425], [427, 71, 133], [106, 115, 217], [154, 366, 706], [56, 245, 473], [245, 743, 1435], [102, 103, 199], [19, 234, 453], [24, 192, 372], [120, 355, 688], [28, 297, 576], [62, 62, 121], [107, 240, 471], [80, 133, 262]], "matchups_mid": [[4, 2, 2], [110, 1, 1], [18, 1, 1], [54, 1, 1], [101, 1, 1], [86, 1, 1], [10, 1, 1], [6, 1, 1], [55, 4, 4], [45, 4, 4], [3, 2, 2], [69, 1, 1], [518, 2, 2], [8, 3, 3], [50, 1, 1], [34, 1, 1], [134, 2, 3], [246, 2, 3], [142, 1, 2], [38, 1, 2]], "matchups_adc": [[29, 2, 2], [45, 2, 2], [22, 30, 48], [119, 7, 12], [21, 9, 16], [18, 6, 11], [67, 12, 22], [51, 12, 23], [15, 3, 6], [81, 26, 52], [145, 36, 77], [202, 6, 13], [236, 11, 25], [222, 11, 27], [110, 2, 5], [498, 14, 37], [74, 1, 3], [115, 0, 2]], "matchups_support": [[25, 1, 1], [59, 1, 1], [63, 1, 1], [89, 2, 2], [111, 1, 1], [412, 1, 1], [555, 1, 1], [267, 1, 2], [50, 0, 1], [53, 0, 2], [101, 0, 1], [117, 0, 1], [223, 0, 1]]}