{"primary_winrate_percent": 49.72828723920427, "matchups_top": 46.93877551020408, "matchups_jungle": 49.72828723920427, "matchups_mid": 44.776119402985074, "matchups_adc": 51.38121546961326, "matchups_support": 42.857142857142854, "roles": [1, 3, 4, 5, 2]}