{"primary_winrate_percent": 0.4972828723920427, "matchups_top": 0.46938775510204084, "matchups_jungle": 0.4972828723920427, "matchups_mid": 0.44776119402985076, "matchups_adc": 0.5138121546961326, "matchups_support": 0.42857142857142855, "roles": [1, 3, 4, 5, 2]}