{"primary_winrate_percent": 50.07815640212585, "lane_winrates": {"1": 50.07815640212585, "2": 43.75, "3": 50.76923076923077, "4": 46.875, "5": 40.57971014492754}, "roles": [1, 3, 4, 5, 2], "matchups": {"1": [[39, 0, 2, -1931, -2325, 0, -1, 0, -16, -3, 0, 0, 32, 0, -2916], [55, 0, 1, -291, 646, 0, 6, 0, -40, 0, 0, 0, 10, 0, -6309], [74, 0, 1, -670, -543, 0, -4, 0, -13, 0, 0, 0, 18, 0, -5761], [350, 0, 3, -4141, -6621, 0, -8, 0, -176, -2, 0, 0, 76, 0, -10648], [43, 0, 1, -1072, -1795, 0, 4, 0, -38, -2, 0, 0, 26, 0, -5353], [555, 0, 3, -1317, -3173, 0, 79, 0, -137, 2, 0, 0, 27, 0, 3997], [240, 0, 1, -794, -723, 0, 11, 0, -37, -2, 0, 0, 16, 0, -2421], [22, 0, 1, -2340, -2466, 0, 6, 0, -25, -1, 0, 0, 22, 0, -12413], [90, 0, 1, -447, -482, 0, 4, 0, -17, 0, 0, 0, 17, 0, -2490], [134, 0, 1, -3279, -4635, 0, 16, 0, -110, 0, 0, 0, 34, 0, -9850], [110, 0, 1, 152, -85, 0, 10, 0, -19, 1, 0, 0, 14, 0, -1845], [16, 0, 6, -17493, -13821, 0, -61, 0, -203, -3, 0, 0, 156, 0, -41119], [12, 0, 1, -2697, -2534, 0, -2, 0, -40, 0, 0, 0, 26, 0, -7085], [82, 3, 16, -3889, -1827, 0, 15, 0, -24, 0, 0, 0, 172, 0, -2609], [89, 1, 5, -7171, -9246, 0, -14, 0, -108, -3, 0, 0, 124, 0, -15313], [14, 2, 9, -4341, -7224, 0, 3, 0, -105, -2, 0, 0, 153, 0, -16015], [75, 1, 4, -2078, -2561, 0, 14, 0, -84, 0, 0, 0, 57, 0, -7373], [518, 1, 4, -2272, -4467, 0, -3, 0, -21, -1, 0, 0, 70, 0, -10053], [238, 2, 7, 218, 674, 0, 45, 0, -92, 3, 0, 0, 76, 0, -14347], [81, 1, 3, -2459, -3197, 0, 65, 0, -90, -3, 0, 0, 64, 0, -8810], [67, 3, 9, -1219, -1782, 0, 2, 0, 2, 0, 0, 0, 101, 0, -10903], [1, 1, 3, -4930, -6884, 0, 3, 0, -81, -5, 0, 0, 68, 0, -25872], [6, 4, 12, -319, -161, 0, 49, 0, -77, -1, 0, 0, 110, 0, -16986], [18, 1, 3, 1707, 3506, 0, 8, 0, 7, 4, 0, 0, 7, 0, 13456], [92, 6, 18, -2010, -8753, 0, -42, 0, -23, -1, 0, 0, 265, 0, -6720], [38, 1, 3, 382, 489, 0, 27, 0, -54, 0, 0, 0, 19, 0, -13904], [57, 10, 28, -11435, -19281, 0, 22, 0, -288, -8, 0, 0, 418, 0, -67562], [86, 9, 25, -14962, -17950, 0, -31, 0, -240, -5, 0, 0, 388, 0, -36916], [48, 24, 66, -18549, -26593, 0, 11, 0, -130, 5, 0, 0, 888, 0, -71070], [246, 49, 134, -35828, -49421, 0, -9, 0, -1126, 3, 0, 0, 1575, 0, -140124], [72, 35, 92, 194, -28303, 0, -146, 0, 162, 2, 0, 0, 1205, 0, -95670], [517, 32, 82, -14044, -31279, 0, -61, 0, -470, -10, 0, 0, 1020, 0, -91098], [164, 25, 64, -54259, -57942, 0, -197, 0, -1036, -39, 0, 0, 1092, 0, -100755], [23, 8, 20, 7030, 3460, 0, 192, 0, 57, -10, 0, 0, 181, 0, -3860], [157, 2, 5, 1603, 471, 0, 20, 0, 30, 0, 0, 0, 46, 0, 7820], [105, 3, 7, -490, 1194, 0, 13, 0, -52, 5, 0, 0, 57, 0, -9667], [68, 11, 25, -141, -5352, 0, 73, 0, -190, 10, 0, 0, 270, 0, -44195], [79, 293, 663, -123596, -254680, 0, -917, 0, -2697, -73, 0, 0, 8741, 0, -403167], [36, 172, 383, 78714, -21460, 0, 688, 0, 2442, -76, 0, 0, 3952, 0, -400903], [163, 96, 213, -29801, -82176, 0, 266, 0, -1219, -64, 0, 0, 2713, 0, -84485], [131, 20, 44, -228, -10598, 0, 2, 0, 138, -8, 0, 0, 520, 0, -60543], [29, 81, 178, -41286, -35092, 0, 91, 0, -2240, -4, 0, 0, 2086, 0, -14336], [76, 225, 494, 82932, 20308, 0, -221, 0, 1609, 34, 0, 0, 4898, 0, 60227], [104, 229, 501, 81838, 27509, 0, 1302, 0, 1627, 19, 0, 0, 4701, 0, -146426], [145, 6, 13, 560, -4143, 0, 6, 0, 18, -11, 0, 0, 165, 0, -15926], [32, 161, 344, -51269, -155195, 0, -118, 0, -815, -69, 0, 0, 4730, 0, -307768], [141, 596, 1269, 58387, -114067, 0, -637, 0, 2303, -111, 0, 0, 13367, 0, -856427], [254, 294, 624, 50655, -90836, 0, -569, 0, 1598, -35, 0, 0, 6999, 0, -175227], [113, 75, 159, -63977, -101312, 0, -49, 0, -1137, -71, 0, 0, 2395, 0, -187052], [78, 27, 57, -2055, -2354, 0, 27, 0, -258, 5, 0, 0, 623, 0, 32713], [421, 199, 419, 31036, 16027, 0, -556, 0, -571, 58, 0, 0, 4176, 0, 129368], [9, 70, 147, -26801, -69231, 0, 249, 0, -709, -29, 0, 0, 2080, 0, -90130], [80, 126, 262, -36074, -19873, 0, -353, 0, -1388, 3, 0, 0, 2845, 0, 157242], [20, 206, 428, -77649, -199724, 0, -172, 0, -1295, -148, 0, 0, 5843, 0, -98411], [2, 178, 365, 51504, 25636, 0, 126, 0, 2061, -31, 0, 0, 3501, 0, 61669], [64, 1415, 2870, -99443, -26497, 0, -3746, 0, -6691, 388, 0, 0, 29206, 0, 420798], [54, 165, 334, -52104, -129212, 0, -276, 0, -1686, 6, 0, 0, 4395, 0, -244174], [60, 475, 955, -123495, -135102, 0, -1303, 0, -5599, 182, 0, 0, 10700, 0, 284236], [136, 2, 4, -5618, -6223, 0, -4, 0, -90, -1, 0, 0, 80, 0, -9980], [98, 6, 12, 932, -1927, 0, 6, 0, -23, -1, 0, 0, 131, 0, 6799], [44, 3, 6, -2939, -3606, 0, -10, 0, -24, 2, 0, 0, 89, 0, -20774], [133, 4, 8, 13776, 6649, 0, 26, 0, 114, 6, 0, 0, 60, 0, 16928], [10, 1, 2, -262, 101, 0, -6, 0, -14, 1, 0, 0, 22, 0, 360], [4, 4, 8, -4746, -3244, 0, 2, 0, -33, -2, 0, 0, 88, 0, -1898], [516, 2, 4, -4966, -4964, 0, -5, 0, -72, -5, 0, 0, 73, 0, -16118], [59, 556, 1110, -107905, -103346, 0, -478, 0, -4302, -1, 0, 0, 11998, 0, 170567], [19, 232, 457, 27844, 50674, 0, -419, 0, 447, 42, 0, 0, 4276, 0, 235710], [62, 64, 126, -26747, -25669, 0, 26, 0, -929, 29, 0, 0, 1431, 0, -50779], [120, 350, 685, 142154, 109777, 0, 211, 0, 2273, 77, 0, 0, 5877, 0, 226437], [24, 194, 379, -13950, -85661, 0, -646, 0, 950, 19, 0, 0, 4391, 0, -41356], [107, 241, 469, 111794, 60230, 0, 237, 0, 1774, 161, 0, 0, 3944, 0, -135284], [102, 106, 206, 47392, -28161, 0, 456, 0, 1431, -5, 0, 0, 2216, 0, -100041], [427, 69, 134, -3015, -74108, 0, -472, 0, 93, -58, 0, 0, 2003, 0, -90625], [56, 239, 460, 81391, 55679, 0, 222, 0, 1583, 69, 0, 0, 4076, 0, 107177], [245, 746, 1433, -55168, -314877, 0, 1102, 0, -3606, -76, 0, 0, 16610, 0, -174722], [28, 305, 584, 66640, -91406, 0, -1834, 0, -301, -49, 0, 0, 6492, 0, -182462], [154, 380, 727, -114434, -392608, 0, -407, 0, -5851, -61, 0, 0, 10363, 0, -478114], [106, 113, 215, -30042, -43187, 0, 88, 0, -956, 38, 0, 0, 2439, 0, -96471], [30, 230, 430, 120334, -21159, 0, 919, 0, 3172, -176, 0, 0, 4347, 0, -231735], [266, 19, 35, -1942, -1697, 0, 26, 0, -71, 6, 0, 0, 359, 0, 29315], [33, 150, 275, -80073, -144793, 0, -75, 0, -2020, -42, 0, 0, 3853, 0, -199565], [121, 697, 1261, 159545, 121024, 0, -1960, 0, 1547, 858, 0, 0, 11718, 0, 298280], [5, 205, 370, 10273, 5804, 0, -301, 0, -697, 19, 0, 0, 3671, 0, 217579], [63, 5, 9, 1877, -3166, 0, 43, 0, 34, -3, 0, 0, 121, 0, 10954], [35, 345, 619, -10773, -5084, 0, -773, 0, -2420, 276, 0, 0, 6118, 0, 210177], [11, 405, 711, 164602, 138830, 0, 938, 0, 3886, 161, 0, 0, 5611, 0, -185044], [77, 111, 191, 29770, 17326, 0, -343, 0, 1361, 13, 0, 0, 1836, 0, 66389], [31, 15, 25, -7057, -12131, 0, -31, 0, 60, -1, 0, 0, 345, 0, -10004], [111, 7, 11, -1256, -2193, 0, 2, 0, -130, 0, 0, 0, 134, 0, 26137], [17, 11, 17, 4738, 1601, 0, 41, 0, -37, -4, 0, 0, 139, 0, -8438], [27, 2, 3, -2800, -5855, 0, -14, 0, -10, 0, 0, 0, 76, 0, -5819], [122, 3, 4, 1215, 543, 0, -15, 0, 38, 3, 0, 0, 53, 0, 9100], [236, 1, 1, 13, -596, 0, 2, 0, -13, 1, 0, 0, 14, 0, 3991], [83, 1, 1, -301, -663, 0, -5, 0, 5, -2, 0, 0, 16, 0, 7459], [25, 2, 2, 3871, 1857, 0, -7, 0, 26, 4, 0, 0, 7, 0, 7431], [202, 1, 1, 129, 588, 0, 7, 0, -2, 1, 0, 0, 4, 0, 4873], [13, 2, 2, 1478, -11, 0, 0, 0, 30, 1, 0, 0, 23, 0, 7486], [3, 1, 1, 1511, 1867, 0, -4, 0, 14, 1, 0, 0, 1, 0, 13628], [222, 1, 1, -1029, -1665, 0, -7, 0, 4, -1, 0, 0, 24, 0, -910], [91, 1, 1, 1337, 779, 0, 0, 0, 25, 1, 0, 0, 4, 0, 7515], [412, 1, 1, -1290, -1354, 0, -14, 0, -7, -1, 0, 0, 21, 0, -1212], [223, 1, 1, -1587, -1444, 0, 0, 0, -28, -2, 0, 0, 23, 0, 3298]],