{"primary_winrate_percent": 0.5208011869436202, "matchups_top": 0.5208011869436202, "matchups_jungle": 0.5466666666666666, "matchups_mid": 0.5279831045406547, "matchups_adc": 0.5742574257425742, "matchups_support": 0.35802469135802467, "roles": [4, 5, 1, 2, 3]}