{"primary_winrate_percent": 52.08011869436202, "matchups_top": 52.08011869436202, "matchups_jungle": 54.666666666666664, "matchups_mid": 52.798310454065465, "matchups_adc": 57.42574257425742, "matchups_support": 35.80246913580247, "roles": [4, 5, 1, 2, 3]}