{"primary_winrate_percent": 52.0910058106228, "winrate_top": 52.0910058106228, "winrate_jungle": 54.2654028436019, "winrate_mid": 52.5706940874036, "winrate_adc": 58.71559633027523, "winrate_support": 37.362637362637365, "roles": [4, 5, 1, 2, 3], "matchups_top": [[27, 175, 312], [17, 375, 693], [114, 940, 1743], [85, 267, 515], [6, 261, 504], [420, 294, 570], [10, 1240, 2416], [78, 205, 403], [82, 733, 1449], [57, 161, 319], [86, 873, 1738], [122, 989, 1969], [24, 701, 1402], [164, 436, 873], [67, 185, 371], [68, 170, 341], [54, 341, 685], [36, 119, 240], [14, 169, 342], [98, 406, 823]], "matchups_jungle": [[9, 3, 3], [33, 3, 3], [102, 4, 5], [36, 3, 4], [5, 2, 3], [19, 7, 11], [32, 5, 8], [79, 8, 13], [77, 3, 5], [24, 3, 5], [54, 4, 7], [421, 5, 9], [141, 12, 22], [121, 13, 24], [30, 2, 4], [107, 7, 14], [2, 3, 6], [104, 4, 8], [20, 3, 6], [427, 2, 4]], "matchups_mid": [[81, 11, 16], [134, 36, 57], [34, 12, 19], [126, 13, 21], [1, 13, 21], [136, 11, 18], [103, 62, 102], [518, 12, 20], [18, 13, 22], [101, 18, 31], [127, 16, 28], [10, 29, 51], [42, 9, 16], [55, 58, 104], [164, 10, 18], [245, 32, 60], [31, 9, 17], [266, 10, 19], [69, 21, 40], [114, 12, 23]], "matchups_adc": [[67, 7, 10], [119, 2, 3], [202, 4, 7], [222, 2, 4], [22, 8, 17], [498, 6, 14], [51, 4, 10], [81, 4, 10], [145, 7, 21], [236, 1, 4], [2, 0, 1], [15, 0, 2], [21, 0, 2], [29, 0, 1], [45, 0, 1], [74, 0, 1], [86, 0, 1]], "matchups_support": [[17, 2, 2], [37, 2, 2], [63, 2, 2], [111, 4, 4], [143, 1, 1], [157, 1, 1], [223, 1, 1], [518, 1, 1], [40, 5, 6], [350, 4, 5], [432, 3, 4], [26, 2, 3], [53, 5, 8], [16, 3, 5], [25, 3, 5], [50, 3, 5], [412, 3, 5], [89, 4, 7], [12, 1, 2], [43, 1, 2]]}