{"primary_winrate_percent": 0.5179526810129592, "matchups_top": 0.4780058651026393, "matchups_jungle": 0.4591194968553459, "matchups_mid": 0.46736292428198434, "matchups_adc": 0.5179526810129592, "matchups_support": 0.5428571428571428, "roles": [3, 5, 4, 1, 2]}