{"primary_winrate_percent": 51.606815785091854, "winrate_top": 47.56756756756757, "winrate_jungle": 44.827586206896555, "winrate_mid": 46.21026894865526, "winrate_adc": 51.606815785091854, "winrate_support": 51.35135135135135, "roles": [3, 5, 4, 1, 2], "matchups_top": [[516, 6, 6], [36, 2, 2], [114, 13, 16], [85, 4, 5], [112, 3, 4], [240, 4, 6], [14, 2, 3], [74, 2, 3], [75, 8, 12], [68, 2, 3], [83, 2, 3], [13, 9, 14], [92, 10, 16], [10, 10, 16], [82, 14, 23], [86, 11, 19], [164, 4, 7], [84, 6, 11], [266, 8, 15], [157, 3, 6]], "matchups_jungle": [[102, 5, 5], [28, 4, 4], [131, 1, 1], [56, 5, 5], [9, 1, 1], [35, 5, 5], [32, 1, 1], [517, 1, 1], [164, 1, 1], [11, 6, 7], [19, 2, 3], [60, 2, 3], [33, 4, 6], [76, 2, 3], [36, 2, 3], [59, 7, 11], [421, 3, 5], [77, 1, 2], [54, 2, 4], [5, 1, 2]], "matchups_mid": [[127, 8, 11], [80, 5, 7], [7, 26, 37], [55, 28, 40], [136, 6, 9], [105, 13, 21], [238, 32, 53], [74, 10, 17], [13, 20, 34], [34, 10, 17], [84, 33, 57], [90, 21, 37], [91, 13, 23], [131, 18, 32], [8, 23, 41], [246, 20, 36], [157, 39, 71], [10, 6, 11], [103, 25, 46], [142, 16, 30]], "matchups_adc": [[21, 284, 533], [222, 748, 1421], [51, 926, 1773], [29, 111, 217], [22, 827, 1637], [202, 511, 1019], [498, 814, 1673], [18, 355, 738], [119, 265, 551], [236, 624, 1299], [157, 79, 165], [15, 104, 219], [67, 552, 1180], [110, 109, 236], [81, 743, 1646], [145, 1385, 3109]], "matchups_support": [[21, 1, 1], [37, 1, 1], [44, 1, 1], [99, 1, 1], [143, 1, 1], [89, 3, 4], [25, 2, 3], [497, 2, 3], [50, 1, 2], [267, 1, 2], [412, 2, 4], [40, 1, 3], [111, 1, 3], [35, 0, 1], [53, 0, 3], [432, 0, 1], [555, 0, 3]]}