{"primary_winrate_percent": 51.795268101295925, "matchups_top": 47.80058651026393, "matchups_jungle": 45.911949685534594, "matchups_mid": 46.73629242819843, "matchups_adc": 51.795268101295925, "matchups_support": 54.285714285714285, "roles": [3, 5, 4, 1, 2]}