{"primary_winrate_percent": 51.66815442981477, "lane_winrates": {"1": 46.44808743169399, "2": 47.72727272727273, "3": 51.66815442981477, "4": 47.860962566844925, "5": 46.775510204081634}, "roles": [3, 5, 4, 1, 2], "matchups": {"1": [[48, 0, 1, 849, 1440, 0, 18, 0, -33, 1, 0, 0, -2, 0, -2951], [427, 0, 1, -1877, -2815, 0, -17, 0, -19, -1, 0, 0, 33, 0, 115], [86, 0, 1, -159, 217, 0, -2, 0, 12, 0, 0, 0, 6, 0, 825], [29, 0, 1, 60, 634, 0, -12, 0, 6, 0, 0, 0, 6, 0, -3050], [246, 0, 1, -1421, -580, 0, -1, 0, -17, -3, 0, 0, 16, 0, -9931], [80, 1, 4, -2050, -2022, 0, -11, 0, -46, 7, 0, 0, 45, 0, -2366], [254, 1, 3, 2518, 1788, 0, 8, 0, 25, -1, 0, 0, 24, 0, -4838], [245, 2, 6, 1244, 2129, 0, -3, 0, -2, 2, 0, 0, 30, 0, 6358], [120, 2, 6, 623, 751, 0, -8, 0, 2, 2, 0, 0, 46, 0, 342], [107, 2, 6, 1882, -1019, 0, 16, 0, 68, 0, 0, 0, 75, 0, -5304], [77, 1, 3, -713, 14, 0, -9, 0, 3, 0, 0, 0, 26, 0, 7302], [64, 9, 23, -5653, -7374, 0, -158, 0, -116, 15, 0, 0, 295, 0, 5681], [141, 4, 10, 621, 1471, 0, -59, 0, 30, 4, 0, 0, 89, 0, -14290], [20, 2, 5, -5522, -5019, 0, -16, 0, -127, 0, 0, 0, 91, 0, 2539], [24, 2, 5, -1812, -1707, 0, 46, 0, -102, -2, 0, 0, 74, 0, -6917], [62, 1, 2, 318, 798, 0, -14, 0, 9, 1, 0, 0, 10, 0, 1466], [154, 1, 2, -1300, -2060, 0, -5, 0, -54, -3, 0, 0, 39, 0, 3322], [79, 2, 4, -1385, -2518, 0, -67, 0, -24, -3, 0, 0, 58, 0, -7152], [104, 3, 6, 1612, 3929, 0, 17, 0, 29, 5, 0, 0, 34, 0, 10948], [163, 2, 4, 1726, 981, 0, 23, 0, -31, 5, 0, 0, 39, 0, 9732], [2, 1, 2, -940, -1035, 0, -3, 0, 32, -1, 0, 0, 25, 0, -194], [106, 1, 2, -1569, -851, 0, -3, 0, -21, -1, 0, 0, 31, 0, 905], [113, 1, 2, 434, 493, 0, 18, 0, -29, 0, 0, 0, 15, 0, -982], [5, 1, 2, 63, 402, 0, -1, 0, -16, 0, 0, 0, 18, 0, 3375], [54, 2, 4, -2857, -4423, 0, -7, 0, 5, 1, 0, 0, 80, 0, -5724], [59, 7, 13, 1952, 6872, 0, 14, 0, -23, 7, 0, 0, 105, 0, 23680], [121, 6, 11, -761, 3008, 0, 3, 0, -16, 16, 0, 0, 60, 0, 3268], [421, 3, 5, 3914, 6664, 0, -4, 0, 62, 3, 0, 0, 13, 0, 12106], [33, 3, 5, -6026, -6830, 0, -15, 0, -74, -3, 0, 0, 115, 0, 850], [36, 2, 3, -2461, -1690, 0, -13, 0, -36, -1, 0, 0, 47, 0, -3295], [76, 2, 3, 1195, -311, 0, -8, 0, 38, 1, 0, 0, 30, 0, 5613], [60, 2, 3, 530, 2372, 0, 12, 0, -24, 2, 0, 0, 12, 0, 7733], [19, 2, 3, 3689, 3399, 0, 17, 0, 16, 5, 0, 0, 9, 0, 19689], [11, 5, 6, 5416, 4378, 0, 4, 0, 50, 7, 0, 0, 19, 0, 26338], [517, 2, 2, 1635, 1521, 0, 3, 0, 42, 1, 0, 0, 12, 0, 8157], [32, 1, 1, 1347, 373, 0, 8, 0, 16, 1, 0, 0, 10, 0, 1377], [35, 6, 6, 4563, 2698, 0, -24, 0, 56, 7, 0, 0, 37, 0, 15235], [9, 1, 1, -2236, -3051, 0, -14, 0, -20, 0, 0, 0, 33, 0, -1726], [56, 5, 5, -130, 3486, 0, -53, 0, 71, -1, 0, 0, 29, 0, 7445], [30, 1, 1, 2981, 2885, 0, 4, 0, 55, 2, 0, 0, -2, 0, 11161], [28, 4, 4, 3254, 3432, 0, 17, 0, -7, 10, 0, 0, 8, 0, 16079], [102, 5, 5, 5989, 1506, 0, -43, 0, 149, 4, 0, 0, 54, 0, 15338]], "2": [[432, 0, 1, 1580, 1912, 0, -14, 0, 0, 2, 0, 0, -5, 0, -37], [350, 0, 1, -406, 351, 0, -9, 0, 0, 2, 0, 0, 6, 0, -1679], [54, 0, 1, -728, -1587, 0, 25, 0, 0, -2, 0, 0, 25, 0, -3340], [53, 0, 3, -1702, -2422, 0, -4, 0, 0, -1, 0, 0, 49, 0, -16945], [35, 0, 1, -53, -1926, 0, -14, 0, 0, -1, 0, 0, 15, 0, -16605], [555, 1, 4, -1268, -3332, 0, -6, 0, 0, 0, 0, 0, 56, 0, -11990], [40, 1, 3, 2029, -405, 0, -81, 0, 0, 0, 0, 0, 32, 0, 3207], [412, 2, 5, 353, -1719, 0, -87, 0, -4, -4, 0, 0, 69, 0, 1552], [267, 1, 2, -2139, -2807, 0, -28, 0, -4, -1, 0, 0, 40, 0, -4565], [111, 2, 4, -591, 209, 0, 42, 0, -3, -5, 0, 0, 33, 0, -2974], [50, 1, 2, -1442, -3057, 0, -12, 0, -4, -3, 0, 0, 35, 0, -15175], [497, 2, 3, 680, -345, 0, -40, 0, 0, -2, 0, 0, 29, 0, 5259], [25, 2, 3, 890, -929, 0, -5, 0, 4, 0, 0, 0, 37, 0, -6041], [143, 1, 1, 1642, 203, 0, 4, 0, 0, 0, 0, 0, 8, 0, -800], [99, 1, 1, -141, 121, 0, -21, 0, 0, 1, 0, 0, 6, 0, 5108], [89, 3, 3, 3716, 2873, 0, 43, 0, -4, 4, 0, 0, 10, 0, 13103], [44, 1, 1, 299, -601, 0, 21, 0, 0, 0, 0, 0, 15, 0, 6463], [37, 1, 1, -176, -1232, 0, -34, 0, 0, -2, 0, 0, 19, 0, 6442], [26, 1, 1, 981, 1270, 0, 4, 0, 0, 0, 0, 0, 1, 0, 6051], [21, 1, 1, -301, 171, 0, -7, 0, 0, 0, 0, 0, 9, 0, 3090], [17, 1, 1, -1472, -1121, 0, -7, 0, 0, -2, 0, 0, 19, 0, 82], [16, 1, 1, 77, -843, 0, -3, 0, 0, 0, 0, 0, 17, 0, -175]],