{"primary_winrate_percent": 47.28000627992778, "matchups_top": 49.72451790633609, "matchups_jungle": 56.00000000000001, "matchups_mid": 47.28000627992778, "matchups_adc": 33.6734693877551, "matchups_support": 43.07065217391305, "roles": [5, 2, 4, 3, 1]}