{"primary_winrate_percent": 0.47280006279927783, "matchups_top": 0.4972451790633609, "matchups_jungle": 0.56, "matchups_mid": 0.47280006279927783, "matchups_adc": 0.336734693877551, "matchups_support": 0.43070652173913043, "roles": [5, 2, 4, 3, 1]}