{"primary_winrate_percent": 47.271450183704346, "winrate_top": 50.0, "winrate_jungle": 56.00000000000001, "winrate_mid": 47.271450183704346, "winrate_adc": 33.64485981308411, "winrate_support": 43.74225526641883, "roles": [5, 2, 4, 3, 1], "matchups_top": [[50, 5, 5], [157, 12, 16], [2, 3, 4], [238, 5, 7], [85, 9, 13], [80, 12, 18], [107, 4, 6], [18, 6, 9], [54, 8, 12], [420, 4, 6], [58, 15, 24], [10, 28, 46], [127, 3, 5], [3, 3, 5], [67, 18, 30], [82, 12, 21], [84, 15, 27], [75, 5, 9], [133, 7, 13], [98, 9, 17]], "matchups_jungle": [[35, 1, 1], [36, 1, 1], [60, 2, 2], [107, 1, 1], [245, 2, 2], [5, 1, 2], [120, 3, 6], [54, 0, 1], [64, 0, 2], [77, 0, 1], [121, 0, 1], [141, 0, 4], [254, 0, 1]], "matchups_mid": [[90, 797, 1363], [131, 632, 1104], [54, 171, 301], [34, 318, 565], [3, 511, 909], [103, 1861, 3324], [55, 1091, 1953], [91, 757, 1356], [74, 182, 328], [127, 606, 1093], [518, 337, 613], [245, 619, 1128], [38, 1134, 2083], [105, 1012, 1863], [61, 890, 1649], [10, 305, 567], [161, 424, 797], [101, 417, 785], [142, 800, 1510], [99, 781, 1485]], "matchups_adc": [[1, 1, 1], [18, 1, 1], [67, 8, 8], [96, 1, 1], [110, 1, 1], [119, 2, 2], [133, 1, 1], [134, 1, 1], [157, 1, 1], [429, 1, 1], [518, 1, 1], [222, 8, 10], [202, 3, 4], [51, 8, 11], [22, 7, 10], [498, 6, 10], [145, 10, 18], [81, 6, 11], [236, 4, 9], [15, 0, 1]], "matchups_support": [[16, 22, 28], [9, 7, 9], [111, 42, 57], [54, 5, 7], [50, 16, 23], [40, 21, 31], [201, 7, 11], [99, 14, 22], [412, 54, 89], [35, 3, 5], [432, 11, 19], [53, 30, 53], [89, 39, 69], [267, 26, 46], [12, 7, 13], [43, 8, 15], [143, 9, 17], [497, 20, 38], [117, 17, 34], [101, 5, 10]]}