{"primary_winrate_percent": 48.46415375735694, "winrate_top": 41.48681055155875, "winrate_jungle": 48.46415375735694, "winrate_mid": 45.01915708812261, "winrate_adc": 47.43589743589743, "winrate_support": 40.255009107468126, "roles": [1, 4, 5, 2, 3], "matchups_top": [[2, 8, 9], [126, 4, 5], [62, 4, 5], [164, 15, 19], [23, 17, 23], [133, 5, 7], [36, 5, 7], [86, 31, 44], [75, 11, 16], [266, 17, 25], [114, 25, 37], [107, 4, 6], [67, 4, 6], [68, 4, 6], [85, 7, 11], [10, 41, 65], [27, 5, 8], [39, 13, 21], [516, 8, 13], [92, 22, 36]], "matchups_jungle": [[19, 2835, 5140], [35, 4387, 8027], [30, 2029, 3726], [77, 1215, 2260], [20, 2041, 3812], [254, 3861, 7222], [2, 2560, 4790], [154, 4116, 7705], [36, 1891, 3545], [245, 8681, 16374], [5, 2581, 4871], [59, 7761, 14704], [421, 2922, 5549], [121, 9382, 18097], [11, 4802, 9266], [56, 3008, 5810], [60, 6740, 13024], [102, 1378, 2663], [120, 4452, 8620], [106, 1060, 2053]], "matchups_mid": [[10, 3, 3], [69, 4, 4], [518, 4, 5], [517, 4, 5], [103, 19, 24], [268, 3, 4], [99, 10, 14], [61, 12, 17], [142, 2, 3], [131, 8, 12], [555, 2, 3], [42, 4, 6], [91, 8, 12], [41, 2, 3], [68, 2, 3], [246, 8, 13], [238, 33, 56], [55, 16, 28], [84, 14, 25], [4, 10, 18]], "matchups_adc": [[18, 1, 1], [86, 1, 1], [119, 3, 3], [134, 1, 1], [157, 2, 2], [236, 3, 4], [498, 3, 4], [51, 6, 9], [81, 3, 5], [202, 5, 9], [1, 1, 2], [15, 1, 2], [21, 1, 2], [145, 5, 12], [222, 2, 5], [67, 2, 7], [22, 1, 4], [29, 0, 1], [63, 0, 1], [142, 0, 2]], "matchups_support": [[54, 4, 5], [101, 4, 5], [35, 4, 5], [26, 4, 5], [40, 18, 24], [43, 6, 8], [267, 19, 26], [53, 26, 36], [25, 25, 37], [12, 2, 3], [117, 22, 33], [201, 4, 6], [161, 5, 8], [555, 25, 41], [16, 14, 23], [143, 4, 7], [63, 4, 7], [497, 19, 35], [412, 41, 77], [89, 13, 25]]}