{"primary_winrate_percent": 0.48445974517843027, "matchups_top": 0.41321243523316065, "matchups_jungle": 0.48445974517843027, "matchups_mid": 0.45213849287169044, "matchups_adc": 0.4794520547945205, "matchups_support": 0.40192307692307694, "roles": [1, 4, 5, 2, 3]}