{"primary_winrate_percent": 48.44597451784303, "matchups_top": 41.32124352331606, "matchups_jungle": 48.44597451784303, "matchups_mid": 45.21384928716905, "matchups_adc": 47.94520547945205, "matchups_support": 40.19230769230769, "roles": [1, 4, 5, 2, 3]}