{"primary_winrate_percent": 52.03421309058807, "matchups_top": 44.675925925925924, "matchups_jungle": 44.857142857142854, "matchups_mid": 37.83783783783784, "matchups_adc": 51.28205128205128, "matchups_support": 52.03421309058807, "roles": [2, 4, 1, 5, 3]}