{"primary_winrate_percent": 0.5203421309058807, "matchups_top": 0.44675925925925924, "matchups_jungle": 0.44857142857142857, "matchups_mid": 0.3783783783783784, "matchups_adc": 0.5128205128205128, "matchups_support": 0.5203421309058807, "roles": [2, 4, 1, 5, 3]}