{"primary_winrate_percent": 52.02093698333727, "winrate_top": 44.15584415584416, "winrate_jungle": 44.75703324808184, "winrate_mid": 39.49579831932773, "winrate_adc": 47.61904761904761, "winrate_support": 52.02093698333727, "roles": [2, 4, 1, 5, 3], "matchups_top": [[68, 5, 5], [83, 4, 4], [157, 10, 12], [27, 5, 6], [41, 11, 14], [31, 7, 10], [54, 4, 6], [150, 8, 12], [67, 2, 3], [36, 2, 3], [98, 6, 9], [86, 18, 28], [13, 9, 14], [10, 17, 27], [114, 5, 8], [82, 13, 21], [266, 8, 13], [17, 8, 13], [92, 17, 28], [420, 3, 5]], "matchups_jungle": [[102, 3, 3], [5, 2, 2], [28, 8, 9], [421, 8, 9], [35, 6, 7], [203, 4, 5], [30, 3, 4], [54, 6, 8], [60, 8, 11], [36, 5, 7], [254, 11, 16], [107, 10, 15], [33, 2, 3], [141, 17, 26], [104, 5, 8], [11, 8, 13], [59, 8, 15], [77, 3, 6], [80, 2, 4], [24, 4, 8]], "matchups_mid": [[38, 1, 1], [134, 1, 1], [246, 6, 6], [31, 2, 2], [555, 1, 1], [115, 1, 1], [10, 2, 2], [74, 1, 1], [45, 1, 1], [69, 1, 1], [85, 1, 1], [518, 1, 1], [99, 3, 3], [25, 3, 3], [161, 2, 2], [81, 1, 1], [26, 1, 1], [91, 4, 5], [55, 3, 4], [13, 3, 4]], "matchups_adc": [[15, 1, 1], [18, 3, 3], [67, 1, 1], [82, 1, 1], [22, 4, 5], [202, 2, 3], [145, 5, 8], [498, 2, 4], [21, 1, 3], [222, 1, 3], [81, 1, 5], [51, 0, 4], [119, 0, 1]], "matchups_support": [[40, 3117, 5919], [35, 554, 1064], [16, 1910, 3676], [26, 931, 1800], [25, 3428, 6727], [432, 1199, 2388], [497, 3761, 7551], [267, 3416, 6952], [44, 528, 1088], [117, 3254, 6706], [111, 6087, 12605], [53, 5020, 10399], [99, 1661, 3465], [412, 8952, 18711], [63, 1184, 2481], [9, 734, 1545], [50, 1221, 2576], [43, 1235, 2609], [143, 1113, 2370], [101, 610, 1303]]}