{"primary_winrate_percent": 50.21036892798776, "winrate_top": 50.94773118897186, "winrate_jungle": 36.0, "winrate_mid": 50.21036892798776, "winrate_adc": 43.61702127659575, "winrate_support": 48.109243697478995, "roles": [5, 4, 2, 3, 1], "matchups_top": [[18, 14, 21], [38, 19, 29], [58, 66, 114], [157, 42, 73], [6, 27, 47], [14, 16, 28], [98, 31, 56], [86, 87, 158], [516, 29, 53], [23, 30, 55], [164, 43, 79], [85, 44, 81], [17, 71, 131], [13, 50, 93], [24, 52, 98], [133, 27, 52], [57, 16, 31], [31, 22, 43], [240, 26, 51], [420, 27, 53]], "matchups_jungle": [[36, 1, 1], [56, 1, 1], [59, 1, 1], [60, 1, 1], [76, 1, 1], [121, 2, 2], [154, 1, 1], [245, 3, 3], [64, 3, 5], [5, 1, 2], [141, 1, 2], [2, 0, 1], [24, 0, 1], [33, 0, 1], [78, 0, 1], [107, 0, 1]], "matchups_mid": [[74, 92, 159], [10, 183, 319], [112, 265, 464], [3, 161, 282], [90, 336, 625], [69, 202, 379], [103, 742, 1403], [34, 151, 289], [61, 420, 804], [161, 190, 364], [45, 405, 778], [1, 223, 429], [268, 99, 193], [518, 145, 284], [142, 293, 574], [55, 594, 1164], [8, 411, 811], [91, 364, 724], [18, 140, 279], [131, 314, 631]], "matchups_adc": [[29, 1, 1], [37, 1, 1], [145, 11, 12], [51, 8, 9], [45, 2, 3], [236, 4, 6], [81, 6, 10], [21, 1, 2], [22, 3, 6], [110, 1, 2], [222, 5, 11], [498, 4, 9], [67, 2, 5], [202, 2, 5], [18, 1, 3], [119, 1, 4], [15, 0, 1], [74, 0, 1], [82, 0, 1], [134, 0, 2]], "matchups_support": [[12, 6, 7], [111, 32, 40], [63, 7, 10], [79, 2, 3], [161, 3, 5], [43, 7, 12], [432, 7, 12], [143, 4, 7], [89, 18, 32], [26, 5, 9], [201, 6, 11], [267, 9, 17], [497, 18, 34], [555, 18, 35], [16, 6, 12], [40, 13, 26], [54, 2, 4], [9, 2, 4], [99, 7, 15], [412, 22, 48]]}