{"primary_winrate_percent": 0.5029946886653859, "matchups_top": 0.5089616810877626, "matchups_jungle": 0.36, "matchups_mid": 0.5029946886653859, "matchups_adc": 0.4444444444444444, "matchups_support": 0.4742729306487696, "roles": [5, 4, 2, 3, 1]}