{"primary_winrate_percent": 50.29946886653859, "matchups_top": 50.896168108776266, "matchups_jungle": 36.0, "matchups_mid": 50.29946886653859, "matchups_adc": 44.44444444444444, "matchups_support": 47.427293064876956, "roles": [5, 4, 2, 3, 1]}