{"primary_winrate_percent": 0.48689747114943965, "matchups_top": 0.47500319652218387, "matchups_jungle": 0.3584905660377358, "matchups_mid": 0.46192630898513254, "matchups_adc": 0.48689747114943965, "matchups_support": 0.2818181818181818, "roles": [3, 5, 4, 1, 2]}