{"primary_winrate_percent": 48.738067550125876, "winrate_top": 47.83062645011601, "winrate_jungle": 35.76388888888889, "winrate_mid": 46.01364063969896, "winrate_adc": 48.738067550125876, "winrate_support": 27.692307692307693, "roles": [3, 5, 4, 1, 2], "matchups_top": [[54, 96, 142], [83, 44, 69], [36, 28, 44], [82, 143, 238], [516, 90, 151], [75, 83, 144], [98, 76, 132], [24, 122, 214], [31, 57, 100], [27, 31, 55], [6, 58, 103], [240, 74, 132], [107, 34, 61], [420, 64, 115], [14, 35, 63], [23, 71, 128], [80, 76, 139], [157, 91, 168], [92, 140, 260], [164, 95, 177]], "matchups_jungle": [[29, 3, 3], [154, 8, 8], [60, 10, 11], [245, 14, 16], [19, 6, 7], [104, 4, 5], [79, 8, 10], [77, 3, 4], [36, 5, 7], [56, 7, 10], [54, 4, 6], [421, 4, 6], [76, 4, 6], [254, 4, 6], [11, 6, 9], [121, 9, 14], [64, 30, 47], [20, 3, 5], [141, 13, 22], [28, 7, 12]], "matchups_mid": [[54, 34, 51], [80, 54, 82], [74, 41, 65], [555, 29, 47], [90, 97, 159], [161, 64, 105], [39, 81, 133], [69, 72, 120], [127, 70, 122], [134, 144, 252], [61, 156, 274], [238, 206, 362], [245, 87, 153], [8, 150, 265], [7, 139, 246], [105, 120, 213], [157, 256, 456], [115, 28, 50], [142, 105, 188], [42, 33, 60]], "matchups_adc": [[22, 7904, 14331], [222, 5747, 10628], [29, 809, 1501], [51, 8108, 15187], [21, 2571, 4819], [202, 4813, 9262], [96, 670, 1302], [67, 5292, 10298], [498, 8780, 17194], [15, 1135, 2230], [119, 2475, 4863], [18, 2851, 5680], [157, 647, 1310], [145, 16606, 33637], [110, 1045, 2138], [81, 8412, 17277]], "matchups_support": [[3, 2, 2], [9, 1, 1], [21, 1, 1], [35, 1, 1], [50, 3, 3], [99, 3, 3], [350, 1, 1], [432, 3, 3], [111, 7, 8], [25, 11, 13], [53, 5, 6], [101, 4, 5], [497, 7, 9], [412, 13, 17], [89, 6, 8], [201, 3, 4], [267, 5, 8], [16, 3, 5], [555, 3, 5], [40, 6, 11]]}