{"primary_winrate_percent": 48.68974711494396, "matchups_top": 47.50031965221839, "matchups_jungle": 35.84905660377358, "matchups_mid": 46.19263089851325, "matchups_adc": 48.68974711494396, "matchups_support": 28.18181818181818, "roles": [3, 5, 4, 1, 2]}