{"primary_winrate_percent": 50.54454975803646, "matchups_top": 50.706436420722135, "matchups_jungle": 30.952380952380953, "matchups_mid": 53.44551282051282, "matchups_adc": 48.421052631578945, "matchups_support": 50.54454975803646, "roles": [2, 5, 4, 3, 1]}