{"primary_winrate_percent": 0.5054454975803646, "matchups_top": 0.5070643642072213, "matchups_jungle": 0.30952380952380953, "matchups_mid": 0.5344551282051282, "matchups_adc": 0.4842105263157895, "matchups_support": 0.5054454975803646, "roles": [2, 5, 4, 3, 1]}