{"primary_winrate_percent": 50.49793871975402, "winrate_top": 50.75812274368231, "winrate_jungle": 35.41666666666667, "winrate_mid": 53.4711964549483, "winrate_adc": 47.95918367346938, "winrate_support": 50.49793871975402, "roles": [2, 5, 4, 3, 1], "matchups_top": [[75, 19, 23], [78, 13, 16], [107, 7, 9], [84, 15, 21], [27, 7, 10], [98, 17, 28], [10, 51, 85], [54, 17, 29], [122, 39, 67], [150, 11, 19], [13, 30, 52], [164, 17, 30], [6, 13, 23], [58, 24, 45], [31, 9, 17], [266, 25, 49], [112, 4, 8], [80, 14, 28], [240, 12, 24], [18, 4, 8]], "matchups_jungle": [[2, 2, 2], [9, 1, 1], [11, 2, 2], [20, 1, 1], [29, 1, 1], [54, 2, 2], [59, 2, 2], [107, 1, 1], [120, 1, 1], [154, 1, 1], [427, 1, 1], [64, 4, 5], [245, 4, 6], [421, 2, 3], [36, 1, 2], [56, 1, 2], [104, 2, 4], [121, 1, 3], [254, 1, 3], [24, 0, 1]], "matchups_mid": [[115, 10, 14], [74, 14, 23], [268, 12, 20], [39, 23, 39], [112, 33, 57], [63, 8, 14], [45, 49, 88], [131, 27, 50], [13, 55, 103], [103, 63, 118], [81, 16, 30], [3, 17, 32], [99, 46, 87], [90, 38, 73], [34, 13, 25], [157, 79, 154], [4, 43, 86], [61, 37, 74], [91, 33, 66], [1, 17, 35]], "matchups_adc": [[96, 1, 1], [202, 3, 3], [236, 6, 7], [119, 2, 3], [498, 7, 11], [22, 4, 7], [18, 1, 2], [21, 2, 4], [67, 3, 6], [110, 1, 2], [222, 3, 6], [145, 9, 19], [51, 6, 15], [81, 2, 5], [157, 1, 3], [29, 0, 4]], "matchups_support": [[432, 1127, 2053], [111, 3905, 7390], [267, 4181, 7963], [161, 644, 1234], [53, 3151, 6088], [16, 1766, 3413], [40, 2660, 5194], [89, 3420, 6679], [44, 339, 668], [50, 958, 1897], [143, 1012, 2010], [412, 6537, 13027], [497, 2967, 6013], [35, 392, 799], [25, 3357, 6868], [63, 1080, 2218], [37, 612, 1262], [26, 784, 1617], [99, 1495, 3149], [101, 440, 928]]}