{"primary_winrate_percent": 48.31238227040326, "matchups_top": 50.10989010989011, "matchups_jungle": 32.6530612244898, "matchups_mid": 50.85560591299928, "matchups_adc": 48.467966573816156, "matchups_support": 48.31238227040326, "roles": [2, 5, 3, 4, 1]}