{"primary_winrate_percent": 0.4831238227040326, "matchups_top": 0.5010989010989011, "matchups_jungle": 0.32653061224489793, "matchups_mid": 0.5085560591299928, "matchups_adc": 0.48467966573816157, "matchups_support": 0.4831238227040326, "roles": [2, 5, 3, 4, 1]}