{"primary_winrate_percent": 48.34288562172938, "winrate_top": 50.816326530612244, "winrate_jungle": 33.33333333333333, "winrate_mid": 50.71928229854168, "winrate_adc": 48.61294583883752, "winrate_support": 48.34288562172938, "roles": [2, 5, 3, 4, 1], "matchups_top": [[112, 5, 5], [14, 3, 3], [50, 3, 3], [75, 5, 6], [114, 4, 5], [81, 4, 5], [133, 5, 7], [127, 2, 3], [54, 2, 3], [68, 4, 6], [83, 2, 3], [236, 2, 3], [39, 2, 3], [105, 2, 3], [10, 17, 26], [67, 11, 17], [8, 12, 20], [122, 11, 19], [13, 18, 32], [6, 5, 9]], "matchups_jungle": [[5, 1, 1], [9, 1, 1], [19, 1, 1], [28, 2, 2], [30, 1, 1], [54, 1, 1], [59, 1, 1], [60, 3, 3], [104, 1, 1], [121, 1, 1], [131, 1, 1], [163, 1, 1], [120, 3, 4], [35, 5, 7], [11, 2, 3], [254, 2, 3], [24, 1, 2], [32, 1, 2], [141, 1, 2], [64, 4, 9]], "matchups_mid": [[74, 236, 433], [91, 490, 905], [101, 494, 929], [131, 531, 1013], [161, 471, 903], [127, 324, 625], [245, 647, 1253], [115, 253, 491], [34, 316, 616], [238, 1206, 2371], [69, 398, 783], [157, 1337, 2645], [103, 1565, 3098], [38, 656, 1302], [90, 770, 1529], [134, 1014, 2027], [8, 803, 1607], [112, 489, 984], [61, 816, 1648], [80, 186, 376]], "matchups_adc": [[74, 5, 5], [96, 5, 6], [110, 7, 10], [21, 19, 30], [145, 72, 117], [119, 14, 23], [236, 37, 66], [18, 10, 18], [157, 5, 9], [67, 27, 49], [22, 34, 65], [45, 3, 6], [498, 34, 69], [202, 21, 43], [15, 5, 12], [51, 34, 84], [29, 2, 5], [81, 32, 80], [222, 16, 43]], "matchups_support": [[26, 482, 845], [432, 613, 1112], [16, 938, 1711], [267, 1914, 3500], [111, 2146, 3935], [143, 723, 1344], [53, 1834, 3411], [40, 1270, 2394], [117, 1663, 3163], [89, 1811, 3470], [555, 1508, 2890], [50, 617, 1183], [63, 764, 1477], [25, 1981, 3832], [35, 231, 447], [43, 736, 1431], [161, 405, 788], [412, 3652, 7115], [101, 369, 726], [37, 359, 722]]}