{"primary_winrate_percent": 0.48004663557628247, "matchups_top": 0.5151089046402847, "matchups_jungle": 0.48004663557628247, "matchups_mid": 0.5294117647058824, "matchups_adc": 0.40336134453781514, "matchups_support": 0.4689873417721519, "roles": [1, 4, 2, 5, 3]}