{"primary_winrate_percent": 48.00466355762825, "matchups_top": 51.51089046402847, "matchups_jungle": 48.00466355762825, "matchups_mid": 52.94117647058824, "matchups_adc": 40.33613445378151, "matchups_support": 46.89873417721519, "roles": [1, 4, 2, 5, 3]}