{"primary_winrate_percent": 47.946995147443076, "winrate_top": 51.58770228257114, "winrate_jungle": 47.946995147443076, "winrate_mid": 52.925604746691015, "winrate_adc": 39.682539682539684, "winrate_support": 47.02661725067385, "roles": [1, 4, 2, 5, 3], "matchups_top": [[516, 344, 628], [57, 207, 379], [107, 154, 285], [420, 306, 575], [82, 748, 1419], [10, 1071, 2047], [36, 128, 246], [13, 448, 869], [8, 601, 1177], [86, 950, 1879], [240, 341, 684], [98, 439, 881], [85, 320, 643], [68, 175, 353], [122, 883, 1786], [17, 491, 994], [74, 117, 238], [14, 175, 359], [83, 165, 339], [75, 402, 827]], "matchups_jungle": [[106, 193, 326], [30, 213, 371], [19, 408, 714], [154, 468, 822], [11, 767, 1358], [36, 205, 366], [20, 256, 466], [9, 137, 250], [254, 538, 984], [5, 244, 451], [121, 1229, 2277], [427, 90, 167], [245, 972, 1805], [35, 599, 1121], [141, 1125, 2107], [102, 175, 328], [104, 258, 485], [32, 324, 610], [56, 434, 818], [120, 638, 1221]], "matchups_mid": [[99, 154, 282], [268, 30, 55], [518, 45, 83], [90, 113, 210], [101, 76, 142], [10, 66, 124], [161, 67, 127], [103, 264, 508], [112, 84, 164], [55, 202, 402], [245, 120, 242], [142, 88, 178], [1, 79, 160], [105, 171, 347], [115, 34, 69], [38, 134, 276], [61, 123, 256], [45, 161, 337], [8, 166, 350], [34, 46, 98]], "matchups_adc": [[15, 3, 3], [110, 2, 2], [157, 1, 1], [429, 1, 1], [202, 6, 7], [51, 7, 9], [18, 5, 7], [498, 13, 19], [236, 5, 8], [67, 7, 12], [222, 4, 7], [145, 9, 16], [119, 3, 6], [22, 4, 9], [81, 5, 12], [21, 1, 4], [96, 0, 2], [238, 0, 1]], "matchups_support": [[161, 86, 141], [432, 141, 233], [143, 122, 211], [89, 455, 787], [101, 74, 128], [40, 283, 490], [117, 376, 659], [35, 55, 97], [111, 496, 881], [53, 425, 759], [16, 198, 358], [50, 133, 245], [412, 755, 1416], [44, 43, 81], [555, 358, 688], [497, 329, 637], [267, 320, 627], [99, 196, 393], [25, 316, 634], [9, 76, 153]]}