{"primary_winrate_percent": 52.96460890188583, "matchups_top": 51.07668067226891, "matchups_jungle": 32.142857142857146, "matchups_mid": 52.96460890188583, "matchups_adc": 44.171779141104295, "matchups_support": 44.8948948948949, "roles": [5, 4, 2, 3, 1]}