{"primary_winrate_percent": 52.93293420801223, "winrate_top": 50.99592032637389, "winrate_jungle": 32.25806451612903, "winrate_mid": 52.93293420801223, "winrate_adc": 44.985673352435526, "winrate_support": 44.63040446304045, "roles": [5, 4, 2, 3, 1], "matchups_top": [[54, 42, 62], [57, 22, 37], [10, 162, 273], [14, 24, 41], [240, 41, 71], [78, 14, 25], [74, 30, 54], [24, 57, 104], [82, 82, 151], [6, 21, 39], [112, 15, 28], [150, 36, 69], [58, 69, 133], [122, 99, 192], [83, 18, 35], [164, 42, 83], [516, 29, 58], [80, 36, 73], [114, 52, 107], [86, 79, 163]], "matchups_jungle": [[2, 2, 2], [9, 1, 1], [19, 1, 1], [24, 1, 1], [28, 2, 2], [33, 1, 1], [35, 1, 1], [62, 2, 2], [107, 2, 2], [203, 1, 1], [254, 2, 2], [421, 1, 1], [59, 5, 6], [141, 3, 4], [64, 5, 7], [54, 2, 3], [56, 2, 3], [29, 1, 2], [120, 2, 4], [121, 2, 4]], "matchups_mid": [[10, 295, 541], [112, 501, 920], [74, 180, 335], [91, 526, 987], [105, 787, 1501], [131, 463, 907], [245, 516, 1015], [38, 642, 1269], [161, 351, 696], [3, 266, 528], [69, 347, 690], [134, 829, 1654], [99, 766, 1540], [25, 134, 270], [238, 1144, 2342], [34, 293, 600], [55, 800, 1643], [101, 395, 815], [61, 694, 1436], [103, 1182, 2446]], "matchups_adc": [[21, 5, 6], [222, 17, 21], [202, 13, 18], [18, 8, 12], [45, 2, 3], [498, 15, 24], [51, 20, 36], [67, 10, 18], [81, 20, 36], [22, 23, 42], [119, 8, 15], [29, 1, 2], [74, 2, 4], [236, 19, 38], [145, 24, 49], [15, 1, 3], [110, 2, 6], [157, 1, 6], [96, 0, 2]], "matchups_support": [[161, 4, 5], [44, 3, 4], [63, 14, 19], [54, 5, 7], [201, 15, 21], [16, 12, 17], [40, 25, 36], [350, 18, 26], [89, 31, 48], [267, 27, 43], [12, 5, 8], [497, 26, 44], [143, 9, 16], [50, 5, 9], [111, 30, 58], [53, 20, 40], [9, 2, 4], [432, 6, 12], [37, 2, 4], [99, 7, 14]]}