{"primary_winrate_percent": 0.5296460890188583, "matchups_top": 0.510766806722689, "matchups_jungle": 0.32142857142857145, "matchups_mid": 0.5296460890188583, "matchups_adc": 0.44171779141104295, "matchups_support": 0.44894894894894893, "roles": [5, 4, 2, 3, 1]}