{"primary_winrate_percent": 51.728225605190914, "matchups_top": 51.728225605190914, "matchups_jungle": 48.146865258053346, "matchups_mid": 50.373134328358205, "matchups_adc": 36.84210526315789, "matchups_support": 51.53748411689962, "roles": [4, 2, 1, 5, 3]}