{"primary_winrate_percent": 51.70989212761074, "winrate_top": 51.70989212761074, "winrate_jungle": 48.01916932907348, "winrate_mid": 51.02040816326531, "winrate_adc": 36.84210526315789, "winrate_support": 51.396385824923726, "roles": [4, 2, 1, 5, 3], "matchups_top": [[82, 408, 698], [420, 127, 235], [74, 64, 120], [24, 316, 601], [75, 222, 428], [86, 427, 824], [68, 78, 152], [36, 57, 112], [516, 171, 338], [10, 512, 1013], [83, 96, 190], [240, 160, 319], [6, 113, 228], [31, 103, 209], [150, 159, 323], [114, 414, 852], [67, 101, 208], [78, 86, 179], [98, 190, 397], [23, 153, 320]], "matchups_jungle": [[36, 42, 58], [203, 18, 28], [77, 18, 29], [163, 11, 18], [106, 17, 28], [104, 33, 55], [59, 85, 142], [121, 99, 169], [35, 56, 96], [9, 18, 31], [5, 26, 45], [120, 54, 94], [33, 22, 39], [76, 23, 41], [254, 52, 93], [24, 32, 58], [113, 11, 20], [107, 39, 71], [2, 21, 39], [245, 103, 192]], "matchups_mid": [[10, 3, 3], [41, 2, 2], [45, 3, 3], [3, 4, 4], [518, 3, 3], [25, 2, 2], [34, 2, 2], [112, 5, 6], [90, 3, 4], [55, 5, 7], [99, 5, 7], [8, 5, 7], [58, 4, 6], [74, 2, 3], [105, 7, 11], [134, 8, 13], [54, 3, 5], [127, 1, 2], [92, 1, 2], [80, 3, 6]], "matchups_adc": [[18, 1, 1], [67, 1, 1], [222, 1, 1], [145, 5, 6], [22, 2, 4], [51, 1, 2], [202, 1, 2], [236, 0, 2]], "matchups_support": [[37, 30, 48], [26, 38, 67], [35, 13, 23], [111, 210, 382], [12, 42, 77], [53, 165, 308], [40, 96, 180], [16, 60, 116], [89, 176, 347], [99, 60, 120], [412, 257, 515], [497, 113, 229], [9, 24, 49], [43, 44, 90], [555, 120, 246], [117, 91, 187], [143, 22, 47], [267, 100, 217], [44, 10, 22], [432, 41, 91]]}