{"primary_winrate_percent": 0.5172822560519091, "matchups_top": 0.5172822560519091, "matchups_jungle": 0.48146865258053345, "matchups_mid": 0.503731343283582, "matchups_adc": 0.3684210526315789, "matchups_support": 0.5153748411689962, "roles": [4, 2, 1, 5, 3]}