{"primary_winrate_percent": 52.05600403632694, "winrate_top": 44.15454089312594, "winrate_jungle": 52.05600403632694, "winrate_mid": 47.78481012658228, "winrate_adc": 50.4, "winrate_support": 34.375, "roles": [1, 4, 5, 3, 2], "matchups_top": [[24, 61, 85], [14, 14, 20], [420, 23, 33], [164, 34, 49], [78, 11, 16], [17, 23, 34], [98, 23, 35], [23, 24, 37], [68, 11, 17], [74, 7, 11], [114, 52, 83], [39, 37, 60], [86, 70, 118], [80, 21, 36], [8, 36, 62], [31, 15, 26], [6, 20, 35], [10, 74, 131], [41, 31, 55], [240, 14, 25]], "matchups_jungle": [[35, 1273, 2448], [77, 460, 895], [5, 583, 1143], [154, 974, 1919], [121, 2568, 5082], [60, 1259, 2495], [245, 2044, 4068], [104, 665, 1334], [421, 488, 982], [32, 621, 1257], [254, 1107, 2247], [56, 904, 1848], [19, 806, 1655], [33, 928, 1917], [30, 403, 834], [29, 314, 653], [163, 195, 406], [64, 4447, 9263], [106, 348, 725], [80, 454, 946]], "matchups_mid": [[136, 4, 5], [3, 7, 9], [99, 14, 18], [90, 11, 15], [131, 10, 14], [115, 5, 7], [112, 9, 13], [69, 4, 6], [517, 4, 6], [45, 15, 23], [86, 7, 11], [245, 10, 16], [127, 8, 13], [34, 6, 10], [7, 13, 22], [80, 7, 12], [54, 7, 12], [161, 7, 12], [8, 17, 30], [10, 9, 16]], "matchups_adc": [[67, 8, 8], [96, 1, 1], [134, 1, 1], [498, 8, 9], [22, 6, 8], [29, 3, 5], [236, 5, 9], [51, 7, 14], [222, 5, 10], [145, 11, 27], [81, 4, 10], [119, 2, 5], [21, 1, 4], [8, 0, 1], [15, 0, 1], [18, 0, 3], [39, 0, 1], [110, 0, 3], [157, 0, 1], [202, 0, 4]], "matchups_support": [[3, 1, 1], [37, 2, 2], [40, 1, 1], [43, 1, 1], [50, 2, 2], [57, 2, 2], [89, 1, 1], [99, 3, 3], [101, 1, 1], [117, 4, 4], [267, 2, 2], [350, 1, 1], [555, 4, 5], [497, 6, 8], [111, 2, 3], [12, 1, 2], [16, 1, 2], [161, 1, 2], [201, 1, 2], [412, 3, 6]]}