{"primary_winrate_percent": 52.00398833713534, "matchups_top": 43.732895457033386, "matchups_jungle": 52.00398833713534, "matchups_mid": 47.22863741339492, "matchups_adc": 52.54237288135594, "matchups_support": 33.33333333333333, "roles": [1, 4, 5, 3, 2]}