{"primary_winrate_percent": 0.5200398833713534, "matchups_top": 0.4373289545703339, "matchups_jungle": 0.5200398833713534, "matchups_mid": 0.4722863741339492, "matchups_adc": 0.5254237288135594, "matchups_support": 0.3333333333333333, "roles": [1, 4, 5, 3, 2]}