{"primary_winrate_percent": 52.365161105176725, "winrate_top": 45.714285714285715, "winrate_jungle": 16.666666666666664, "winrate_mid": 45.23506988564168, "winrate_adc": 52.365161105176725, "winrate_support": 42.546333601933924, "roles": [3, 2, 5, 4, 1], "matchups_top": [[157, 3, 3], [24, 4, 4], [240, 5, 5], [18, 2, 2], [14, 3, 3], [56, 2, 2], [6, 3, 3], [518, 2, 2], [78, 2, 2], [68, 3, 3], [83, 3, 3], [80, 4, 5], [58, 3, 4], [8, 9, 12], [112, 2, 3], [236, 2, 3], [23, 5, 8], [10, 15, 24], [266, 5, 8], [122, 5, 8]], "matchups_jungle": [[19, 1, 1], [24, 1, 1], [30, 1, 1], [33, 1, 1], [79, 2, 2], [80, 1, 1], [111, 1, 1], [141, 1, 1], [154, 1, 1], [421, 1, 1], [64, 4, 5], [11, 0, 1], [121, 0, 1]], "matchups_mid": [[10, 10, 12], [50, 5, 6], [136, 5, 6], [134, 15, 20], [58, 3, 4], [142, 10, 14], [31, 5, 7], [101, 10, 14], [69, 5, 7], [245, 12, 17], [157, 27, 39], [61, 22, 32], [127, 6, 9], [3, 6, 9], [1, 4, 6], [55, 16, 25], [80, 5, 8], [161, 5, 8], [91, 14, 23], [8, 15, 25]], "matchups_adc": [[157, 267, 511], [29, 347, 671], [22, 3555, 6929], [222, 2227, 4403], [202, 1822, 3726], [110, 398, 817], [119, 911, 1874], [51, 3061, 6388], [18, 1030, 2165], [15, 456, 968], [67, 1675, 3582], [236, 2254, 4833], [96, 247, 534], [81, 3053, 6642], [498, 2617, 5715], [145, 5030, 11007]], "matchups_support": [[432, 70, 109], [16, 94, 150], [53, 185, 299], [35, 24, 39], [43, 72, 119], [143, 120, 199], [111, 195, 324], [99, 88, 147], [89, 199, 336], [267, 146, 247], [63, 56, 95], [412, 357, 613], [9, 47, 81], [26, 43, 75], [25, 204, 358], [37, 26, 46], [101, 53, 94], [40, 80, 144], [555, 140, 252], [12, 49, 89]]}