{"primary_winrate_percent": 52.375742419506096, "matchups_top": 46.74329501915709, "matchups_jungle": 17.647058823529413, "matchups_mid": 45.35367545076283, "matchups_adc": 52.375742419506096, "matchups_support": 42.61819803746655, "roles": [3, 2, 5, 4, 1]}