{"primary_winrate_percent": 0.523757424195061, "matchups_top": 0.4674329501915709, "matchups_jungle": 0.17647058823529413, "matchups_mid": 0.4535367545076283, "matchups_adc": 0.523757424195061, "matchups_support": 0.4261819803746655, "roles": [3, 2, 5, 4, 1]}