{"primary_winrate_percent": 51.46352927770735, "winrate_top": 51.46352927770735, "winrate_jungle": 43.90243902439025, "winrate_mid": 51.953259250773286, "winrate_adc": 45.346062052505964, "winrate_support": 33.65079365079365, "roles": [4, 5, 1, 2, 3], "matchups_top": [[10, 2142, 3965], [107, 252, 473], [114, 1843, 3461], [67, 435, 817], [24, 1263, 2423], [74, 240, 465], [23, 781, 1514], [122, 1946, 3840], [83, 458, 907], [2, 209, 418], [36, 247, 496], [80, 856, 1726], [6, 582, 1175], [240, 714, 1444], [164, 685, 1399], [68, 312, 638], [92, 1299, 2665], [133, 252, 518], [85, 462, 959], [13, 734, 1525]], "matchups_jungle": [[203, 11, 15], [113, 8, 12], [56, 21, 32], [245, 70, 107], [19, 30, 46], [36, 20, 31], [30, 16, 25], [107, 28, 45], [102, 16, 26], [5, 20, 33], [254, 33, 55], [35, 31, 53], [28, 20, 35], [104, 16, 28], [20, 16, 28], [64, 134, 237], [77, 9, 16], [154, 29, 52], [120, 25, 45], [141, 57, 103]], "matchups_mid": [[115, 28, 46], [136, 27, 45], [86, 37, 62], [74, 34, 58], [101, 49, 85], [61, 110, 191], [161, 57, 100], [127, 53, 99], [90, 107, 204], [69, 60, 116], [80, 67, 131], [54, 26, 51], [103, 148, 292], [91, 116, 231], [238, 270, 538], [134, 95, 190], [58, 30, 60], [126, 25, 50], [112, 72, 145], [8, 143, 288]], "matchups_adc": [[119, 9, 12], [67, 19, 28], [18, 8, 12], [202, 7, 11], [145, 47, 77], [96, 3, 5], [29, 3, 5], [21, 8, 14], [51, 25, 44], [22, 19, 35], [222, 20, 39], [498, 16, 32], [15, 2, 4], [81, 15, 33], [236, 15, 35], [110, 2, 5], [157, 2, 5], [45, 0, 4]], "matchups_support": [[54, 3, 3], [143, 3, 3], [161, 3, 3], [48, 2, 2], [267, 10, 11], [555, 14, 16], [117, 11, 13], [12, 3, 4], [101, 3, 4], [26, 3, 4], [53, 20, 27], [350, 8, 11], [50, 8, 11], [99, 7, 10], [63, 4, 6], [16, 7, 11], [412, 25, 40], [25, 8, 13], [111, 14, 23], [89, 15, 25]]}