{"primary_winrate_percent": 0.5151752888150507, "matchups_top": 0.5151752888150507, "matchups_jungle": 0.4378140703517588, "matchups_mid": 0.5189605868457043, "matchups_adc": 0.4489795918367347, "matchups_support": 0.3401360544217687, "roles": [4, 5, 1, 2, 3]}