{"primary_winrate_percent": 51.51752888150507, "matchups_top": 51.51752888150507, "matchups_jungle": 43.78140703517588, "matchups_mid": 51.896058684570434, "matchups_adc": 44.89795918367347, "matchups_support": 34.01360544217687, "roles": [4, 5, 1, 2, 3]}