{"primary_winrate_percent": 50.25414277395605, "matchups_top": 52.99684542586751, "matchups_jungle": 42.803030303030305, "matchups_mid": 52.60156806842481, "matchups_adc": 51.578947368421055, "matchups_support": 50.25414277395605, "roles": [2, 5, 4, 3, 1]}