{"primary_winrate_percent": 0.5025414277395605, "matchups_top": 0.5299684542586751, "matchups_jungle": 0.42803030303030304, "matchups_mid": 0.5260156806842481, "matchups_adc": 0.5157894736842106, "matchups_support": 0.5025414277395605, "roles": [2, 5, 4, 3, 1]}