{"primary_winrate_percent": 50.27470274702747, "winrate_top": 52.639296187683286, "winrate_jungle": 41.901408450704224, "winrate_mid": 52.56341789052069, "winrate_adc": 51.47783251231527, "winrate_support": 50.27470274702747, "roles": [2, 5, 4, 3, 1], "matchups_top": [[31, 5, 5], [126, 10, 15], [82, 16, 25], [266, 7, 11], [86, 21, 34], [150, 8, 13], [240, 3, 5], [18, 3, 5], [56, 3, 5], [84, 6, 10], [98, 9, 15], [164, 11, 19], [23, 4, 7], [13, 12, 21], [67, 5, 9], [8, 17, 32], [54, 9, 17], [58, 10, 20], [27, 2, 4], [17, 17, 34]], "matchups_jungle": [[28, 11, 11], [29, 4, 4], [9, 2, 2], [120, 7, 7], [105, 2, 2], [104, 5, 6], [107, 3, 4], [20, 3, 4], [59, 10, 14], [35, 9, 13], [102, 2, 3], [80, 2, 3], [76, 2, 3], [36, 2, 3], [11, 4, 6], [5, 3, 5], [163, 3, 5], [154, 3, 5], [54, 4, 7], [19, 4, 7]], "matchups_mid": [[74, 33, 56], [101, 63, 109], [34, 48, 88], [69, 50, 92], [161, 60, 111], [103, 232, 442], [38, 105, 203], [8, 126, 244], [90, 137, 267], [55, 115, 228], [91, 71, 141], [142, 78, 157], [18, 44, 89], [13, 157, 328], [134, 110, 231], [245, 84, 177], [10, 27, 57], [131, 66, 140], [105, 119, 253], [157, 202, 431]], "matchups_adc": [[266, 3, 3], [21, 11, 13], [157, 2, 3], [119, 8, 14], [222, 19, 35], [498, 19, 36], [202, 10, 19], [22, 20, 39], [67, 12, 25], [81, 22, 47], [145, 30, 65], [236, 12, 27], [51, 15, 34], [110, 2, 5], [96, 2, 6], [18, 4, 14], [15, 3, 12]], "matchups_support": [[35, 427, 758], [9, 923, 1723], [16, 2103, 3932], [40, 2928, 5483], [26, 1019, 1912], [143, 1493, 2812], [267, 4103, 7737], [161, 974, 1873], [53, 3356, 6480], [111, 4066, 7929], [117, 3503, 6846], [432, 1188, 2328], [101, 811, 1596], [37, 734, 1449], [54, 321, 635], [63, 1375, 2729], [43, 2313, 4660], [50, 1029, 2094], [89, 3308, 6740], [99, 1843, 3833]]}