{"primary_winrate_percent": 51.9098131055701, "lane_winrates": {"1": 23.52941176470588, "2": 51.9098131055701, "3": 48.57142857142857, "4": 27.500000000000004, "5": 43.75}, "roles": [2, 5, 4, 3, 1], "matchups": {"1": [[245, 0, 1, 1852, 2597, 0, -8, 0, 59, 0, 0, 0, -14, 0, -886], [24, 0, 1, 1127, 1254, 0, 0, 0, 40, 0, 0, 0, -3, 0, -4912], [11, 0, 1, 820, 1652, 0, 6, 0, 8, 1, 0, 0, -8, 0, 837], [64, 1, 2, -531, -788, 0, -1, 0, -18, 3, 0, 0, 12, 0, 2460], [120, 1, 1, 4325, 4593, 0, 7, 0, 62, 2, 0, 0, -2, 0, 18423], [107, 1, 1, 1881, 2068, 0, -6, 0, 39, 0, 0, 0, -5, 0, 4887], [102, 1, 1, 3420, 4924, 0, 25, 0, 55, 3, 0, 0, -9, 0, 13441], [60, 2, 2, 2756, 4559, 0, 6, 0, 39, 3, 0, 0, -3, 0, 21247], [33, 1, 1, 1239, 1771, 0, -6, 0, 60, -1, 0, 0, 2, 0, 11106], [32, 1, 1, 5286, 3111, 0, 6, 0, 79, 0, 0, 0, 0, 0, 17153], [31, 1, 1, -17, 676, 0, 1, 0, 16, 0, 0, 0, 3, 0, 3803], [28, 1, 1, 1771, 2351, 0, -6, 0, 48, 0, 0, 0, -3, 0, 9721], [20, 1, 1, 450, 936, 0, 15, 0, 14, 0, 0, 0, 5, 0, 6546], [19, 2, 2, 8262, 5514, 0, 7, 0, 134, 1, 0, 0, -13, 0, 13266]], "2": [[11, 0, 3, -2326, -1665, 0, 58, 0, 30, -1, 0, 0, 39, 0, -21659], [83, 0, 1, -1384, -1390, 0, 7, 0, 0, -1, 0, 0, 21, 0, -1889], [254, 0, 7, -2933, 898, 0, 89, 0, 84, 5, 0, 0, 63, 0, -34787], [15, 0, 1, -1391, -2392, 0, 6, 0, 0, 0, 0, 0, 20, 0, -11085], [136, 0, 1, -242, -862, 0, 19, 0, 0, -2, 0, 0, 18, 0, -4392], [202, 0, 4, 1144, 1693, 0, 190, 0, 12, -2, 0, 0, 33, 0, -10575], [36, 0, 10, -5470, -4857, 0, 517, 0, 0, -2, 0, 0, 135, 0, -50183], [67, 0, 2, -1022, -2078, 0, 39, 0, 5, -1, 0, 0, 37, 0, -5406], [150, 0, 2, -1930, -886, 0, 20, 0, 0, -1, 0, 0, 26, 0, -3188], [104, 0, 1, -992, -1032, 0, 2, 0, 51, 0, 0, 0, 14, 0, -14778], [222, 0, 1, -3713, -847, 0, 0, 0, 0, 0, 0, 0, 16, 0, 2639], [41, 0, 5, 1042, 1820, 0, 65, 0, 0, 3, 0, 0, 26, 0, 1727], [121, 0, 1, 163, 1588, 0, 12, 0, 40, 0, 0, 0, -4, 0, -4789], [56, 0, 2, -198, 127, 0, 66, 0, 0, 0, 0, 0, 17, 0, -8044], [268, 0, 2, -592, 241, 0, 55, 0, 0, 0, 0, 0, 21, 0, 188], [18, 0, 2, 45, 993, 0, 17, 0, 0, 0, 0, 0, 13, 0, -5979], [29, 0, 3, -3340, -3176, 0, 16, 0, 0, 1, 0, 0, 63, 0, -16416], [114, 0, 1, 1275, -252, 0, 31, 0, 0, 1, 0, 0, 17, 0, -2634], [23, 0, 3, 1521, 101, 0, 103, 0, 4, 1, 0, 0, 16, 0, -13583], [28, 0, 3, 1312, 1745, 0, 10, 0, 4, 0, 0, 0, 11, 0, -5034], [82, 1, 10, 593, -2099, 0, 216, 0, 8, 0, 0, 0, 118, 0, -15715], [39, 1, 6, 3381, 2191, 0, 413, 0, 1, 1, 0, 0, 37, 0, -22646], [84, 1, 6, -930, -3677, 0, 216, 0, 12, 0, 0, 0, 100, 0, -32401], [122, 2, 11, -832, -2437, 0, 316, 0, 12, 4, 0, 0, 115, 0, -37753], [76, 3, 16, -5867, -2449, 0, 123, 0, 8, 3, 0, 0, 179, 0, -26042], [13, 1, 5, -514, 1537, 0, 176, 0, 10, 0, 0, 0, 38, 0, -10007], [33, 2, 10, -499, 196, 0, 137, 0, 20, 0, 0, 0, 100, 0, -20929], [85, 5, 22, -1394, -2470, 0, 145, 0, 0, 8, 0, 0, 210, 0, -30592], [27, 4, 17, -1603, -19, 0, 286, 0, 12, -1, 0, 0, 156, 0, -18657], [105, 3, 12, 2100, 9457, 0, 201, 0, -1, 13, 0, 0, 61, 0, 11971], [238, 2, 8, -1774, -96, 0, 248, 0, 3, 0, 0, 0, 85, 0, -31787], [69, 1, 4, 571, -1475, 0, 40, 0, 0, 1, 0, 0, 53, 0, -12462], [107, 2, 8, 2109, 3827, 0, 249, 0, 14, 4, 0, 0, 39, 0, 3241], [64, 7, 27, -5660, -7156, 0, 538, 0, 55, -4, 0, 0, 315, 0, -49656], [157, 5, 19, 6484, 11742, 0, 774, 0, 20, 2, 0, 0, 104, 0, 9590], [420, 2, 7, -3273, -5978, 0, 121, 0, 0, -3, 0, 0, 102, 0, -31388], [236, 3, 9, 4933, 6018, 0, 234, 0, 0, 3, 0, 0, 42, 0, 7108], [81, 22, 66, -21635, 34731, 0, 791, 0, 4, 7, 0, 0, 342, 0, -66249], [20, 5, 15, -1763, -4383, 0, 227, 0, 23, 3, 0, 0, 162, 0, -42521], [119, 1, 3, 242, 2588, 0, 229, 0, 4, 2, 0, 0, 10, 0, -4501], [6, 1, 3, -3735, -1565, 0, 39, 0, 0, 2, 0, 0, 27, 0, -15694], [113, 1, 3, -61, 1783, 0, 75, 0, 0, 1, 0, 0, 10, 0, 7534], [246, 2, 6, 6456, 2793, 0, 201, 0, 0, 2, 0, 0, 45, 0, -8987], [59, 17, 48, -4594, 12622, 0, 367, 0, 2, 12, 0, 0, 408, 0, 10390], [48, 9, 24, -3147, -1435, 0, 441, 0, 8, 5, 0, 0, 251, 0, 1270], [350, 1417, 3688, -87564, -587644, 0, -74, 0, -128, 176, 0, 0, 41043, 0, -3910892], [3, 96, 244, -2940, -3313, 0, 4557, 0, 5, 32, 0, 0, 2462, 0, -59617], [86, 28, 71, 19959, 57501, 0, 5172, 0, 9, 35, 0, 0, 238, 0, -14500], [145, 2, 5, 2450, 2386, 0, 143, 0, 0, 3, 0, 0, 29, 0, -5785], [103, 20, 50, -9580, -2637, 0, 270, 0, 16, -3, 0, 0, 462, 0, -40406], [79, 75, 187, -14905, -12466, 0, 1282, 0, 32, 14, 0, 0, 1932, 0, -141576], [45, 210, 515, 12451, 84013, 0, 4219, 0, 38, 134, 0, 0, 4461, 0, -208155], [90, 18, 44, -12193, -7965, 0, 340, 0, 12, 3, 0, 0, 484, 0, -77929], [30, 7, 17, -4564, -6327, 0, 214, 0, 6, -7, 0, 0, 217, 0, -28481], [245, 5, 12, -2412, 4779, 0, 217, 0, 16, 8, 0, 0, 91, 0, 9053], [142, 37, 88, 3572, 29946, 0, 843, 0, 4, 45, 0, 0, 585, 0, -29305], [7, 19, 45, -6622, 7635, 0, 341, 0, 32, 7, 0, 0, 383, 0, 5070], [110, 3, 7, 3019, -888, 0, 72, 0, 0, -7, 0, 0, 82, 0, -15604], [78, 54, 125, -8921, -2412, 0, 2459, 0, 0, 30, 0, 0, 1285, 0, -38486], [134, 20, 46, -2146, 9747, 0, 438, 0, 5, 31, 0, 0, 357, 0, -25793], [21, 111, 254, -10639, 103368, 0, 2052, 0, 49, 6, 0, 0, 1701, 0, 58446], [127, 7, 16, 1032, 3694, 0, 184, 0, 0, 7, 0, 0, 131, 0, 14514], [516, 32, 73, 11127, 7588, 0, 1703, 0, 12, 0, 0, 0, 651, 0, 19924], [517, 8, 18, -3396, -164, 0, 198, 0, 0, -3, 0, 0, 187, 0, -3445], [99, 1553, 3463, -51740, 604158, 0, 19074, 0, 356, 461, 0, 0, 29700, 0, -34700], [555, 2534, 5647, 643493, 2966370, 0, 81857, 0, 323, 2511, 0, 0, 31780, 0, 4169355], [34, 38, 84, 3500, 27230, 0, 476, 0, 32, 33, 0, 0, 564, 0, -17562], [223, 100, 221, -8523, -27195, 0, 4401, 0, 36, 7, 0, 0, 2395, 0, -79501], [44, 280, 613, -15147, -116047, 0, 11263, 0, 42, -41, 0, 0, 6992, 0, -377540], [61, 16, 35, -617, 13009, 0, 222, 0, 4, 5, 0, 0, 253, 0, 19140], [12, 695, 1510, 34107, -241512, 0, 25181, 0, 1, -155, 0, 0, 17043, 0, -318838], [163, 29, 63, 13965, 48995, 0, 473, 0, 34, 29, 0, 0, 226, 0, 70486], [201, 859, 1857, -50688, -517513, 0, 33594, 0, -43, -347, 0, 0, 22412, 0, -597874], [43, 1428, 3084, -82241, 355995, 0, 13525, 0, 382, 72, 0, 0, 28051, 0, 149727], [161, 668, 1433, 153636, 550131, 0, 11152, 0, 208, 356, 0, 0, 9666, 0, 698809], [17, 73, 156, -17926, 764, 0, 852, 0, 36, -1, 0, 0, 1443, 0, -110473], [1, 146, 311, -10918, 36108, 0, 1772, 0, 15, 32, 0, 0, 2718, 0, -235849], [518, 162, 344, 30653, 146408, 0, 2421, 0, 69, 97, 0, 0, 2389, 0, 252835], [25, 3637, 7712, 223948, 1732200, 0, 37499, 0, 821, 682, 0, 0, 62977, 0, 1550151], [98, 130, 275, 24405, -13945, 0, 5420, 0, 55, 0, 0, 0, 2907, 0, -16661], [32, 9, 19, -2739, -5935, 0, 154, 0, 0, -3, 0, 0, 231, 0, -32949], [117, 3795, 7966, 19089, -435757, 0, 12699, 0, 67, -169, 0, 0, 82474, 0, -3127801], [101, 500, 1048, 151205, 533930, 0, 7767, 0, 157, 334, 0, 0, 5977, 0, 718530], [26, 835, 1743, 404950, 68484, 0, 11064, 0, 50, 142, 0, 0, 16493, 0, -581847], [37, 813, 1696, -250292, -85942, 0, 1923, 0, 106, -128, 0, 0, 17359, 0, -1027723], [9, 664, 1383, 112483, 404854, 0, 11004, 0, 315, 161, 0, 0, 10375, 0, 256729], [106, 51, 106, 46976, 58354, 0, 2017, 0, 84, 40, 0, 0, 599, 0, 127846], [50, 961, 1996, 297920, 861609, 0, 10997, 0, 205, 499, 0, 0, 13050, 0, 1333587], [497, 2925, 6059, -63007, -175885, 0, 7157, 0, 118, -357, 0, 0, 61560, 0, -998532], [16, 2011, 4160, -115222, -273978, 0, 3331, 0, -28, -476, 0, 0, 44024, 0, -341979], [22, 59, 122, 6292, 23517, 0, 902, 0, -1, -5, 0, 0, 997, 0, -8326], [427, 15, 31, -4726, 775, 0, 73, 0, 109, -5, 0, 0, 328, 0, -37405], [35, 409, 840, -45582, 140433, 0, 4373, 0, 254, 178, 0, 0, 7170, 0, 54011], [63, 1202, 2462, 101089, 1048293, 0, 13557, 0, 872, 446, 0, 0, 16093, 0, 1432594], [412, 6760, 13790, 1221844, 3446492, 0, 24008, 0, 290, 102, 0, 0, 111558, 0, 6848160], [54, 319, 646, 41301, 29496, 0, 4799, 0, 73, 176, 0, 0, 6043, 0, 21015], [62, 2, 4, -4508, -4074, 0, 91, 0, 4, 1, 0, 0, 58, 0, -22489], [164, 4, 8, -2093, 1249, 0, 156, 0, 0, 1, 0, 0, 62, 0, -3850], [68, 10, 20, 9491, 14537, 0, 224, 0, 2, 20, 0, 0, 80, 0, 25983], [154, 31, 62, 183, -6739, 0, 1179, 0, 12, 1, 0, 0, 667, 0, 26243], [8, 2, 4, 2690, 4718, 0, 105, 0, 1, -1, 0, 0, 8, 0, 7823], 