{"primary_winrate_percent": 51.98591935631344, "winrate_top": 27.906976744186046, "winrate_jungle": 25.0, "winrate_mid": 44.89795918367347, "winrate_adc": 44.44444444444444, "winrate_support": 51.98591935631344, "roles": [2, 5, 4, 3, 1], "matchups_top": [[4, 1, 1], [6, 1, 1], [8, 2, 2], [10, 3, 3], [38, 1, 1], [41, 1, 1], [50, 1, 1], [54, 1, 1], [67, 1, 1], [78, 1, 1], [80, 1, 1], [81, 1, 1], [82, 1, 1], [85, 1, 1], [86, 1, 1], [90, 1, 1], [114, 1, 1], [134, 1, 1], [157, 1, 1], [164, 1, 1]], "matchups_jungle": [[19, 2, 2], [20, 1, 1], [28, 1, 1], [31, 1, 1], [32, 1, 1], [33, 1, 1], [60, 2, 2], [107, 1, 1], [64, 1, 2], [120, 1, 2], [11, 0, 1], [24, 0, 1]], "matchups_mid": [[7, 1, 1], [10, 1, 1], [30, 1, 1], [39, 1, 1], [50, 3, 3], [91, 2, 2], [96, 1, 1], [105, 1, 1], [157, 1, 1], [161, 1, 1], [163, 1, 1], [236, 1, 1], [245, 4, 4], [134, 2, 3], [13, 1, 2], [45, 1, 2], [61, 1, 2], [103, 2, 4], [34, 1, 3], [8, 0, 2]], "matchups_adc": [[21, 2, 2], [51, 2, 2], [163, 1, 1], [22, 4, 5], [145, 5, 8], [67, 1, 2], [81, 3, 6], [498, 2, 5], [119, 0, 1], [222, 0, 2], [236, 0, 2]], "matchups_support": [[53, 3194, 6138], [111, 3884, 7613], [432, 1203, 2362], [89, 3539, 6978], [143, 1276, 2532], [40, 2963, 5908], [54, 319, 637], [412, 6797, 13830], [35, 411, 837], [63, 1197, 2471], [16, 2000, 4150], [37, 827, 1721], [9, 678, 1411], [50, 956, 1997], [497, 2923, 6115], [26, 829, 1738], [117, 3771, 7945], [25, 3625, 7731], [101, 492, 1056], [44, 290, 623]]}