{"primary_winrate_percent": 52.041391170279006, "matchups_top": 24.390243902439025, "matchups_jungle": 20.0, "matchups_mid": 45.83333333333333, "matchups_adc": 45.45454545454545, "matchups_support": 52.041391170279006, "roles": [2, 5, 4, 3, 1]}