{"primary_winrate_percent": 0.52041391170279, "matchups_top": 0.24390243902439024, "matchups_jungle": 0.2, "matchups_mid": 0.4583333333333333, "matchups_adc": 0.45454545454545453, "matchups_support": 0.52041391170279, "roles": [2, 5, 4, 3, 1]}