{"primary_winrate_percent": 0.49195159857904086, "matchups_top": 0.49195159857904086, "matchups_jungle": 0.4088888888888889, "matchups_mid": 0.46096654275092935, "matchups_adc": 0.21428571428571427, "matchups_support": 0.39805825242718446, "roles": [4, 1, 5, 2, 3]}