{"primary_winrate_percent": 49.19515985790409, "matchups_top": 49.19515985790409, "matchups_jungle": 40.88888888888889, "matchups_mid": 46.09665427509294, "matchups_adc": 21.428571428571427, "matchups_support": 39.80582524271845, "roles": [4, 1, 5, 2, 3]}