{"primary_winrate_percent": 49.20614398014067, "winrate_top": 49.20614398014067, "winrate_jungle": 41.51925078043705, "winrate_mid": 46.11353711790393, "winrate_adc": 20.689655172413794, "winrate_support": 39.09090909090909, "roles": [4, 1, 5, 2, 3], "matchups_top": [[27, 287, 490], [240, 373, 660], [83, 295, 522], [420, 362, 656], [266, 501, 913], [17, 533, 976], [10, 1441, 2663], [78, 190, 352], [122, 990, 1840], [86, 1326, 2474], [82, 834, 1572], [14, 224, 424], [6, 339, 648], [80, 388, 756], [54, 428, 834], [92, 797, 1557], [58, 885, 1729], [24, 728, 1431], [36, 132, 260], [164, 353, 700]], "matchups_jungle": [[77, 10, 12], [102, 4, 5], [203, 4, 5], [106, 16, 21], [35, 18, 24], [245, 49, 66], [20, 14, 19], [29, 8, 11], [54, 12, 17], [60, 22, 32], [76, 10, 15], [141, 34, 51], [154, 17, 26], [11, 27, 42], [19, 14, 22], [104, 12, 19], [107, 15, 24], [131, 3, 5], [121, 43, 72], [56, 11, 19]], "matchups_mid": [[69, 6, 7], [17, 6, 7], [92, 5, 6], [161, 9, 11], [82, 8, 10], [45, 26, 34], [245, 13, 18], [61, 18, 25], [81, 7, 10], [55, 19, 28], [31, 4, 6], [54, 4, 6], [134, 15, 23], [58, 7, 11], [74, 7, 11], [13, 20, 32], [10, 13, 21], [3, 8, 13], [157, 80, 131], [105, 17, 28]], "matchups_adc": [[18, 1, 1], [22, 3, 3], [51, 2, 2], [58, 1, 1], [81, 4, 4], [134, 1, 1], [202, 1, 1], [432, 1, 1], [498, 1, 1], [67, 2, 3], [145, 4, 6], [222, 2, 3], [21, 0, 1], [110, 0, 1]], "matchups_support": [[9, 2, 2], [12, 1, 1], [26, 1, 1], [37, 1, 1], [63, 2, 2], [101, 3, 3], [161, 1, 1], [89, 6, 7], [117, 6, 7], [53, 8, 10], [25, 3, 4], [111, 5, 7], [16, 2, 3], [35, 2, 3], [350, 2, 3], [40, 4, 7], [99, 4, 7], [50, 1, 2], [201, 1, 2], [267, 3, 6]]}