{"primary_winrate_percent": 52.34722507356463, "winrate_top": 52.44698205546493, "winrate_jungle": 47.479564032697546, "winrate_mid": 49.02309058614564, "winrate_adc": 42.857142857142854, "winrate_support": 52.34722507356463, "roles": [2, 4, 1, 5, 3], "matchups_top": [[36, 9, 13], [83, 9, 15], [74, 11, 19], [420, 15, 26], [98, 28, 49], [164, 30, 53], [126, 24, 43], [82, 49, 88], [86, 79, 144], [240, 26, 48], [10, 73, 135], [516, 18, 34], [114, 58, 110], [78, 11, 21], [266, 29, 56], [54, 25, 49], [122, 59, 117], [157, 25, 50], [58, 50, 101], [67, 13, 27]], "matchups_jungle": [[102, 9, 11], [36, 17, 22], [113, 13, 17], [30, 11, 16], [72, 6, 9], [9, 9, 14], [5, 10, 16], [24, 19, 31], [35, 30, 49], [254, 25, 41], [19, 20, 33], [32, 18, 30], [20, 16, 27], [28, 22, 38], [2, 15, 26], [421, 12, 21], [11, 29, 51], [141, 51, 90], [33, 10, 18], [154, 25, 46]], "matchups_mid": [[127, 4, 4], [58, 3, 3], [266, 3, 3], [63, 3, 3], [62, 3, 3], [518, 4, 5], [91, 13, 19], [18, 2, 3], [54, 2, 3], [555, 2, 3], [3, 2, 3], [1, 2, 3], [26, 2, 3], [45, 12, 19], [4, 8, 13], [134, 7, 12], [131, 8, 14], [157, 31, 55], [38, 5, 9], [245, 5, 9]], "matchups_adc": [[157, 1, 1], [498, 3, 3], [22, 6, 7], [81, 4, 5], [202, 4, 5], [51, 3, 5], [145, 5, 9], [67, 1, 3], [236, 1, 3], [21, 0, 1], [61, 0, 1], [84, 0, 1], [91, 0, 1], [119, 0, 1], [222, 0, 2], [429, 0, 1]], "matchups_support": [[89, 6532, 12569], [35, 614, 1211], [50, 1473, 2909], [44, 672, 1330], [16, 2015, 4027], [40, 3033, 6073], [161, 867, 1750], [53, 5292, 10714], [267, 3727, 7588], [26, 1074, 2190], [63, 1468, 2997], [432, 1416, 2903], [25, 3850, 7935], [497, 4174, 8616], [9, 869, 1794], [412, 10482, 21746], [37, 710, 1507], [117, 3470, 7371], [143, 1211, 2576], [12, 1644, 3532]]}