{"primary_winrate_percent": 52.30852187198095, "matchups_top": 52.1015761821366, "matchups_jungle": 47.70029673590505, "matchups_mid": 48.87218045112782, "matchups_adc": 43.47826086956522, "matchups_support": 52.30852187198095, "roles": [2, 4, 1, 5, 3]}