{"primary_winrate_percent": 0.5230852187198095, "matchups_top": 0.521015761821366, "matchups_jungle": 0.47700296735905046, "matchups_mid": 0.48872180451127817, "matchups_adc": 0.43478260869565216, "matchups_support": 0.5230852187198095, "roles": [2, 4, 1, 5, 3]}