{"primary_winrate_percent": 49.81788555544905, "winrate_top": 49.908357771260995, "winrate_jungle": 47.44744744744745, "winrate_mid": 49.81788555544905, "winrate_adc": 48.75094625283876, "winrate_support": 48.07202039515615, "roles": [5, 2, 4, 3, 1], "matchups_top": [[107, 20, 31], [36, 23, 37], [80, 76, 124], [112, 18, 30], [240, 44, 75], [420, 43, 74], [27, 27, 47], [74, 33, 58], [24, 82, 146], [98, 46, 83], [83, 24, 44], [10, 191, 354], [57, 21, 39], [75, 51, 95], [17, 110, 205], [157, 56, 105], [114, 105, 199], [85, 55, 105], [133, 37, 71], [122, 164, 325]], "matchups_jungle": [[102, 3, 3], [163, 3, 3], [24, 5, 6], [154, 5, 6], [121, 11, 14], [203, 3, 4], [56, 4, 6], [113, 2, 3], [421, 2, 3], [32, 4, 6], [141, 18, 28], [76, 5, 8], [79, 6, 10], [28, 9, 16], [11, 9, 16], [5, 5, 9], [2, 5, 9], [120, 6, 11], [29, 1, 2], [33, 1, 2]], "matchups_mid": [[161, 165, 287], [74, 73, 132], [112, 209, 383], [38, 265, 488], [245, 255, 474], [10, 106, 198], [101, 155, 293], [103, 631, 1194], [90, 282, 534], [142, 270, 513], [80, 95, 181], [39, 154, 294], [55, 342, 656], [99, 363, 698], [69, 148, 287], [131, 251, 487], [134, 335, 653], [1, 207, 405], [157, 679, 1341], [45, 397, 787]], "matchups_adc": [[15, 9, 12], [22, 67, 107], [236, 57, 94], [21, 23, 40], [498, 73, 127], [29, 5, 9], [222, 52, 94], [202, 45, 82], [119, 23, 45], [45, 6, 12], [67, 37, 74], [51, 66, 133], [81, 59, 125], [145, 101, 224], [18, 23, 53], [74, 6, 15], [96, 4, 14], [110, 4, 16]], "matchups_support": [[9, 50, 73], [12, 53, 88], [99, 118, 202], [161, 46, 80], [63, 60, 105], [50, 85, 151], [101, 41, 74], [89, 216, 404], [40, 120, 226], [111, 269, 514], [25, 193, 372], [117, 171, 330], [53, 199, 388], [143, 65, 127], [44, 23, 45], [267, 172, 338], [35, 29, 57], [412, 406, 801], [43, 79, 158], [16, 89, 179]]}