{"primary_winrate_percent": 0.4992282362626055, "matchups_top": 0.49940452560539894, "matchups_jungle": 0.4713375796178344, "matchups_mid": 0.4992282362626055, "matchups_adc": 0.4827309236947791, "matchups_support": 0.4781266083376222, "roles": [5, 2, 4, 3, 1]}