{"primary_winrate_percent": 49.92282362626055, "matchups_top": 49.940452560539896, "matchups_jungle": 47.13375796178344, "matchups_mid": 49.92282362626055, "matchups_adc": 48.27309236947791, "matchups_support": 47.81266083376222, "roles": [5, 2, 4, 3, 1]}