{"primary_winrate_percent": 49.71712345989439, "matchups_top": 47.706422018348626, "matchups_jungle": 49.71712345989439, "matchups_mid": 41.603053435114504, "matchups_adc": 21.428571428571427, "matchups_support": 40.65934065934066, "roles": [1, 4, 2, 5, 3]}