{"primary_winrate_percent": 49.651428571428575, "winrate_top": 47.45196324143692, "winrate_jungle": 49.651428571428575, "winrate_mid": 40.86021505376344, "winrate_adc": 27.77777777777778, "winrate_support": 42.25, "roles": [1, 4, 2, 5, 3], "matchups_top": [[83, 7, 8], [27, 11, 13], [98, 23, 28], [112, 5, 7], [85, 17, 25], [78, 10, 15], [10, 52, 83], [82, 23, 37], [266, 18, 30], [67, 9, 15], [420, 12, 20], [84, 16, 27], [39, 14, 24], [240, 12, 21], [54, 8, 14], [14, 4, 7], [24, 19, 34], [13, 19, 34], [2, 5, 9], [164, 15, 28]], "matchups_jungle": [[56, 349, 643], [203, 265, 489], [32, 220, 406], [9, 113, 210], [120, 528, 987], [427, 102, 192], [121, 1151, 2169], [107, 339, 639], [5, 363, 685], [36, 285, 540], [20, 309, 587], [54, 184, 350], [35, 524, 998], [11, 528, 1009], [24, 225, 431], [154, 585, 1122], [19, 309, 602], [245, 1161, 2272], [163, 219, 434], [104, 403, 804]], "matchups_mid": [[142, 2, 2], [127, 2, 2], [7, 4, 4], [81, 3, 3], [236, 2, 2], [131, 5, 6], [161, 5, 6], [246, 4, 5], [90, 8, 10], [38, 6, 8], [61, 7, 10], [105, 7, 10], [518, 2, 3], [50, 2, 3], [99, 7, 11], [103, 12, 19], [84, 8, 13], [157, 12, 21], [45, 7, 13], [13, 7, 13]], "matchups_adc": [[22, 1, 1], [81, 1, 1], [157, 1, 1], [222, 1, 1], [518, 1, 1], [145, 4, 5], [498, 2, 3], [21, 1, 2], [236, 1, 2], [51, 0, 1]], "matchups_support": [[432, 3, 3], [267, 15, 18], [53, 18, 24], [44, 3, 4], [111, 21, 30], [40, 9, 13], [101, 2, 3], [37, 2, 3], [26, 4, 6], [412, 30, 48], [89, 13, 21], [497, 14, 24], [161, 5, 9], [63, 8, 15], [16, 9, 17], [117, 10, 20], [43, 3, 6], [350, 4, 8], [25, 16, 32], [555, 11, 23]]}