{"primary_winrate_percent": 0.4971712345989439, "matchups_top": 0.47706422018348627, "matchups_jungle": 0.4971712345989439, "matchups_mid": 0.41603053435114506, "matchups_adc": 0.21428571428571427, "matchups_support": 0.4065934065934066, "roles": [1, 4, 2, 5, 3]}