{"primary_winrate_percent": 0.5107625127560101, "matchups_top": 0.5584327086882453, "matchups_jungle": 0.5107625127560101, "matchups_mid": 0.5336912751677853, "matchups_adc": 0.3333333333333333, "matchups_support": 0.2857142857142857, "roles": [1, 5, 4, 2, 3]}