{"primary_winrate_percent": 51.07625127560102, "matchups_top": 55.84327086882453, "matchups_jungle": 51.07625127560102, "matchups_mid": 53.369127516778526, "matchups_adc": 33.33333333333333, "matchups_support": 28.57142857142857, "roles": [1, 5, 4, 2, 3]}