{"primary_winrate_percent": 51.02058752444356, "winrate_top": 55.50715619166148, "winrate_jungle": 51.02058752444356, "winrate_mid": 53.63505055368319, "winrate_adc": 38.70967741935484, "winrate_support": 31.818181818181817, "roles": [1, 5, 4, 2, 3], "matchups_top": [[17, 42, 73], [164, 44, 79], [107, 11, 20], [14, 18, 33], [54, 39, 74], [13, 35, 67], [114, 77, 148], [157, 47, 96], [85, 21, 43], [83, 21, 43], [420, 23, 48], [74, 10, 21], [240, 28, 59], [2, 9, 19], [516, 25, 53], [82, 55, 117], [98, 29, 62], [80, 37, 80], [10, 88, 191], [86, 70, 152]], "matchups_jungle": [[35, 856, 1570], [107, 594, 1137], [32, 368, 708], [20, 348, 674], [77, 257, 501], [5, 356, 695], [121, 1776, 3469], [2, 420, 827], [11, 939, 1849], [59, 1141, 2248], [120, 849, 1673], [245, 1362, 2687], [154, 574, 1133], [104, 402, 799], [36, 318, 633], [24, 485, 972], [254, 672, 1349], [106, 201, 405], [102, 212, 428], [19, 538, 1097]], "matchups_mid": [[518, 21, 31], [54, 14, 21], [136, 17, 28], [68, 12, 21], [69, 25, 45], [34, 26, 47], [134, 41, 75], [45, 55, 101], [161, 15, 28], [103, 85, 160], [58, 11, 21], [245, 35, 67], [555, 16, 31], [90, 48, 95], [61, 59, 118], [7, 55, 110], [8, 59, 119], [91, 82, 167], [105, 74, 155], [268, 10, 21]], "matchups_adc": [[10, 1, 1], [18, 4, 4], [58, 1, 1], [157, 2, 2], [236, 2, 2], [498, 4, 5], [22, 1, 2], [145, 3, 8], [81, 1, 5], [51, 0, 1]], "matchups_support": [[25, 1, 1], [37, 1, 1], [40, 2, 2], [143, 1, 1], [267, 2, 2], [350, 1, 1], [412, 2, 2], [497, 2, 2], [53, 2, 3], [117, 1, 2], [45, 0, 1], [89, 0, 2], [111, 0, 1], [518, 0, 1]]}