{"primary_winrate_percent": 0.523271671853691, "matchups_top": 0.22614840989399293, "matchups_jungle": 0.523271671853691, "matchups_mid": 0.33658536585365856, "matchups_adc": 0.16, "matchups_support": 0.27751196172248804, "roles": [1, 2, 4, 5, 3]}