{"primary_winrate_percent": 52.32716718536909, "matchups_top": 22.614840989399294, "matchups_jungle": 52.32716718536909, "matchups_mid": 33.65853658536586, "matchups_adc": 16.0, "matchups_support": 27.751196172248804, "roles": [1, 2, 4, 5, 3]}