{"primary_winrate_percent": 52.362368446306895, "winrate_top": 22.07792207792208, "winrate_jungle": 52.362368446306895, "winrate_mid": 34.66666666666667, "winrate_adc": 16.666666666666664, "winrate_support": 27.64227642276423, "roles": [1, 2, 4, 5, 3], "matchups_top": [[516, 5, 5], [127, 2, 2], [246, 2, 2], [107, 2, 2], [27, 2, 2], [54, 10, 10], [14, 3, 3], [133, 4, 4], [74, 2, 2], [6, 3, 3], [3, 2, 2], [76, 2, 2], [7, 2, 2], [420, 2, 2], [238, 3, 3], [81, 2, 2], [78, 5, 5], [83, 3, 3], [122, 14, 15], [82, 8, 9]], "matchups_jungle": [[29, 132, 236], [427, 114, 209], [154, 576, 1089], [11, 587, 1110], [245, 963, 1875], [421, 276, 542], [141, 990, 1960], [203, 217, 431], [2, 305, 606], [254, 425, 852], [24, 241, 486], [35, 479, 969], [9, 116, 237], [56, 330, 678], [19, 337, 693], [5, 221, 456], [30, 246, 511], [104, 296, 616], [59, 712, 1503], [76, 278, 587]], "matchups_mid": [[90, 6, 6], [91, 3, 3], [25, 2, 2], [45, 7, 8], [238, 13, 16], [134, 4, 5], [99, 4, 5], [55, 7, 9], [142, 3, 4], [38, 6, 8], [84, 8, 11], [8, 8, 11], [7, 5, 7], [105, 5, 7], [112, 4, 6], [131, 2, 3], [245, 4, 6], [163, 2, 3], [1, 2, 3], [81, 2, 3]], "matchups_adc": [[18, 2, 2], [21, 2, 2], [22, 3, 3], [29, 1, 1], [74, 1, 1], [119, 2, 2], [133, 1, 1], [157, 1, 1], [236, 7, 7], [498, 4, 4], [81, 7, 8], [145, 10, 12], [51, 4, 5], [222, 3, 4], [67, 1, 2], [202, 1, 3], [15, 0, 1], [96, 0, 1]], "matchups_support": [[432, 3, 3], [35, 7, 7], [16, 7, 8], [117, 6, 7], [89, 17, 20], [412, 26, 31], [101, 5, 6], [111, 13, 16], [63, 4, 5], [497, 11, 14], [43, 7, 9], [25, 10, 13], [555, 12, 18], [267, 10, 15], [99, 2, 3], [143, 2, 3], [53, 11, 18], [201, 3, 5], [40, 4, 7], [37, 1, 2]]}