{"primary_winrate_percent": 52.379280630645006, "lane_winrates": {"1": 52.379280630645006, "2": 27.049180327868854, "3": 16.666666666666664, "4": 22.372881355932204, "5": 32.126696832579185}, "roles": [1, 2, 4, 5, 3], "matchups": {"1": [[429, 0, 1, -1391, -1659, 0, 3, 0, -5, -3, 0, 0, 19, 0, -7276], [238, 0, 1, -805, -563, 0, 68, 0, -72, 0, 0, 0, 9, 0, -1240], [25, 0, 3, -1763, -2051, 0, -5, 0, -38, 1, 0, 0, 48, 0, -7657], [122, 0, 2, -2021, -900, 0, 3, 0, -21, 1, 0, 0, 21, 0, -11023], [202, 0, 1, -323, -1742, 0, 7, 0, -1, -1, 0, 0, 20, 0, -7702], [13, 0, 1, -496, -818, 0, -6, 0, -3, 1, 0, 0, 15, 0, -404], [143, 0, 1, 994, 726, 0, 3, 0, 7, 0, 0, 0, 2, 0, -1427], [67, 0, 4, -1673, -1837, 0, 5, 0, -40, -2, 0, 0, 53, 0, -28615], [126, 0, 1, 1956, 1640, 0, 0, 0, 17, 0, 0, 0, 1, 0, -3740], [267, 0, 1, -450, -936, 0, -15, 0, -14, 0, 0, 0, 14, 0, -6546], [84, 0, 2, -748, 194, 0, 1, 0, -19, 0, 0, 0, 16, 0, -5595], [3, 0, 1, -689, 141, 0, 10, 0, -6, 0, 0, 0, 11, 0, -604], [45, 0, 1, -1514, 150, 0, -9, 0, -1, 0, 0, 0, 8, 0, -853], [41, 0, 1, -2027, -922, 0, -3, 0, -33, 0, 0, 0, 17, 0, -2450], [91, 0, 1, -1477, -1952, 0, -19, 0, -8, 0, 0, 0, 24, 0, -6552], [43, 0, 1, -2475, -2731, 0, -12, 0, -12, 0, 0, 0, 21, 0, -11021], [103, 0, 1, -692, -398, 0, 1, 0, -32, 0, 0, 0, 14, 0, -7994], [22, 0, 1, -614, -1213, 0, -8, 0, -4, 1, 0, 0, 21, 0, 2009], [117, 0, 1, 0, 0, 0, 0, 0, 0, -1, 0, 0, 0, 0, 0], [134, 0, 1, -613, -1051, 0, 6, 0, -2, 0, 0, 0, 20, 0, -3732], [112, 0, 1, 0, 0, 0, 0, 0, 0, -1, 0, 0, 0, 0, 0], [38, 0, 1, -926, -1533, 0, -3, 0, -4, 1, 0, 0, 24, 0, -5625], [1, 1, 6, -5936, -9025, 0, -27, 0, -73, -6, 0, 0, 132, 0, -18798], [75, 5, 19, -4536, -5070, 0, 30, 0, -20, -1, 0, 0, 207, 0, -50743], [81, 3, 11, -912, -5841, 0, 8, 0, -40, 1, 0, 0, 148, 0, -48779], [4, 3, 10, -409, 2560, 0, 16, 0, -59, -6, 0, 0, 72, 0, -21860], [516, 4, 13, -5659, -5954, 0, -17, 0, 41, -5, 0, 0, 162, 0, -22325], [236, 2, 6, 1374, 5150, 0, 7, 0, 42, 0, 0, 0, 11, 0, 6372], [26, 1, 3, -3417, -3500, 0, 15, 0, -155, 1, 0, 0, 57, 0, -436], [6, 2, 6, 1923, 2964, 0, 3, 0, 38, 1, 0, 0, 39, 0, -151], [53, 1, 3, -3545, -2659, 0, -10, 0, -114, 0, 0, 0, 49, 0, -8637], [23, 9, 26, 3919, 1796, 0, -21, 0, 254, 2, 0, 0, 229, 0, -36151], [145, 9, 25, -3862, -2981, 0, -28, 0, 85, -7, 0, 0, 265, 0, -33425], [31, 16, 44, 4500, -423, 0, 68, 0, 58, -2, 0, 0, 446, 0, -59486], [98, 7, 19, -1069, -7941, 0, -6, 0, -69, 4, 0, 0, 259, 0, -49084], [517, 46, 124, -37465, -4975, 0, -254, 0, -383, 28, 0, 0, 1244, 0, -97238], [246, 67, 177, -34057, -20307, 0, -415, 0, -410, 2, 0, 0, 1941, 0, -116015], [82, 10, 26, 4337, -1052, 0, -52, 0, 155, 4, 0, 0, 286, 0, -31614], [131, 30, 77, 13692, -6613, 0, 33, 0, 399, 1, 0, 0, 812, 0, -79985], [113, 89, 223, -41175, -43272, 0, -237, 0, -345, -7, 0, 0, 2496, 0, -194705], [63, 6, 15, 4224, 2798, 0, 25, 0, 57, 10, 0, 0, 123, 0, -12423], [10, 2, 5, -1325, -627, 0, -6, 0, -22, 2, 0, 0, 47, 0, 2580], [18, 4, 10, 4115, 7901, 0, 156, 0, -81, 3, 0, 0, 47, 0, -2371], [92, 14, 35, 2668, 10202, 0, 56, 0, 112, 12, 0, 0, 267, 0, -13857], [80, 162, 393, -19807, 117160, 0, -519, 0, -787, 64, 0, 0, 3168, 0, 199154], [106, 109, 263, 2207, 41668, 0, -192, 0, 139, 70, 0, 0, 2338, 0, -125574], [79, 335, 805, -118388, -131210, 0, -2154, 0, -194, -16, 0, 0, 9012, 0, -563920], [111, 11, 26, -8770, -3931, 0, -47, 0, -109, 16, 0, 0, 273, 0, -22089], [32, 203, 479, -8971, -53650, 0, -718, 0, 1326, -10, 0, 0, 5263, 0, -543572], [102, 141, 327, 102183, 49394, 0, 262, 0, 3301, 42, 0, 0, 2690, 0, -254248], [33, 177, 408, -101108, -94318, 0, -777, 0, -1709, -61, 0, 0, 4814, 0, -326835], [62, 54, 123, -24611, -19055, 0, -190, 0, -125, 9, 0, 0, 1353, 0, -154834], [78, 43, 97, -20348, -14093, 0, -197, 0, 33, -1, 0, 0, 1057, 0, -92525], [105, 9, 20, -13886, -4844, 0, -53, 0, -279, 7, 0, 0, 228, 0, -19419], [164, 46, 102, -36939, -26379, 0, -254, 0, -797, -6, 0, 0, 1213, 0, -81252], [107, 304, 671, 243875, 278978, 0, -245, 0, 5139, 184, 0, 0, 4351, 0, 30281], [28, 367, 808, 202879, 140156, 0, -3204, 0, 4504, 78, 0, 0, 6696, 0, -305428], [54, 211, 463, -91780, -96517, 0, -1317, 0, -449, -12, 0, 0, 5283, 0, -521230], [77, 117, 255, 78646, 113297, 0, -210, 0, 2711, 79, 0, 0, 1600, 0, 3738], [120, 506, 1095, 329738, 569785, 0, -980, 0, 7735, 346, 0, 0, 6142, 0, 239162], [59, 705, 1519, 133468, 440622, 0, -1731, 0, 509, 327, 0, 0, 11860, 0, 262631], [9, 108, 232, -10019, 11126, 0, -129, 0, -171, 11, 0, 0, 2232, 0, -121795], [57, 27, 58, -1202, -7298, 0, -77, 0, -5, 5, 0, 0, 532, 0, -66558], [121, 939, 2011, 207256, 570197, 0, -5282, 0, 8853, 872, 0, 0, 14760, 0, -830384], [163, 123, 263, 29650, 68157, 0, -148, 0, -44, 93, 0, 0, 1989, 0, 101533], [76, 271, 579, 268841, 348674, 0, -270, 0, 5024, 233, 0, 0, 3043, 0, 147929], [64, 1788, 3820, 514335, 1508261, 0, -5995, 0, 5763, 1428, 0, 0, 26218, 0, 480013], [30, 239, 509, 324133, 294724, 0, 647, 0, 6966, 99, 0, 0, 2656, 0, -176096], [68, 8, 17, -4115, -3970, 0, 44, 0, -28, 2, 0, 0, 211, 0, -21827], [17, 8, 17, -4944, -8600, 0, -10, 0, -11, 0, 0, 0, 207, 0, -54318], [60, 631, 1338, -145814, 145274, 0, -3546, 0, -3503, 295, 0, 0, 12126, 0, 279912], [36, 233, 490, 185842, 188749, 0, 145, 0, 5886, 106, 0, 0, 3257, 0, -253732], [86, 14, 29, -6751, -3125, 0, -10, 0, 95, 4, 0, 0, 323, 0, -47347], [5, 225, 463, 48540, 157853, 0, -1058, 0, 925, 137, 0, 0, 3338, 0, 281834], [266, 18, 37, 11419, 12692, 0, -27, 0, 248, 11, 0, 0, 262, 0, -37672], [56, 325, 667, 305455, 364720, 0, 376, 0, 5439, 219, 0, 0, 3540, 0, 281767], [104, 301, 617, 255216, 285314, 0, 1881, 0, 5536, 152, 0, 0, 3756, 0, 71734], [19, 351, 712, 123321, 317615, 0, -1263, 0, 3288, 229, 0, 0, 4448, 0, 180821], [35, 469, 947, 45087, 286075, 0, -1394, 0, -1447, 282, 0, 0, 7164, 0, 306694], [421, 266, 535, 130171, 279173, 0, -1127, 0, 1597, 157, 0, 0, 3200, 0, 477927], [518, 2, 4, 1084, 2845, 0, 9, 0, 5, 2, 0, 0, 13, 0, 3182], [85, 1, 2, -179, -768, 0, -10, 0, 0, -2, 0, 0, 24, 0, -1301], [119, 1, 2, 3950, 4435, 0, 5, 0, 68, 1, 0, 0, -19, 0, 337], [432, 1, 2, -969, -1027, 0, -6, 0, -46, 1, 0, 0, 28, 0, -7541], [74, 1, 2, -441, -183, 0, 1, 0, 0, 1, 0, 0, 18, 0, 2713], [72, 59, 118, 17000, 13244, 0, -353, 0, 613, 27, 0, 0, 1123, 0, -90120], [14, 3, 6, 4251, 3719, 0, 40, 0, -2, 4, 0, 0, 32, 0, -3085], [254, 427, 851, 135105, 82403, 0, -1393, 0, 4861, 32, 0, 0, 7712, 0, -161302], [141, 980, 1952, 337835, 540756, 0, -1929, 0, 9824, 483, 0, 0, 14587, 0, -980732], [2, 305, 607, 228564, 412597, 0, 364, 0, 4883, 285, 0, 0, 2638, 0, 336876], [24, 237, 470, -95, 78935, 0, -1014, 0, 1815, 67, 0, 0, 4037, 0, -328130], [48, 72, 142, 4107, 29561, 0, 106, 0, 144, 45, 0, 0, 1156, 0, -69765], [245, 978, 1913, 231669, 456968, 0, -81, 0, 2032, 539, 0, 0, 15207, 0, -102981], [203, 225, 437, 79912, 201709, 0, 105, 0, 1318, 129, 0, 0, 2686, 0, 124011], [154, 574, 1103, 17715, -109928, 0, -1000, 0, -4611, 43, 0, 0, 11609, 0, -272368], [11, 598, 1118, 263959, 527554, 0, 30, 0, 8960, 480, 0, 0, 6324, 0, -652236], [133, 7, 13, -2420, 3593, 0, 19, 0, -62, 2, 0, 0, 100, 0, -1588], [427, 113, 206, 48266, -13563, 0, -949, 0, 889, 9, 0, 0, 2169, 0, 72315], [29, 131, 233, -23267, 77883, 0, 44, 0, -2445, 39, 0, 0, 1649, 0, 22862], [44, 3, 5, -2648, -3297, 0, -32, 0, -62, -2, 0, 0, 72, 0, -3127], [96, 3, 5, 5522, 5019, 0, 16, 0, 127, 0, 0, 0, 8, 0, -2539], [89, 7, 11, -4123, -4165, 0, -93, 0, -39, 2, 0, 0, 133, 0, 2360], [83, 2, 3, -33, -118, 0, 8, 0, 18, 2, 0, 0, 31, 0, -1235], [136, 2, 3, 659, 177, 0, -11, 0, -3, 1, 0, 0, 32, 0, 9586], [555, 2, 3, -3099, -2235, 0, -27, 0, -9, -2, 0, 0, 51, 0, -7105], [114, 2, 3, 1363, 1423, 0, -8, 0, 33, 4, 0, 0, 11, 0, 11462], [240, 3, 4, -621, 1988, 0, -10, 0, 0, 1, 0, 0, 25, 0, 13532], [157, 3, 4, -1245, -1827, 0, 0, 0, 81, -1, 0, 0, 44, 0, -3622], [8, 1, 1, -55, -366, 0, -2, 0, -18, 0, 0, 0, 12, 0, -8979], [99, 1, 1, -110, -1094, 0, -14, 0, 0, 1, 0, 0, 19, 0, -244], [115, 1, 1, 412, 1090, 0, 2, 0, 13, 1, 0, 0, 1, 0, 8922], [27, 1, 1, 102, -82, 0, 1, 0, 7, 2, 0, 0, 10, 0, 1863]],