{"primary_winrate_percent": 51.045100883555314, "matchups_top": 49.37633866700264, "matchups_jungle": 51.045100883555314, "matchups_mid": 55.91836734693878, "matchups_adc": 22.857142857142858, "matchups_support": 63.1578947368421, "roles": [1, 4, 5, 2, 3]}