{"primary_winrate_percent": 0.5104510088355532, "matchups_top": 0.49376338667002645, "matchups_jungle": 0.5104510088355532, "matchups_mid": 0.5591836734693878, "matchups_adc": 0.22857142857142856, "matchups_support": 0.631578947368421, "roles": [1, 4, 5, 2, 3]}