{"primary_winrate_percent": 50.90837877737941, "winrate_top": 49.78340173278614, "winrate_jungle": 50.90837877737941, "winrate_mid": 55.00000000000001, "winrate_adc": 22.857142857142858, "winrate_support": 57.14285714285714, "roles": [1, 4, 5, 2, 3], "matchups_top": [[240, 113, 173], [23, 94, 152], [10, 294, 512], [31, 54, 96], [27, 47, 85], [84, 88, 162], [24, 190, 350], [157, 77, 143], [58, 208, 389], [54, 87, 163], [6, 76, 147], [86, 263, 509], [74, 31, 60], [516, 68, 132], [133, 35, 68], [80, 108, 211], [82, 209, 415], [164, 92, 186], [14, 41, 83], [107, 25, 51]], "matchups_jungle": [[11, 585, 1059], [30, 246, 448], [245, 1056, 1944], [102, 171, 325], [80, 203, 386], [121, 1025, 1969], [35, 521, 1014], [29, 89, 174], [9, 128, 251], [104, 306, 602], [59, 812, 1601], [254, 508, 1003], [163, 128, 253], [141, 868, 1724], [32, 289, 575], [60, 808, 1617], [5, 297, 595], [76, 299, 601], [36, 260, 524], [203, 176, 355]], "matchups_mid": [[56, 2, 2], [3, 2, 2], [245, 5, 6], [112, 3, 4], [90, 3, 4], [86, 3, 4], [8, 5, 7], [61, 2, 3], [74, 2, 3], [81, 2, 3], [103, 3, 5], [101, 3, 5], [45, 6, 10], [7, 3, 5], [134, 6, 11], [80, 3, 6], [18, 1, 2], [82, 2, 4], [69, 1, 2], [99, 2, 4]], "matchups_adc": [[15, 1, 1], [18, 1, 1], [21, 2, 2], [110, 1, 1], [119, 3, 3], [202, 2, 2], [203, 1, 1], [222, 5, 5], [236, 3, 3], [240, 1, 1], [51, 2, 3], [145, 4, 8], [498, 1, 2], [22, 0, 1], [81, 0, 1]], "matchups_support": [[43, 2, 2], [53, 1, 1], [161, 1, 1], [412, 2, 2], [1, 1, 2], [267, 1, 2], [117, 1, 3], [25, 0, 1], [26, 0, 1], [89, 0, 2], [432, 0, 1], [497, 0, 2], [555, 0, 1]]}