{"primary_winrate_percent": 49.986733881666225, "winrate_top": 50.461133069828726, "winrate_jungle": 23.52941176470588, "winrate_mid": 49.986733881666225, "winrate_adc": 46.77137870855148, "winrate_support": 42.4390243902439, "roles": [5, 2, 4, 3, 1], "matchups_top": [[78, 6, 7], [14, 4, 5], [43, 3, 4], [245, 3, 4], [75, 9, 12], [517, 3, 4], [27, 4, 6], [23, 7, 11], [157, 5, 8], [24, 10, 16], [112, 3, 5], [58, 12, 20], [86, 15, 25], [1, 3, 5], [85, 9, 15], [420, 3, 5], [68, 3, 5], [133, 13, 22], [80, 11, 19], [82, 16, 28]], "matchups_jungle": [[28, 2, 2], [59, 1, 1], [104, 1, 1], [106, 1, 1], [121, 1, 1], [164, 1, 1], [245, 1, 1], [246, 1, 1], [421, 1, 1], [64, 3, 5], [62, 0, 1], [120, 0, 1]], "matchups_mid": [[136, 155, 283], [55, 998, 1824], [161, 537, 993], [10, 326, 603], [91, 600, 1118], [103, 1684, 3193], [131, 563, 1077], [101, 530, 1015], [245, 639, 1228], [105, 818, 1576], [4, 1003, 1934], [238, 1356, 2628], [115, 239, 464], [38, 768, 1496], [90, 731, 1425], [134, 1247, 2459], [99, 830, 1637], [34, 372, 737], [112, 635, 1260], [1, 510, 1013]], "matchups_adc": [[74, 4, 4], [518, 3, 4], [21, 9, 13], [15, 2, 3], [157, 5, 8], [222, 19, 31], [18, 12, 20], [498, 34, 61], [67, 20, 36], [22, 22, 40], [81, 36, 69], [236, 22, 43], [29, 2, 4], [45, 2, 4], [145, 51, 104], [119, 9, 19], [202, 14, 30], [51, 22, 52], [110, 1, 3], [96, 1, 4]], "matchups_support": [[50, 10, 11], [44, 4, 5], [518, 3, 4], [9, 8, 11], [53, 21, 30], [63, 7, 10], [111, 29, 42], [432, 6, 9], [412, 44, 71], [16, 11, 18], [12, 6, 10], [35, 3, 5], [79, 3, 5], [26, 3, 5], [89, 20, 34], [117, 23, 40], [161, 4, 7], [25, 23, 41], [267, 20, 36], [497, 24, 46]]}