{"primary_winrate_percent": 49.95474764591477, "matchups_top": 50.56980056980057, "matchups_jungle": 23.52941176470588, "matchups_mid": 49.95474764591477, "matchups_adc": 46.64107485604607, "matchups_support": 41.73913043478261, "roles": [5, 2, 4, 3, 1]}