{"primary_winrate_percent": 0.4995474764591477, "matchups_top": 0.5056980056980057, "matchups_jungle": 0.23529411764705882, "matchups_mid": 0.4995474764591477, "matchups_adc": 0.46641074856046066, "matchups_support": 0.41739130434782606, "roles": [5, 2, 4, 3, 1]}