{"primary_winrate_percent": 50.21512190241136, "winrate_top": 50.21512190241136, "winrate_jungle": 41.8848167539267, "winrate_mid": 49.447236180904525, "winrate_adc": 60.0, "winrate_support": 43.52823588205897, "roles": [4, 2, 5, 1, 3], "matchups_top": [[27, 158, 280], [10, 979, 1778], [107, 122, 223], [74, 94, 172], [157, 270, 496], [83, 150, 276], [85, 261, 491], [24, 492, 930], [98, 347, 657], [114, 729, 1387], [240, 325, 619], [82, 684, 1303], [164, 357, 691], [36, 96, 186], [17, 325, 634], [13, 344, 678], [31, 200, 396], [78, 174, 345], [68, 124, 246], [420, 250, 502]], "matchups_jungle": [[56, 14, 14], [76, 4, 4], [427, 4, 5], [11, 15, 21], [421, 7, 10], [20, 9, 13], [60, 15, 22], [245, 27, 40], [77, 2, 3], [24, 4, 6], [113, 2, 3], [120, 6, 9], [154, 10, 15], [164, 2, 3], [48, 2, 3], [141, 21, 32], [64, 45, 69], [79, 11, 17], [104, 9, 14], [2, 5, 8]], "matchups_mid": [[240, 7, 7], [518, 4, 5], [67, 4, 5], [236, 8, 11], [55, 17, 24], [101, 9, 13], [131, 8, 12], [45, 8, 12], [69, 10, 15], [99, 4, 6], [38, 10, 16], [134, 14, 23], [157, 33, 55], [3, 12, 20], [245, 10, 17], [103, 18, 31], [112, 12, 22], [105, 13, 24], [142, 7, 13], [4, 17, 32]], "matchups_adc": [[67, 3, 3], [51, 2, 3], [145, 5, 9], [22, 3, 7], [81, 5, 15], [96, 1, 3], [236, 4, 12], [222, 1, 5], [131, 0, 1], [202, 0, 1], [498, 0, 1]], "matchups_support": [[26, 24, 27], [50, 34, 50], [350, 33, 51], [201, 26, 41], [432, 24, 38], [25, 54, 88], [143, 22, 36], [43, 20, 33], [16, 23, 38], [412, 159, 275], [63, 19, 33], [53, 104, 182], [111, 126, 221], [161, 13, 23], [267, 42, 75], [117, 39, 70], [35, 10, 18], [89, 81, 146], [40, 37, 68], [37, 13, 24]]}