{"primary_winrate_percent": 0.5025740972273296, "matchups_top": 0.5025740972273296, "matchups_jungle": 0.42125237191650855, "matchups_mid": 0.48904267589388695, "matchups_adc": 0.5964912280701754, "matchups_support": 0.42967457253171537, "roles": [4, 2, 5, 1, 3]}