{"primary_winrate_percent": 50.25740972273296, "matchups_top": 50.25740972273296, "matchups_jungle": 42.125237191650854, "matchups_mid": 48.904267589388695, "matchups_adc": 59.64912280701754, "matchups_support": 42.96745725317154, "roles": [4, 2, 5, 1, 3]}