{"primary_winrate_percent": 50.9433520599251, "winrate_top": 50.9433520599251, "winrate_jungle": 46.96362960822359, "winrate_mid": 51.216142878287044, "winrate_adc": 54.166666666666664, "winrate_support": 48.18993888105312, "roles": [4, 1, 5, 2, 3], "matchups_top": [[57, 244, 425], [14, 240, 440], [107, 187, 346], [27, 191, 356], [6, 344, 646], [83, 241, 454], [240, 483, 912], [54, 471, 895], [98, 483, 925], [122, 1167, 2259], [516, 338, 660], [85, 334, 658], [10, 1362, 2685], [58, 972, 1917], [78, 231, 458], [114, 974, 1936], [23, 453, 901], [82, 867, 1729], [36, 132, 265], [17, 526, 1066]], "matchups_jungle": [[20, 237, 402], [36, 175, 297], [106, 135, 231], [30, 159, 279], [254, 407, 720], [120, 482, 853], [121, 861, 1532], [107, 311, 557], [19, 292, 525], [154, 348, 627], [163, 83, 150], [62, 69, 125], [35, 437, 796], [245, 793, 1445], [141, 814, 1497], [9, 87, 160], [54, 232, 427], [77, 126, 232], [29, 112, 210], [427, 76, 143]], "matchups_mid": [[54, 63, 106], [74, 72, 126], [245, 216, 390], [101, 138, 253], [90, 220, 404], [131, 192, 355], [10, 119, 221], [103, 439, 838], [1, 125, 239], [142, 200, 393], [112, 174, 342], [61, 269, 530], [161, 114, 225], [86, 64, 127], [246, 234, 466], [127, 136, 271], [82, 65, 130], [99, 187, 374], [4, 356, 713], [13, 394, 790]], "matchups_adc": [[45, 3, 4], [96, 2, 3], [15, 3, 5], [145, 44, 74], [119, 7, 12], [67, 15, 30], [157, 2, 4], [236, 19, 38], [22, 21, 47], [21, 8, 18], [498, 18, 42], [222, 11, 28], [81, 14, 39], [51, 15, 43], [18, 3, 9], [110, 1, 3], [134, 1, 3], [202, 6, 21]], "matchups_support": [[111, 100, 163], [12, 18, 30], [432, 22, 37], [54, 7, 12], [143, 28, 49], [16, 36, 64], [63, 24, 43], [99, 39, 70], [101, 16, 29], [9, 11, 20], [25, 39, 72], [412, 130, 246], [89, 74, 141], [40, 49, 95], [53, 70, 137], [201, 17, 34], [35, 9, 18], [497, 61, 122], [117, 56, 114], [50, 22, 45]]}