{"primary_winrate_percent": 50.843630274274986, "matchups_top": 50.843630274274986, "matchups_jungle": 46.961178045515396, "matchups_mid": 51.1248654467169, "matchups_adc": 54.187192118226605, "matchups_support": 47.922011287839915, "roles": [4, 1, 5, 2, 3]}