{"primary_winrate_percent": 0.5084363027427499, "matchups_top": 0.5084363027427499, "matchups_jungle": 0.46961178045515395, "matchups_mid": 0.511248654467169, "matchups_adc": 0.541871921182266, "matchups_support": 0.47922011287839916, "roles": [4, 1, 5, 2, 3]}