{"primary_winrate_percent": 0.4980427752879106, "matchups_top": 0.4980427752879106, "matchups_jungle": 0.4936758124148667, "matchups_mid": 0.5364705882352941, "matchups_adc": 0.37037037037037035, "matchups_support": 0.4566929133858268, "roles": [4, 1, 2, 5, 3]}