{"primary_winrate_percent": 49.804277528791054, "matchups_top": 49.804277528791054, "matchups_jungle": 49.36758124148667, "matchups_mid": 53.64705882352941, "matchups_adc": 37.03703703703704, "matchups_support": 45.66929133858268, "roles": [4, 1, 2, 5, 3]}