{"primary_winrate_percent": 49.826559668651306, "winrate_top": 49.826559668651306, "winrate_jungle": 49.40718456910281, "winrate_mid": 54.037267080745345, "winrate_adc": 41.37931034482759, "winrate_support": 45.03292298883481, "roles": [4, 1, 2, 5, 3], "matchups_top": [[27, 89, 154], [86, 509, 891], [67, 134, 235], [85, 151, 267], [10, 568, 1017], [41, 327, 589], [17, 168, 304], [98, 246, 454], [54, 179, 336], [82, 367, 689], [57, 94, 178], [8, 310, 589], [83, 91, 173], [133, 83, 158], [31, 109, 208], [122, 381, 736], [24, 412, 808], [6, 131, 257], [107, 106, 209], [68, 85, 168]], "matchups_jungle": [[77, 22, 34], [35, 98, 152], [106, 26, 42], [2, 66, 109], [80, 31, 54], [56, 63, 110], [421, 48, 84], [19, 67, 120], [20, 54, 97], [33, 36, 65], [141, 181, 337], [11, 91, 172], [254, 102, 194], [32, 42, 80], [102, 32, 61], [154, 114, 218], [427, 16, 31], [30, 34, 66], [36, 36, 71], [245, 153, 305]], "matchups_mid": [[555, 3, 3], [266, 4, 4], [99, 3, 3], [517, 3, 3], [1, 4, 5], [82, 3, 4], [69, 3, 4], [8, 8, 11], [92, 2, 3], [114, 2, 3], [101, 2, 3], [35, 2, 3], [105, 11, 17], [80, 10, 16], [142, 3, 5], [131, 9, 15], [238, 13, 22], [4, 8, 14], [91, 13, 25], [81, 2, 4]], "matchups_adc": [[21, 1, 1], [67, 1, 1], [96, 1, 1], [107, 1, 1], [119, 1, 1], [134, 1, 1], [498, 1, 1], [51, 2, 3], [145, 2, 3], [236, 4, 7], [22, 1, 2], [202, 1, 3], [18, 0, 1], [222, 0, 3]], "matchups_support": [[201, 34, 44], [161, 19, 29], [50, 44, 69], [37, 19, 30], [412, 258, 432], [111, 245, 412], [143, 26, 45], [25, 68, 118], [63, 23, 40], [99, 38, 67], [267, 69, 123], [53, 112, 200], [54, 10, 18], [35, 12, 22], [432, 34, 63], [89, 245, 454], [117, 69, 131], [497, 135, 257], [350, 48, 92], [40, 50, 96]]}