{"primary_winrate_percent": 47.07545682949667, "winrate_top": 48.73341375150784, "winrate_jungle": 33.81818181818182, "winrate_mid": 50.46200524065646, "winrate_adc": 45.3968253968254, "winrate_support": 47.07545682949667, "roles": [2, 5, 4, 1, 3], "matchups_top": [[18, 7, 10], [114, 43, 64], [78, 13, 20], [10, 66, 104], [8, 31, 49], [122, 45, 72], [516, 13, 21], [14, 13, 21], [133, 8, 13], [39, 33, 56], [150, 17, 30], [420, 9, 16], [31, 13, 24], [80, 22, 41], [6, 14, 27], [13, 20, 39], [98, 21, 41], [157, 22, 44], [92, 31, 62], [240, 14, 28]], "matchups_jungle": [[28, 3, 3], [80, 4, 4], [29, 2, 2], [203, 3, 3], [9, 3, 3], [2, 2, 2], [56, 8, 9], [11, 7, 8], [59, 12, 14], [24, 3, 4], [245, 12, 16], [32, 3, 4], [35, 8, 11], [121, 15, 22], [77, 2, 3], [107, 6, 9], [60, 6, 9], [113, 2, 3], [64, 29, 46], [421, 5, 8]], "matchups_mid": [[136, 30, 47], [266, 25, 40], [127, 53, 86], [45, 117, 200], [3, 53, 91], [86, 25, 43], [74, 25, 43], [55, 124, 215], [80, 55, 99], [90, 84, 152], [134, 99, 184], [10, 45, 84], [103, 169, 316], [105, 122, 233], [8, 135, 261], [61, 106, 207], [7, 108, 211], [517, 44, 86], [112, 71, 139], [131, 65, 128]], "matchups_adc": [[29, 3, 3], [110, 5, 5], [157, 5, 6], [22, 18, 27], [18, 9, 15], [67, 10, 17], [498, 16, 28], [145, 32, 59], [222, 9, 17], [81, 16, 31], [21, 3, 6], [236, 12, 24], [51, 14, 29], [119, 5, 11], [202, 9, 20], [45, 1, 3], [96, 2, 6], [429, 0, 2]], "matchups_support": [[35, 508, 898], [50, 1215, 2165], [40, 2538, 4552], [111, 5124, 9215], [267, 3114, 5650], [53, 4213, 7667], [497, 3718, 6799], [16, 1839, 3370], [26, 893, 1658], [25, 2695, 5015], [89, 4352, 8109], [44, 366, 684], [412, 8710, 16342], [432, 1114, 2097], [117, 3019, 5703], [63, 1160, 2194], [9, 808, 1532], [37, 628, 1200], [143, 1007, 1936], [101, 523, 1018]]}