{"primary_winrate_percent": 47.06749130421708, "matchups_top": 48.75239923224568, "matchups_jungle": 33.33333333333333, "matchups_mid": 50.460213776722085, "matchups_adc": 44.14715719063545, "matchups_support": 47.06749130421708, "roles": [2, 5, 4, 1, 3]}