{"primary_winrate_percent": 0.4706749130421708, "matchups_top": 0.4875239923224568, "matchups_jungle": 0.3333333333333333, "matchups_mid": 0.5046021377672208, "matchups_adc": 0.4414715719063545, "matchups_support": 0.4706749130421708, "roles": [2, 5, 4, 1, 3]}