{"primary_winrate_percent": 48.243760882182244, "winrate_top": 48.09559372666169, "winrate_jungle": 40.99504160013446, "winrate_mid": 48.243760882182244, "winrate_adc": 51.65562913907284, "winrate_support": 40.476190476190474, "roles": [5, 1, 4, 2, 3], "matchups_top": [[83, 22, 28], [14, 18, 27], [133, 18, 28], [6, 18, 28], [31, 19, 30], [75, 29, 48], [54, 20, 34], [8, 60, 102], [157, 47, 81], [17, 35, 61], [516, 20, 35], [74, 17, 30], [10, 112, 198], [240, 23, 41], [23, 28, 50], [126, 24, 43], [114, 61, 113], [86, 58, 108], [24, 39, 73], [58, 54, 102]], "matchups_jungle": [[102, 76, 109], [2, 125, 186], [29, 80, 124], [80, 91, 142], [33, 78, 122], [76, 136, 214], [106, 47, 74], [56, 186, 293], [24, 112, 177], [203, 88, 140], [5, 110, 176], [9, 56, 90], [107, 184, 297], [59, 363, 593], [77, 69, 113], [20, 108, 178], [32, 99, 164], [28, 207, 343], [427, 56, 93], [54, 126, 211]], "matchups_mid": [[90, 529, 898], [131, 542, 928], [86, 145, 249], [10, 281, 495], [245, 516, 920], [105, 746, 1348], [54, 152, 275], [8, 735, 1343], [55, 906, 1664], [69, 303, 559], [74, 145, 268], [161, 326, 604], [103, 1104, 2052], [127, 325, 606], [142, 531, 998], [58, 139, 262], [518, 241, 456], [91, 621, 1177], [1, 350, 669], [3, 239, 457]], "matchups_adc": [[119, 2, 2], [157, 1, 1], [161, 1, 1], [163, 1, 1], [202, 8, 10], [67, 3, 4], [18, 5, 7], [222, 6, 9], [22, 6, 10], [74, 1, 2], [81, 13, 26], [96, 1, 2], [21, 2, 5], [498, 4, 10], [145, 11, 29], [51, 5, 15], [236, 3, 13], [15, 0, 1], [29, 0, 1], [45, 0, 1]], "matchups_support": [[25, 6, 6], [35, 1, 1], [63, 1, 1], [432, 2, 2], [497, 13, 16], [89, 12, 15], [267, 4, 5], [9, 3, 4], [45, 3, 4], [143, 3, 4], [37, 2, 3], [43, 4, 6], [50, 4, 6], [101, 2, 3], [53, 3, 5], [555, 7, 12], [412, 10, 19], [12, 1, 2], [16, 1, 2], [40, 1, 2]]}