{"primary_winrate_percent": 48.28532933370618, "matchups_top": 48.52405984634048, "matchups_jungle": 41.02937164681277, "matchups_mid": 48.28532933370618, "matchups_adc": 52.63157894736842, "matchups_support": 41.61073825503356, "roles": [5, 1, 4, 2, 3]}