{"primary_winrate_percent": 0.4828532933370618, "matchups_top": 0.4852405984634048, "matchups_jungle": 0.4102937164681277, "matchups_mid": 0.4828532933370618, "matchups_adc": 0.5263157894736842, "matchups_support": 0.4161073825503356, "roles": [5, 1, 4, 2, 3]}