{"primary_winrate_percent": 52.081974342248316, "matchups_top": 52.081974342248316, "matchups_jungle": 42.94670846394985, "matchups_mid": 51.95195195195195, "matchups_adc": 48.135964912280706, "matchups_support": 32.0, "roles": [4, 3, 5, 1, 2]}