{"primary_winrate_percent": 0.5208197434224832, "matchups_top": 0.5208197434224832, "matchups_jungle": 0.42946708463949845, "matchups_mid": 0.5195195195195195, "matchups_adc": 0.48135964912280704, "matchups_support": 0.32, "roles": [4, 3, 5, 1, 2]}