{"primary_winrate_percent": 51.987047394760076, "winrate_top": 51.987047394760076, "winrate_jungle": 43.82022471910113, "winrate_mid": 51.9607843137255, "winrate_adc": 48.77800407331975, "winrate_support": 30.76923076923077, "roles": [4, 3, 5, 1, 2], "matchups_top": [[57, 103, 172], [516, 154, 274], [54, 231, 415], [112, 68, 123], [6, 139, 254], [107, 75, 138], [80, 220, 418], [164, 208, 400], [85, 219, 425], [27, 75, 146], [17, 291, 567], [82, 266, 519], [240, 157, 307], [14, 87, 171], [236, 86, 170], [68, 106, 212], [75, 170, 343], [10, 621, 1256], [39, 268, 543], [420, 112, 229]], "matchups_jungle": [[9, 4, 5], [19, 13, 17], [245, 30, 40], [33, 5, 7], [28, 11, 16], [120, 17, 25], [54, 12, 18], [79, 12, 18], [11, 20, 30], [121, 25, 38], [59, 28, 43], [2, 7, 11], [254, 12, 19], [106, 5, 8], [5, 8, 14], [60, 18, 33], [113, 6, 11], [36, 6, 11], [107, 12, 23], [64, 48, 92]], "matchups_mid": [[115, 7, 10], [245, 22, 32], [131, 16, 24], [136, 9, 14], [80, 15, 24], [34, 16, 26], [236, 6, 10], [238, 50, 84], [8, 35, 59], [10, 17, 29], [101, 15, 26], [112, 15, 27], [90, 20, 37], [126, 7, 13], [103, 37, 69], [86, 16, 30], [105, 25, 47], [69, 10, 19], [4, 33, 63], [18, 13, 25]], "matchups_adc": [[29, 7, 8], [96, 5, 6], [110, 6, 8], [202, 33, 54], [498, 58, 96], [157, 4, 7], [22, 45, 83], [51, 46, 86], [145, 97, 187], [222, 46, 92], [21, 10, 21], [236, 32, 69], [119, 19, 41], [18, 13, 29], [67, 30, 68], [81, 34, 83], [15, 6, 17], [134, 2, 7]], "matchups_support": [[1, 1, 1], [16, 1, 1], [25, 2, 2], [40, 1, 1], [53, 2, 2], [63, 1, 1], [79, 1, 1], [89, 2, 2], [99, 1, 1], [101, 1, 1], [267, 1, 1], [432, 1, 1], [555, 3, 5], [17, 0, 1], [37, 0, 1], [111, 0, 1], [117, 0, 2], [412, 0, 1]]}