{"primary_winrate_percent": 50.04538641785058, "matchups_top": 54.54545454545454, "matchups_jungle": 26.666666666666668, "matchups_mid": 52.04460966542751, "matchups_adc": 47.368421052631575, "matchups_support": 50.04538641785058, "roles": [2, 5, 4, 1, 3]}