{"primary_winrate_percent": 0.5004538641785058, "matchups_top": 0.5454545454545454, "matchups_jungle": 0.26666666666666666, "matchups_mid": 0.5204460966542751, "matchups_adc": 0.47368421052631576, "matchups_support": 0.5004538641785058, "roles": [2, 5, 4, 1, 3]}