{"primary_winrate_percent": 49.957539020176284, "lane_winrates": {"1": 27.77777777777778, "2": 49.957539020176284, "3": 48.0, "4": 51.81818181818182, "5": 52.52525252525253}, "roles": [2, 5, 4, 1, 3], "matchups": {"1": [[104, 0, 1, 2046, 1913, 0, 13, 0, 21, 1, 0, 0, -5, 0, -1747], [60, 0, 1, -1520, -103, 0, -32, 0, 3, 1, 0, 0, 10, 0, 6004], [427, 1, 2, 3584, 3379, 0, -4, 0, 85, 0, 0, 0, -11, 0, 6510], [79, 1, 2, 2840, 2398, 0, 2, 0, 66, 2, 0, 0, 0, 0, 8938], [59, 1, 2, 2001, 2253, 0, 13, 0, 9, -1, 0, 0, 3, 0, 1925], [11, 1, 2, 4781, 6039, 0, 14, 0, 87, 3, 0, 0, -32, 0, 12842], [245, 2, 3, 964, -495, 0, 9, 0, 1, 1, 0, 0, 15, 0, -3567], [141, 2, 3, 7203, 6919, 0, -3, 0, 108, 1, 0, 0, -9, 0, 15506], [64, 4, 6, 5715, 6619, 0, -50, 0, 146, 5, 0, 0, 6, 0, 14682], [254, 2, 2, 4764, 4833, 0, 18, 0, 54, 1, 0, 0, -10, 0, 18456], [121, 2, 2, 3266, 2500, 0, -5, 0, 72, 3, 0, 0, 3, 0, 11794], [120, 1, 1, -239, -665, 0, -1, 0, 0, 0, 0, 0, 12, 0, 4137], [107, 1, 1, 994, 636, 0, -3, 0, 24, -1, 0, 0, 7, 0, 502], [56, 2, 2, 3561, 4320, 0, 22, 0, 59, -1, 0, 0, -17, 0, 1926], [35, 4, 4, 4492, 7803, 0, -18, 0, 144, 6, 0, 0, -10, 0, 28945], [29, 1, 1, 1398, 1603, 0, 1, 0, 37, 2, 0, 0, 2, 0, 3842], [24, 1, 1, 3867, 4563, 0, 14, 0, 60, 2, 0, 0, -12, 0, 10447]], "2": [[141, 0, 1, -59, -1360, 0, 7, 0, 4, -2, 0, 0, 20, 0, -3333], [136, 0, 3, -718, 1484, 0, 39, 0, 0, 6, 0, 0, 21, 0, -8253], [420, 0, 2, -1145, -2202, 0, 29, 0, 4, 0, 0, 0, 31, 0, -10145], [8, 0, 2, 391, -1064, 0, 65, 0, 0, 1, 0, 0, 24, 0, -5308], [421, 0, 1, -284, -79, 0, 13, 0, 0, 0, 0, 0, 5, 0, -314], [126, 0, 1, -922, -962, 0, 19, 0, 0, 0, 0, 0, 17, 0, -6242], [104, 0, 3, -1774, -2839, 0, 71, 0, 0, 0, 0, 0, 54, 0, -9594], [119, 0, 1, -177, -405, 0, 17, 0, 0, 0, 0, 0, 12, 0, -463], [56, 0, 2, 283, -600, 0, 49, 0, 0, 1, 0, 0, 21, 0, 1134], [268, 0, 1, 679, -311, 0, 36, 0, 0, 0, 0, 0, 12, 0, -3730], [24, 0, 3, 1388, 2962, 0, 82, 0, 0, 1, 0, 0, 4, 0, 6463], [77, 0, 2, -3043, -4159, 0, 38, 0, 0, -2, 0, 0, 44, 0, -18597], [92, 0, 2, -2766, -2157, 0, 48, 0, 0, 1, 0, 0, 32, 0, -12370], [38, 0, 2, 339, -1557, 0, 20, 0, 0, -2, 0, 0, 30, 0, -13100], [246, 2, 17, 209, -3282, 0, 374, 0, 11, 5, 0, 0, 174, 0, -45862], [13, 1, 7, -7758, -5024, 0, 11, 0, 4, 1, 0, 0, 95, 0, -28969], [107, 2, 12, -2152, 4541, 0, 266, 0, 4, 3, 0, 0, 78, 0, 10614], [58, 1, 6, -3445, -6669, 0, 222, 0, 0, -1, 0, 0, 93, 0, -22572], [11, 2, 10, -3572, -2099, 0, 149, 0, 31, -5, 0, 0, 102, 0, -23257], [39, 1, 4, -815, 1277, 0, 187, 0, 2, -1, 0, 0, 18, 0, 10275], [254, 1, 4, -2840, -4692, 0, 86, 0, 19, 2, 0, 0, 54, 0, -16894], [20, 3, 12, -5896, -5907, 0, 177, 0, 36, 3, 0, 0, 159, 0, -39447], [55, 2, 8, 275, 2067, 0, 100, 0, 0, 10, 0, 0, 35, 0, -6241], [6, 1, 4, -500, -826, 0, 102, 0, 0, -1, 0, 0, 45, 0, -17059], [113, 2, 8, 1208, 95, 0, 164, 0, 4, 3, 0, 0, 64, 0, -17110], [62, 2, 7, 1416, 3146, 0, 179, 0, 0, -1, 0, 0, 62, 0, -2094], [236, 2, 7, -415, 4193, 0, 95, 0, 0, 2, 0, 0, 46, 0, -7004], [115, 13, 41, -591, 11005, 0, 456, 0, 16, 11, 0, 0, 348, 0, 9598], [68, 2, 6, -379, 858, 0, 9, 0, 0, 5, 0, 0, 52, 0, 6761], [145, 2, 6, -317, 4700, 0, 167, 0, 4, -5, 0, 0, 42, 0, 8093], [238, 4, 12, -2411, 1862, 0, 265, 0, 4, 8, 0, 0, 101, 0, -19328], [122, 3, 9, 2087, 852, 0, 338, 0, -4, 0, 0, 0, 88, 0, -18170], [69, 3, 9, -3817, -4069, 0, 70, 0, 4, -3, 0, 0, 100, 0, -10031], [222, 1, 3, 873, 2096, 0, 57, 0, 0, 0, 0, 0, 5, 0, 5765], [60, 4, 12, -124, 4107, 0, 43, 0, 1, 3, 0, 0, 93, 0, 17525], [19, 1, 3, -1387, -703, 0, 42, 0, 0, 1, 0, 0, 32, 0, -5523], [51, 1, 3, -4332, -2191, 0, 9, 0, 0, -1, 0, 0, 51, 0, 6098], [29, 1, 3, 1073, 2535, 0, 33, 0, 8, -1, 0, 0, 3, 0, 1399], [96, 1, 3, -680, 345, 0, 40, 0, 0, 2, 0, 0, 30, 0, -5259], [81, 18, 51, -3341, 23046, 0, 433, 0, 23, 1, 0, 0, 310, 0, -33632], [85, 5, 14, -1379, -5608, 0, 87, 0, 1, 1, 0, 0, 171, 0, -35109], [86, 31, 86, 13026, 53997, 0, 6046, 0, 5, 9, 0, 0, 361, 0, -76621], [31, 8, 22, -3430, -1464, 0, 318, 0, 29, 3, 0, 0, 223, 0, -2073], [427, 13, 35, -5492, -12870, 0, 36, 0, 48, -1, 0, 0, 447, 0, -67337], [90, 16, 43, -2126, 10853, 0, 281, 0, 8, 13, 0, 0, 334, 0, 33560], [82, 10, 26, -3854, -3547, 0, 407, 0, 8, 6, 0, 0, 267, 0, -16281], [76, 9, 23, -10406, -8579, 0, 123, 0, 11, 0, 0, 0, 324, 0, 19779], [84, 2, 5, -1147, -95, 0, 71, 0, 4, 2, 0, 0, 43, 0, -13600], [30, 7, 17, -7568, -2347, 0, 144, 0, 8, -1, 0, 0, 165, 0, -7158], [157, 5, 12, -1038, 6784, 0, 478, 0, 4, 7, 0, 0, 53, 0, 10447], [223, 97, 231, -26354, -58644, 0, 4370, 0, 13, 4, 0, 0, 2719, 0, -94281], [64, 14, 33, -5910, -5034, 0, 605, 0, 36, 12, 0, 0, 373, 0, -7375], [350, 1318, 3092, 178645, -268270, 0, -4577, 0, -138, 527, 0, 0, 32380, 0, -1968677], [105, 3, 7, 3390, 2787, 0, 173, 0, -3, 0, 0, 0, 50, 0, 2248], [59, 23, 52, 13589, 17810, 0, 363, 0, 63, 9, 0, 0, 393, 0, 73665], [41, 4, 9, -4447, -2172, 0, 125, 0, 3, 2, 0, 0, 99, 0, -1488], [74, 16, 36, 14196, 25464, 0, 819, 0, 12, 9, 0, 0, 178, 0, 73668], [164, 9, 20, -322, 2440, 0, 402, 0, 4, 4, 0, 0, 172, 0, 2608], [98, 171, 380, 59687, -43228, 0, 7433, 0, 14, 38, 0, 0, 4096, 0, -183670], [555, 3047, 6756, 680274, 2773058, 0, 92780, 0, 296, 2774, 0, 0, 42806, 0, 4519217], [12, 885, 1958, 9191, -430879, 0, 31426, 0, -44, 31, 0, 0, 22881, 0, -562861], [201, 885, 1936, -88971, -548754, 0, 33059, 0, -24, -115, 0, 0, 23672, 0, -816993], [45, 205, 442, 33659, 92405, 0, 2721, 0, 25, 149, 0, 0, 3588, 0, 5591], [61, 20, 43, 11718, 18633, 0, 332, 0, -4, 4, 0, 0, 278, 0, -35115], [516, 45, 96, 22371, 14486, 0, 2106, 0, 9, 23, 0, 0, 817, 0, 74187], [517, 8, 17, 10105, 11030, 0, 278, 0, -4, 7, 0, 0, 83, 0, 23928], [57, 110, 231, 35629, 39270, 0, 3606, 0, 9, 55, 0, 0, 1948, 0, 85923], [14, 33, 69, 11527, 16773, 0, 1556, 0, 20, 16, 0, 0, 564, 0, 63408], [21, 112, 234, 2894, 88820, 0, 2071, 0, 12, 0, 0, 0, 1591, 0, 61869], [9, 648, 1349, 110763, 373248, 0, 8756, 0, 265, 268, 0, 0, 10482, 0, 518052], [43, 1152, 2391, 127891, 423026, 0, 8194, 0, 209, 260, 0, 0, 20819, 0, 861823], [1, 150, 311, -20175, 22161, 0, 1549, 0, 16, 21, 0, 0, 2823, 0, -8079], [412, 6734, 13957, 866503, 2309051, 0, 7561, 0, -84, 1393, 0, 0, 122015, 0, 5081654], [78, 124, 257, 27447, 11136, 0, 4628, 0, 37, 77, 0, 0, 2446, 0, 76625], [161, 567, 1169, 151363, 415885, 0, 7983, 0, 148, 239, 0, 0, 8254, 0, 703151], [79, 134, 276, -10152, -6380, 0, 1723, 0, 41, 13, 0, 0, 2746, 0, 2297], [134, 18, 37, 4070, 27904, 0, 414, 0, 16, 5, 0, 0, 137, 0, 48149], [7, 20, 41, -3602, 17992, 0, 25, 0, 10, 11, 0, 0, 259, 0, 23143], [22, 53, 108, -8625, 15372, 0, 600, 0, 11, 12, 0, 0, 972, 0, 37142], [54, 299, 609, 50141, 22610, 0, 4552, 0, 41, 139, 0, 0, 5857, 0, -46237], [80, 58, 117, 27724, 40842, 0, 2176, 0, 17, 31, 0, 0, 892, 0, 140922], [50, 967, 1936, 275212, 800358, 0, 8708, 0, 55, 451, 0, 0, 12893, 0, 1391117], [34, 33, 66, 9095, 10676, 0, 365, 0, 23, 13, 0, 0, 538, 0, -16032], [36, 6, 12, 1019, -3878, 0, 400, 0, 8, -4, 0, 0, 157, 0, 6929], [150, 1, 2, 3208, 130, 0, 87, 0, 0, 1, 0, 0, 15, 0, -8377], [32, 7, 14, -3564, -5527, 0, 185, 0, 0, -4, 0, 0, 181, 0, -10899], [266, 2, 4, -2173, -3418, 0, 115, 0, 0, -1, 0, 0, 67, 0, 188], [72, 1, 2, 79, -1316, 0, 18, 0, 0, -2, 0, 0, 29, 0, -6833], [498, 1, 2, 2680, 2321, 0, 127, 0, 0, -2, 0, 0, 2, 0, 1544], [114, 1, 2, 410, -766, 0, 28, 0, 0, -1, 0, 0, 26, 0, 6911], [110, 1, 2, -3627, -1213, 0, 7, 0, 0, 1, 0, 0, 17, 0, -15681], [89, 3797, 7538, 1255193, 109963, 0, 131881, 0, 23, 665, 0, 0, 74806, 0, 4217350], [117, 3003, 5959, 352850, 334843, 0, 3432, 0, 33, 412, 0, 0, 56872, 0, 387962], [518, 170, 336, 52246, 111228, 0, 2141, 0, 92, 58, 0, 0, 2475, 0, 236849], [142, 40, 79, 5820, 36371, 0, 612, 0, 10, 31, 0, 0, 497, 0, 119390], [35, 439, 864, -22300, 129726, 0, 3237, 0, 289, 251, 0, 0, 7457, 0, 317294], [99, 1521, 2980, 346558, 900365, 0, 13448, 0, 369, 776, 0, 0, 22584, 0, 1823482], [44, 350, 684, 40129, -73237, 0, 11581, 0, 20, 23, 0, 0, 7370, 0, -64437], [143, 924, 1805, 207631, 741473, 0, 11864, 0, 431, 324, 0, 0, 12123, 0, 1386571], [53, 3402, 6628, 1114032, 280297, 0, 88795, 0, 99, 1383, 0, 0, 64371, 0, 