{"primary_winrate_percent": 50.034960960261046, "winrate_top": 50.0, "winrate_jungle": 27.27272727272727, "winrate_mid": 52.02702702702703, "winrate_adc": 47.82608695652174, "winrate_support": 50.034960960261046, "roles": [2, 5, 4, 1, 3], "matchups_top": [[246, 1, 1], [107, 1, 1], [29, 1, 1], [31, 2, 2], [2, 1, 1], [69, 1, 1], [76, 1, 1], [85, 1, 1], [36, 1, 1], [141, 1, 1], [164, 1, 1], [122, 6, 7], [24, 3, 4], [23, 2, 3], [80, 2, 3], [240, 2, 3], [86, 4, 6], [114, 4, 7], [157, 2, 4], [92, 2, 4]], "matchups_jungle": [[24, 1, 1], [29, 1, 1], [35, 4, 4], [56, 2, 2], [107, 1, 1], [120, 1, 1], [121, 2, 2], [141, 2, 2], [254, 2, 2], [64, 3, 5], [11, 1, 2], [59, 1, 2], [79, 1, 2], [245, 2, 4], [60, 0, 1], [104, 0, 1]], "matchups_mid": [[96, 2, 2], [268, 3, 3], [99, 8, 8], [161, 2, 2], [91, 4, 5], [55, 10, 13], [246, 8, 12], [18, 2, 3], [10, 4, 6], [34, 2, 3], [61, 5, 8], [7, 7, 12], [13, 5, 9], [90, 6, 11], [31, 1, 2], [74, 2, 4], [245, 2, 4], [69, 2, 4], [1, 3, 6], [518, 2, 4]], "matchups_adc": [[13, 1, 1], [21, 1, 1], [29, 1, 1], [110, 1, 1], [236, 2, 2], [498, 2, 2], [202, 1, 2], [222, 1, 2], [145, 2, 5], [18, 0, 1], [22, 0, 2], [67, 0, 1], [85, 0, 1], [119, 0, 1]], "matchups_support": [[432, 1145, 2079], [40, 2664, 4930], [16, 1624, 3026], [25, 2829, 5361], [37, 591, 1121], [267, 3215, 6116], [26, 840, 1602], [63, 1046, 2002], [101, 508, 978], [143, 954, 1840], [111, 4449, 8635], [53, 3381, 6593], [99, 1518, 2972], [44, 346, 678], [35, 437, 859], [117, 3038, 6022], [50, 961, 1915], [89, 3786, 7559], [161, 569, 1166], [54, 307, 630]]}