{"primary_winrate_percent": 48.85303655070259, "winrate_top": 44.83394833948339, "winrate_jungle": 48.85303655070259, "winrate_mid": 29.761904761904763, "winrate_adc": 41.17647058823529, "winrate_support": 38.7434554973822, "roles": [1, 4, 2, 5, 3], "matchups_top": [[31, 3, 3], [67, 7, 7], [8, 9, 11], [14, 4, 5], [74, 4, 5], [82, 11, 15], [57, 5, 7], [80, 7, 10], [516, 2, 3], [86, 16, 24], [85, 4, 6], [420, 6, 9], [17, 6, 9], [517, 2, 3], [164, 10, 15], [11, 2, 3], [24, 18, 28], [75, 5, 8], [84, 6, 10], [150, 3, 5]], "matchups_jungle": [[20, 230, 399], [36, 206, 366], [30, 177, 322], [254, 375, 686], [35, 409, 749], [48, 83, 152], [427, 74, 137], [120, 459, 850], [106, 118, 219], [121, 865, 1610], [102, 149, 278], [19, 275, 514], [5, 190, 356], [141, 804, 1509], [154, 347, 657], [2, 249, 472], [59, 564, 1073], [56, 304, 580], [163, 87, 166], [32, 224, 430]], "matchups_mid": [[1, 1, 1], [7, 2, 2], [8, 1, 1], [18, 1, 1], [25, 1, 1], [38, 2, 2], [42, 1, 1], [61, 2, 2], [62, 1, 1], [80, 1, 1], [90, 2, 2], [92, 2, 2], [99, 2, 2], [103, 3, 3], [119, 2, 2], [126, 1, 1], [133, 2, 2], [136, 1, 1], [240, 1, 1], [245, 1, 1]], "matchups_adc": [[119, 1, 1], [202, 1, 1], [222, 1, 1], [236, 2, 2], [498, 1, 1], [145, 2, 3], [81, 1, 2], [18, 1, 3], [26, 0, 1], [51, 0, 1], [429, 0, 1]], "matchups_support": [[114, 1, 1], [31, 1, 1], [9, 2, 2], [45, 1, 1], [518, 1, 1], [44, 2, 2], [26, 5, 5], [48, 2, 2], [99, 3, 4], [25, 3, 4], [555, 13, 18], [40, 5, 7], [267, 7, 10], [21, 2, 3], [412, 12, 18], [432, 4, 6], [53, 11, 17], [12, 3, 5], [35, 3, 5], [111, 12, 20]]}