{"primary_winrate_percent": 48.98263427213022, "lane_winrates": {"1": 48.98263427213022, "2": 36.36363636363637, "3": 43.75, "4": 45.55555555555556, "5": 27.586206896551722}, "roles": [1, 4, 2, 5, 3], "matchups": {"1": [[39, 0, 3, 1809, 866, 0, 36, 0, 8, 0, 0, 0, 25, 0, -13236], [236, 0, 1, 195, 1328, 0, 12, 0, 24, 0, 0, 0, -1, 0, 1300], [83, 0, 1, -1850, -1089, 0, 6, 0, -10, -1, 0, 0, 19, 0, -2846], [34, 0, 1, -1822, -2773, 0, -3, 0, -64, 0, 0, 0, 27, 0, -7914], [238, 0, 2, 1193, 1080, 0, 15, 0, 19, 2, 0, 0, 10, 0, -3444], [13, 0, 1, -926, -1609, 0, 6, 0, 12, -2, 0, 0, 23, 0, -5144], [1, 0, 4, -5368, -4513, 0, -16, 0, -49, -3, 0, 0, 68, 0, -8876], [267, 0, 1, -1239, -1771, 0, 6, 0, -60, 1, 0, 0, 17, 0, -11106], [84, 0, 2, -1492, -936, 0, -3, 0, -28, -4, 0, 0, 20, 0, -5007], [222, 0, 2, 254, 98, 0, 22, 0, -14, -1, 0, 0, 20, 0, -20073], [119, 0, 1, -884, -392, 0, 12, 0, -8, 0, 0, 0, 13, 0, -8137], [45, 0, 1, 1686, 1060, 0, 7, 0, 24, 1, 0, 0, 2, 0, -4933], [432, 0, 1, 119, -93, 0, -2, 0, -32, 0, 0, 0, 12, 0, -1287], [555, 0, 1, -907, -261, 0, 5, 0, -16, 0, 0, 0, 16, 0, 1428], [240, 0, 3, -1103, -2385, 0, 5, 0, -8, -1, 0, 0, 47, 0, -1515], [114, 0, 1, 2212, 1664, 0, 30, 0, 4, 1, 0, 0, -5, 0, -3702], [21, 0, 1, -173, -331, 0, 11, 0, -3, 0, 0, 0, 11, 0, -836], [27, 0, 3, -3970, -3362, 0, 15, 0, -85, -1, 0, 0, 56, 0, -24280], [90, 0, 1, -2006, -2020, 0, 0, 0, -29, 0, 0, 0, 23, 0, -9000], [58, 0, 1, -1108, -680, 0, 0, 0, -8, 0, 0, 0, 16, 0, -358], [53, 0, 1, -3082, -3215, 0, -8, 0, -67, -1, 0, 0, 26, 0, -8966], [223, 0, 3, 2379, 2300, 0, -3, 0, 36, -1, 0, 0, 14, 0, -6181], [12, 0, 2, -1544, -1536, 0, 0, 0, -30, -2, 0, 0, 31, 0, 3148], [18, 1, 5, -734, 2572, 0, 36, 0, -45, -2, 0, 0, 26, 0, -6271], [17, 2, 9, -1689, -2187, 0, -46, 0, 5, -5, 0, 0, 111, 0, -14791], [145, 3, 11, -1333, -2801, 0, 1, 0, 54, -1, 0, 0, 148, 0, 1511], [81, 2, 7, 969, 2845, 0, -7, 0, 30, 0, 0, 0, 32, 0, -19995], [86, 8, 27, 12811, 10363, 0, 51, 0, 202, 12, 0, 0, 173, 0, -15557], [517, 34, 104, 22693, 40158, 0, 269, 0, 100, 43, 0, 0, 718, 0, -16201], [202, 1, 3, 3678, 1069, 0, 21, 0, 48, 1, 0, 0, 30, 0, 853], [91, 2, 6, 740, 3295, 0, 40, 0, -17, 1, 0, 0, 38, 0, 3614], [133, 2, 6, -4077, -2884, 0, -26, 0, -35, 1, 0, 0, 79, 0, -11854], [96, 2, 6, 4917, 5441, 0, 2, 0, 70, 3, 0, 0, 7, 0, -6092], [92, 8, 24, 9851, 9915, 0, 42, 0, 226, 9, 0, 0, 204, 0, 16070], [246, 43, 122, -8708, -9945, 0, -20, 0, -91, -12, 0, 0, 1296, 0, -104216], [157, 3, 8, 5483, 5555, 0, 62, 0, 75, 2, 0, 0, 27, 0, 769], [23, 11, 29, 10632, 5969, 0, 14, 0, 414, 0, 0, 0, 254, 0, -24441], [57, 16, 41, 4270, 9457, 0, -3, 0, 101, 3, 0, 0, 350, 0, -14072], [113, 84, 208, 12299, 843, 0, 66, 0, 658, -11, 0, 0, 2047, 0, -82716], [31, 13, 32, 13592, 9655, 0, 67, 0, 233, 10, 0, 0, 241, 0, -54806], [75, 6, 14, 7219, -1542, 0, 13, 0, 205, -5, 0, 0, 137, 0, -28667], [111, 7, 16, 584, 5243, 0, 11, 0, -53, 8, 0, 0, 132, 0, 16965], [203, 118, 268, 81777, 133102, 0, 113, 0, 2101, 36, 0, 0, 1661, 0, 174435], [9, 69, 154, 15722, 25779, 0, 287, 0, 579, 33, 0, 0, 1264, 0, 21634], [78, 32, 71, 16794, 29089, 0, -84, 0, 377, 23, 0, 0, 479, 0, 67931], [29, 101, 223, 27772, 88920, 0, 833, 0, -913, -23, 0, 0, 1498, 0, 35167], [80, 124, 270, 47023, 138190, 0, 131, 0, 201, 80, 0, 0, 1641, 0, 204318], [421, 146, 315, 139605, 212791, 0, 178, 0, 1822, 123, 0, 0, 1419, 0, 182147], [98, 9, 19, -5501, -4632, 0, -29, 0, -30, -1, 0, 0, 232, 0, -11017], [72, 51, 107, 40530, 34901, 0, -57, 0, 1267, 36, 0, 0, 790, 0, 43654], [107, 270, 565, 284893, 336125, 0, 1207, 0, 6347, 60, 0, 0, 2710, 0, 131972], [54, 212, 439, 56798, 45267, 0, -148, 0, 1765, 32, 0, 0, 3965, 0, -84136], [64, 1478, 3043, 983991, 1590547, 0, 202, 0, 18997, 704, 0, 0, 17977, 0, 2395306], [266, 19, 39, 9818, 20406, 0, 51, 0, 269, 12, 0, 0, 210, 0, 25560], [131, 29, 59, 23435, 16752, 0, 173, 0, 579, 15, 0, 0, 448, 0, -51301], [62, 64, 130, -1267, 6541, 0, 10, 0, 424, -6, 0, 0, 1204, 0, -29792], [24, 238, 483, 143128, 194269, 0, -247, 0, 4860, 123, 0, 0, 3253, 0, 64113], [60, 456, 924, 157775, 315757, 0, -378, 0, 2458, 313, 0, 0, 6666, 0, 642627], [28, 302, 608, 236421, 202393, 0, -1386, 0, 4927, 123, 0, 0, 4334, 0, 96603], [105, 5, 10, -1634, -871, 0, 20, 0, 24, -2, 0, 0, 98, 0, 3087], [164, 30, 60, 1870, 19266, 0, -29, 0, -29, 18, 0, 0, 455, 0, -21657], [63, 2, 4, 707, 434, 0, 34, 0, -75, 1, 0, 0, 44, 0, 4044], [25, 1, 2, -825, -244, 0, 0, 0, -16, 0, 0, 0, 19, 0, -3412], [518, 1, 2, 2802, 1969, 0, 23, 0, 31, -1, 0, 0, 4, 0, 8748], [6, 3, 6, -2132, -1689, 0, -6, 0, 71, -2, 0, 0, 65, 0, -14141], [43, 1, 2, -1931, -1802, 0, -10, 0, -55, -1, 0, 0, 34, 0, -2659], [10, 2, 4, 3110, 2285, 0, 43, 0, 68, 3, 0, 0, 7, 0, 696], [89, 1, 2, -271, -7, 0, -17, 0, 26, 1, 0, 0, 19, 0, 10299], [516, 5, 10, 4887, 4540, 0, 24, 0, 101, 2, 0, 0, 62, 0, -8727], [104, 211, 420, 260995, 308269, 0, 2342, 0, 4652, 95, 0, 0, 1726, 0, 285133], [77, 121, 240, 120527, 138508, 0, 48, 0, 3417, 76, 0, 0, 1235, 0, 131827], [154, 336, 654, 188405, 89013, 0, 837, 0, 247, 95, 0, 0, 5847, 0, 426769], [79, 314, 608, 126890, 136294, 0, -210, 0, 3211, 129, 0, 0, 5102, 0, 406924], [245, 654, 1263, 497117, 648735, 0, 3530, 0, 6572, 516, 0, 0, 7262, 0, 938731], [59, 559, 1076, 320805, 489315, 0, 1050, 0, 5377, 150, 0, 0, 6971, 0, 995060], [5, 186, 358, 88034, 157716, 0, 109, 0, 2170, 28, 0, 0, 2450, 0, 317816], [19, 269, 516, 216462, 363848, 0, 433, 0, 4084, 232, 0, 0, 2369, 0, 623115], [2, 242, 464, 284468, 371486, 0, 1149, 0, 5846, 224, 0, 0, 1566, 0, 353601], [11, 986, 1889, 952554, 1248975, 0, 4245, 0, 22742, 526, 0, 0, 8566, 0, 778419], [76, 173, 330, 231776, 253396, 0, 248, 0, 4948, 125, 0, 0, 1448, 0, 362350], [163, 87, 165, 70441, 76031, 0, 414, 0, 750, 55, 0, 0, 1019, 0, 135960], [56, 303, 574, 376516, 420634, 0, 1504, 0, 6497, 106, 0, 0, 2437, 0, 540389], [102, 145, 273, 169467, 137416, 0, 653, 0, 4310, 55, 0, 0, 1522, 0, 31239], [32, 231, 433, 140196, 100182, 0, 614, 0, 3387, 72, 0, 0, 3497, 0, 32913], [141, 793, 1482, 583680, 667648, 0, 1835, 0, 13707, 321, 0, 0, 9263, 0, 585097], [121, 852, 1590, 596728, 790236, 0, -836, 0, 13890, 580, 0, 0, 9457, 0, 1125077], [427, 74, 137, 46826, 15729, 0, -426, 0, 1147, -1, 0, 0, 1249, 0, 55389], [254, 373, 689, 323618, 326002, 0, -71, 0, 7549, 76, 0, 0, 4360, 0, 711026], [82, 13, 24, 20467, 18515, 0, 43, 0, 390, 27, 0, 0, 74, 0, 34282], [106, 115, 211, 66446, 108197, 0, 444, 0, 1060, 120, 0, 0, 1212, 0, 296762], [120, 460, 840, 466046, 593916, 0, 1513, 0, 8862, 214, 0, 0, 3524, 0, 865645], [35, 413, 754, 228631, 424341, 0, 416, 0, 1168, 371, 0, 0, 3974, 0, 542667], [48, 84, 152, 50204, 77626, 0, 175, 0, 1109, 65, 0, 0, 919, 0, 181605], [30, 179, 322, 322045, 301595, 0, 1314, 0, 6268, 122, 0, 0, 795, 0, 293782], [36, 201, 355, 256745, 254841, 0, 1105, 0, 5796, 115, 0, 0, 1446, 0, 60357], [20, 230, 405, 107550, 96859, 0, 811, 0, 1822, 45, 0, 0, 3252, 0, 352889], [14, 8, 14, 1266, 1375, 0, 105, 0, -49, 6, 0, 0, 116, 0, 2153], [4, 4, 7, -3365, -3622, 0, -28, 0, -9, -2, 0, 0, 88, 0, 6767], [68, 8, 13, 6461, 6852, 0, 71, 0, 129, 0, 0, 0, 52, 0, 8451], [67, 8, 11, 6310, 10272, 0, 23, 0, 98, 10, 0, 0, 13, 0, 23726], [136, 3, 4, 4183, 2227, 0, 34, 0, 20, 3, 0, 0, 27, 0, 10047], [44, 3, 4, -97, 772, 0, -2, 0, -2, 2, 0, 0, 31, 0, 111], [143, 1, 1, 193, 359, 0, 3, 0, -10, 2, 0, 0, 2, 0, -1885], [69, 1, 1, 841, 1369, 0, -3, 0, 23, 1, 0, 0, -1, 0, 3516], [126, 1, 1, -415, 43, 0, 12, 0, -8, 0, 0, 0, 9, 0, 7475], [3, 1, 1, 1252, 615, 0, 0, 0, 20, -1, 0, 0, 6, 0, 7099], [55, 1, 1, -421, 64, 0, 4, 0, 2, -1, 0, 0, 10, 0, -2493], [74, 1, 1, 145, 1317, 0, -16, 0, 39, 1, 0, 0, 4, 0, 9811], [38, 1, 1, 238, -165, 0, -1, 0, 22, 0, 0, 0, 7, 0, -2032]],