{"primary_winrate_percent": 0.48737198403055026, "matchups_top": 0.4482758620689655, "matchups_jungle": 0.48737198403055026, "matchups_mid": 0.31645569620253167, "matchups_adc": 0.3333333333333333, "matchups_support": 0.4046242774566474, "roles": [1, 4, 2, 5, 3]}