{"primary_winrate_percent": 48.737198403055025, "matchups_top": 44.827586206896555, "matchups_jungle": 48.737198403055025, "matchups_mid": 31.645569620253166, "matchups_adc": 33.33333333333333, "matchups_support": 40.46242774566474, "roles": [1, 4, 2, 5, 3]}