{"primary_winrate_percent": 49.89133387666395, "matchups_top": 50.349650349650354, "matchups_jungle": 49.89133387666395, "matchups_mid": 45.45454545454545, "matchups_adc": 33.33333333333333, "matchups_support": 25.0, "roles": [1, 4, 5, 2, 3]}