{"primary_winrate_percent": 50.00620270437911, "winrate_top": 51.28205128205128, "winrate_jungle": 50.00620270437911, "winrate_mid": 47.82608695652174, "winrate_adc": 33.33333333333333, "winrate_support": 25.0, "roles": [1, 4, 5, 2, 3], "matchups_top": [[516, 6, 6], [58, 6, 6], [90, 1, 1], [6, 1, 1], [45, 1, 1], [518, 1, 1], [36, 2, 2], [111, 2, 2], [83, 2, 2], [62, 1, 1], [114, 5, 6], [157, 3, 4], [14, 3, 4], [8, 3, 5], [84, 4, 7], [10, 5, 9], [122, 5, 9], [126, 1, 2], [150, 1, 2], [85, 1, 2]], "matchups_jungle": [[30, 294, 525], [24, 227, 415], [35, 513, 948], [19, 332, 618], [5, 280, 523], [56, 351, 656], [203, 225, 422], [2, 327, 615], [154, 470, 888], [104, 351, 665], [77, 149, 285], [36, 228, 437], [106, 115, 221], [245, 934, 1801], [120, 547, 1058], [32, 215, 416], [102, 141, 273], [121, 1128, 2185], [33, 164, 319], [60, 720, 1406]], "matchups_mid": [[3, 1, 1], [18, 1, 1], [45, 1, 1], [74, 1, 1], [86, 1, 1], [103, 1, 1], [134, 1, 1], [238, 2, 2], [157, 2, 4], [38, 1, 3], [7, 0, 1], [23, 0, 1], [25, 0, 1], [81, 0, 2], [131, 0, 1], [517, 0, 1]], "matchups_adc": [[22, 1, 1], [29, 1, 1], [96, 0, 1]], "matchups_support": [[117, 1, 1], [163, 1, 1], [412, 1, 1], [432, 1, 1], [497, 1, 1], [555, 3, 4], [89, 1, 2], [350, 0, 1]]}