{"primary_winrate_percent": 0.4989133387666395, "matchups_top": 0.5034965034965035, "matchups_jungle": 0.4989133387666395, "matchups_mid": 0.45454545454545453, "matchups_adc": 0.3333333333333333, "matchups_support": 0.25, "roles": [1, 4, 5, 2, 3]}