{"primary_winrate_percent": 49.9362502721025, "lane_winrates": {"1": 49.9362502721025, "2": 30.76923076923077, "3": 33.33333333333333, "4": 52.22929936305732, "5": 40.909090909090914}, "roles": [1, 4, 5, 2, 3], "matchups": {"1": [[39, 0, 2, -3484, -2603, 0, 9, 0, -59, -2, 0, 0, 41, 0, -7049], [238, 0, 3, -2916, -2779, 0, -20, 0, -31, 0, 0, 0, 49, 0, -13495], [8, 0, 1, 28, -352, 0, 0, 0, 11, 0, 0, 0, 14, 0, 3567], [222, 0, 1, -1927, -2733, 0, 0, 0, -16, -2, 0, 0, 22, 0, -10814], [45, 0, 2, -3514, -5410, 0, 58, 0, -152, -2, 0, 0, 52, 0, -20102], [201, 0, 1, 712, 49, 0, 4, 0, -27, 0, 0, 0, 12, 0, -3701], [350, 0, 1, -3318, -3366, 0, 2, 0, -101, 0, 0, 0, 27, 0, -11075], [61, 0, 1, -3582, -2115, 0, -5, 0, -61, 0, 0, 0, 27, 0, -3013], [21, 0, 1, -1688, -1657, 0, -1, 0, 0, 0, 0, 0, 21, 0, -985], [90, 0, 1, -1718, -2095, 0, 5, 0, -52, -2, 0, 0, 28, 0, -6176], [223, 0, 1, -1379, -913, 0, -2, 0, -12, 2, 0, 0, 16, 0, -4345], [105, 1, 11, -3507, -5192, 0, 25, 0, -132, -4, 0, 0, 151, 0, -9329], [89, 1, 8, -6037, -10835, 0, 11, 0, -142, -8, 0, 0, 177, 0, -18275], [18, 1, 6, -3537, -5903, 0, -8, 0, 32, -2, 0, 0, 106, 0, -18658], [63, 2, 11, 386, -3881, 0, 87, 0, -59, -2, 0, 0, 114, 0, -28809], [27, 1, 4, 984, 1383, 0, 88, 0, -48, 3, 0, 0, 37, 0, -19214], [4, 1, 4, -4158, -3585, 0, -25, 0, -49, -7, 0, 0, 58, 0, -5949], [98, 3, 11, -3850, -8831, 0, -33, 0, 5, 1, 0, 0, 180, 0, -29167], [75, 2, 7, -1198, -5338, 0, 19, 0, -29, -7, 0, 0, 105, 0, -23570], [68, 11, 34, -13272, -18477, 0, 170, 0, -63, -11, 0, 0, 460, 0, -53537], [266, 11, 34, -3365, -7745, 0, -14, 0, 113, 6, 0, 0, 371, 0, -38085], [131, 20, 61, 24884, -10566, 0, 132, 0, 372, -11, 0, 0, 735, 0, -72653], [1, 1, 3, -3908, -2784, 0, -7, 0, -61, 1, 0, 0, 45, 0, -10248], [22, 1, 3, -1021, -3833, 0, -19, 0, -7, -4, 0, 0, 51, 0, -14402], [117, 1, 3, -632, -184, 0, 13, 0, -78, -2, 0, 0, 38, 0, -5943], [145, 8, 22, 181, -1735, 0, 152, 0, 102, 1, 0, 0, 233, 0, -42709], [17, 4, 11, -6670, -13408, 0, 55, 0, -84, -3, 0, 0, 192, 0, -49036], [67, 4, 11, -6763, -6065, 0, -1, 0, -70, -3, 0, 0, 169, 0, 3141], [157, 4, 11, 1461, -8098, 0, 175, 0, -30, -9, 0, 0, 170, 0, -12556], [240, 3, 8, -4454, -5074, 0, 12, 0, -91, -3, 0, 0, 125, 0, -8860], [516, 3, 8, -748, -3823, 0, 33, 0, -9, -4, 0, 0, 103, 0, -16944], [113, 73, 192, -64539, -120729, 0, 284, 0, -843, -67, 0, 0, 2853, 0, -383918], [236, 2, 5, -268, 770, 0, 11, 0, -8, 0, 0, 0, 23, 0, -9394], [517, 36, 90, -46404, -56595, 0, 92, 0, -559, -34, 0, 0, 1334, 0, -63760], [86, 13, 32, -19728, -27191, 0, 77, 0, -169, -3, 0, 0, 528, 0, -53793], [92, 9, 22, -1707, -8691, 0, 86, 0, 34, 10, 0, 0, 254, 0, -17051], [78, 36, 86, -13585, -28777, 0, 2, 0, -49, -19, 0, 0, 1114, 0, -50954], [29, 92, 217, -111669, -98485, 0, 950, 0, -3172, -82, 0, 0, 2885, 0, -297468], [9, 97, 225, -41954, -87275, 0, 823, 0, -880, -31, 0, 0, 2901, 0, -252555], [164, 36, 82, -41398, -44291, 0, -31, 0, -652, -31, 0, 0, 1173, 0, -99762], [81, 4, 9, -5005, -4499, 0, 10, 0, -84, -3, 0, 0, 142, 0, 1349], [246, 86, 192, -70498, -104745, 0, -95, 0, -930, -67, 0, 0, 2654, 0, -188150], [72, 53, 116, -10179, -54963, 0, 31, 0, 531, -30, 0, 0, 1583, 0, -149380], [48, 44, 96, -9637, -12966, 0, 223, 0, 192, -1, 0, 0, 1099, 0, -40175], [111, 11, 24, -18185, -22239, 0, 73, 0, -314, -12, 0, 0, 415, 0, -17728], [79, 399, 865, -273697, -489851, 0, -139, 0, -2814, -156, 0, 0, 12625, 0, -759475], [107, 367, 780, 87143, -24634, 0, 1878, 0, 3623, 61, 0, 0, 7761, 0, -575946], [64, 2635, 5596, -957098, -958528, 0, 2916, 0, -10674, -484, 0, 0, 62707, 0, -2720694], [31, 17, 36, 4234, -3367, 0, 141, 0, -12, 2, 0, 0, 380, 0, -8513], [28, 385, 812, -9665, -229426, 0, -1000, 0, 1158, -133, 0, 0, 9762, 0, -599330], [59, 779, 1600, -391838, -469071, 0, 1935, 0, -4749, -383, 0, 0, 19415, 0, -434785], [54, 190, 388, -145179, -231949, 0, 146, 0, -1671, -36, 0, 0, 5595, 0, -572324], [62, 58, 116, -45491, -60076, 0, 81, 0, -394, -28, 0, 0, 1551, 0, -111187], [83, 1, 2, 1091, 1095, 0, 9, 0, 41, 0, 0, 0, 10, 0, 1822], [122, 1, 2, -1143, -1568, 0, -10, 0, -13, -2, 0, 0, 38, 0, 2883], [44, 3, 6, -5451, -4846, 0, -1, 0, -41, -4, 0, 0, 77, 0, -15056], [518, 1, 2, -1438, -2887, 0, 5, 0, -12, 2, 0, 0, 42, 0, -6680], [3, 1, 2, -1971, -2413, 0, 5, 0, 20, -3, 0, 0, 39, 0, -10156], [82, 9, 18, -5677, -10848, 0, 63, 0, -39, -1, 0, 0, 228, 0, -40376], [133, 2, 4, 972, 1178, 0, 19, 0, -47, 1, 0, 0, 22, 0, 11625], [10, 3, 6, -1286, -4425, 0, -3, 0, -21, -1, 0, 0, 77, 0, 2020], [14, 2, 4, 1198, -523, 0, 55, 0, 13, -1, 0, 0, 54, 0, 1647], [114, 1, 2, 1464, -109, 0, 16, 0, -7, 1, 0, 0, 20, 0, 1657], [96, 2, 4, -988, -2090, 0, 10, 0, -25, -3, 0, 0, 56, 0, -544], [58, 1, 2, -2035, -805, 0, 7, 0, 9, 0, 0, 0, 25, 0, -4272], [20, 261, 521, -138815, -274908, 0, 1038, 0, -1737, -151, 0, 0, 7259, 0, -417410], [163, 155, 309, 21269, -41076, 0, 1045, 0, -454, 46, 0, 0, 3383, 0, -65052], [80, 177, 352, -43068, 4203, 0, 683, 0, -1394, 32, 0, 0, 3483, 0, 43262], [102, 132, 261, 69082, -9731, 0, 1021, 0, 2341, -4, 0, 0, 2585, 0, -159587], [254, 411, 811, -27284, -218162, 0, 478, 0, 2783, -212, 0, 0, 9776, 0, -197312], [60, 697, 1372, -437104, -462732, 0, -706, 0, -7210, -16, 0, 0, 17331, 0, -228350], [141, 883, 1736, -221524, -524056, 0, 2259, 0, 4429, -414, 0, 0, 21103, 0, -1733528], [76, 339, 666, 194588, 100035, 0, 785, 0, 5222, 8, 0, 0, 5770, 0, 105504], [11, 507, 995, 11735, -28234, 0, 2596, 0, 4932, -84, 0, 0, 9746, 0, -724797], [33, 163, 317, -155991, -235788, 0, -205, 0, -2142, -136, 0, 0, 5031, 0, -219012], [106, 116, 225, -59632, -66355, 0, 457, 0, -867, 19, 0, 0, 2730, 0, -208509], [5, 274, 531, -99763, -111041, 0, 281, 0, -833, -27, 0, 0, 6323, 0, 66016], [36, 224, 431, 61758, -40895, 0, 1055, 0, 3910, -74, 0, 0, 4520, 0, -319813], [121, 1132, 2176, -182592, -321698, 0, -799, 0, 2009, 500, 0, 0, 23588, 0, -917920], [245, 936, 1798, -100132, -301920, 0, 5369, 0, -3007, 156, 0, 0, 19697, 0, -1170398], [120, 549, 1052, 137062, 93818, 0, 2390, 0, 3934, -31, 0, 0, 9581, 0, -216008], [154, 478, 908, -186497, -525329, 0, 1120, 0, -6117, -89, 0, 0, 13178, 0, -693808], [32, 221, 419, -39696, -183153, 0, 373, 0, 990, -156, 0, 0, 5605, 0, -258939], [57, 25, 47, -20973, -29869, 0, 114, 0, -275, -7, 0, 0, 715, 0, -6328], [427, 87, 163, -41406, -120969, 0, -542, 0, -193, -53, 0, 0, 2589, 0, -161962], [104, 351, 657, 192161, 151771, 0, 3558, 0, 4640, 36, 0, 0, 5260, 0, 22548], [77, 146, 273, 23476, -18470, 0, 143, 0, 2260, -22, 0, 0, 2811, 0, -21644], [203, 224, 417, -9676, 12427, 0, 598, 0, 779, -35, 0, 0, 3968, 0, -5211], [19, 335, 622, -22663, -10052, 0, 599, 0, 568, 40, 0, 0, 6265, 0, -39761], [35, 502, 932, -131874, -116247, 0, 892, 0, -3582, 168, 0, 0, 10246, 0, -178199], [56, 353, 653, 113120, 27099, 0, 1607, 0, 3275, 34, 0, 0, 6089, 0, -98165], [2, 333, 610, 49959, 51223, 0, 1701, 0, 3170, 12, 0, 0, 5578, 0, -13508], [24, 225, 409, -52938, -119798, 0, 252, 0, 945, -47, 0, 0, 4900, 0, -245525], [555, 5, 9, -10205, -5907, 0, 44, 0, -216, -3, 0, 0, 143, 0, -7054], [30, 291, 514, 253157, 88582, 0, 2167, 0, 5802, -52, 0, 0, 4407, 0, -34615], [23, 14, 24, 6420, 4512, 0, 103, 0, 304, 2, 0, 0, 201, 0, 16619], [6, 6, 10, -4195, -5120, 0, 31, 0, -35, -5, 0, 0, 135, 0, -8825], [38, 2, 3, 521, -2413, 0, 87, 0, -2, -1, 0, 0, 50, 0, -15356], [26, 1, 1, -1422, -1454, 0, 21, 0, -75, 0, 0, 0, 24, 0, 2], [136, 4, 4, -4924, -4545, 0, -11, 0, -76, 0, 0, 0, 86, 0, 253], [25, 1, 1, 471, -1058, 0, -3, 0, 18, 1, 0, 0, 19, 0, 5], [13, 1, 1, -440, -893, 0, 6, 0, 8, -2, 0, 0, 17, 0, 1681], [143, 3, 3, -1029, -505, 0, 28, 0, -18, -4, 0, 0, 33, 0, 5817], [69, 1, 1, -1742, 952, 0, -47, 0, 43, 2, 0, 0, -2, 0, 4176], [91, 1, 1, 113, -263, 0, 9, 0, 9, -2, 0, 0, 12, 0, -4000], [43, 1, 1, -934, -370, 0, 1, 0, -10, 1, 0, 0, 11, 0, -1443]],