{"primary_winrate_percent": 49.20252659391471, "matchups_top": 49.20252659391471, "matchups_jungle": 36.58536585365854, "matchups_mid": 51.892470242075696, "matchups_adc": 41.07142857142857, "matchups_support": 26.31578947368421, "roles": [4, 5, 1, 3, 2]}