{"primary_winrate_percent": 0.4920252659391471, "matchups_top": 0.4920252659391471, "matchups_jungle": 0.36585365853658536, "matchups_mid": 0.518924702420757, "matchups_adc": 0.4107142857142857, "matchups_support": 0.2631578947368421, "roles": [4, 5, 1, 3, 2]}