{"primary_winrate_percent": 49.170360987967065, "winrate_top": 49.170360987967065, "winrate_jungle": 36.09022556390977, "winrate_mid": 51.896739789116474, "winrate_adc": 41.208791208791204, "winrate_support": 28.333333333333332, "roles": [4, 5, 1, 3, 2], "matchups_top": [[420, 857, 1431], [133, 628, 1119], [17, 811, 1454], [10, 2504, 4547], [24, 1624, 2974], [27, 319, 589], [78, 483, 892], [31, 525, 981], [74, 241, 453], [240, 873, 1648], [98, 926, 1760], [82, 1714, 3262], [6, 637, 1213], [516, 738, 1410], [54, 768, 1476], [57, 359, 690], [86, 2069, 4001], [14, 368, 712], [114, 1946, 3777], [122, 2401, 4665]], "matchups_jungle": [[19, 1, 1], [28, 1, 1], [33, 1, 1], [62, 1, 1], [76, 2, 2], [106, 3, 3], [141, 3, 3], [164, 1, 1], [517, 1, 1], [56, 5, 6], [79, 3, 4], [120, 3, 4], [121, 8, 11], [154, 5, 7], [11, 2, 3], [35, 4, 6], [254, 6, 9], [64, 13, 21], [59, 5, 9], [24, 2, 4]], "matchups_mid": [[518, 33, 51], [34, 35, 55], [69, 38, 64], [54, 30, 53], [61, 71, 126], [127, 27, 48], [80, 57, 102], [131, 103, 186], [18, 37, 67], [99, 59, 110], [8, 102, 192], [245, 67, 127], [10, 48, 93], [86, 36, 70], [45, 55, 107], [103, 92, 180], [4, 86, 169], [101, 30, 59], [142, 49, 97], [13, 108, 214]], "matchups_adc": [[74, 3, 3], [122, 2, 2], [518, 1, 1], [67, 9, 11], [498, 13, 16], [15, 3, 4], [18, 2, 3], [50, 2, 3], [81, 7, 11], [22, 6, 10], [51, 9, 15], [119, 3, 5], [236, 9, 15], [21, 4, 7], [157, 8, 14], [39, 1, 2], [96, 1, 2], [110, 1, 2], [222, 5, 10], [145, 13, 28]], "matchups_support": [[25, 3, 3], [50, 3, 3], [78, 1, 1], [161, 1, 1], [201, 2, 2], [412, 7, 8], [117, 4, 5], [53, 3, 4], [89, 3, 4], [497, 6, 8], [40, 2, 3], [111, 2, 3], [555, 4, 6], [99, 1, 2], [101, 1, 2], [16, 0, 1], [267, 0, 3], [350, 0, 1]]}