{"primary_winrate_percent": 0.4960832968423101, "matchups_top": 0.5184581533697336, "matchups_jungle": 0.4960832968423101, "matchups_mid": 0.34146341463414637, "matchups_adc": 0.5210355987055016, "matchups_support": 0.3956043956043956, "roles": [1, 4, 3, 2, 5]}