{"primary_winrate_percent": 49.60832968423101, "matchups_top": 51.84581533697335, "matchups_jungle": 49.60832968423101, "matchups_mid": 34.146341463414636, "matchups_adc": 52.103559870550164, "matchups_support": 39.56043956043956, "roles": [1, 4, 3, 2, 5]}