{"primary_winrate_percent": 49.695149489657666, "winrate_top": 51.601609058402865, "winrate_jungle": 49.695149489657666, "winrate_mid": 33.33333333333333, "winrate_adc": 52.4390243902439, "winrate_support": 41.5, "roles": [1, 4, 3, 2, 5], "matchups_top": [[57, 77, 136], [14, 77, 137], [240, 150, 270], [6, 92, 172], [74, 58, 109], [420, 96, 182], [23, 117, 225], [83, 65, 125], [24, 257, 496], [10, 471, 914], [58, 329, 649], [122, 228, 450], [78, 103, 205], [36, 37, 74], [75, 109, 219], [92, 262, 528], [98, 129, 260], [27, 61, 123], [86, 325, 658], [17, 143, 292]], "matchups_jungle": [[19, 542, 975], [77, 241, 436], [20, 357, 647], [11, 910, 1690], [30, 299, 559], [2, 359, 673], [35, 826, 1549], [421, 403, 760], [254, 642, 1232], [54, 399, 766], [36, 295, 569], [120, 787, 1522], [245, 1294, 2514], [154, 535, 1040], [106, 197, 384], [33, 294, 574], [104, 408, 799], [102, 192, 377], [32, 316, 621], [59, 1012, 2006]], "matchups_mid": [[1, 1, 1], [8, 1, 1], [18, 1, 1], [25, 1, 1], [26, 1, 1], [34, 1, 1], [42, 1, 1], [45, 2, 2], [56, 1, 1], [84, 2, 2], [90, 1, 1], [91, 1, 1], [127, 1, 1], [136, 1, 1], [161, 1, 1], [238, 5, 6], [54, 2, 3], [13, 1, 2], [39, 1, 2], [103, 1, 2]], "matchups_adc": [[350, 2, 2], [429, 2, 2], [45, 2, 3], [18, 4, 7], [21, 4, 7], [22, 12, 22], [202, 7, 13], [51, 15, 28], [236, 19, 37], [29, 2, 4], [74, 1, 2], [96, 1, 2], [81, 18, 37], [145, 29, 62], [67, 7, 15], [498, 19, 46], [222, 7, 19], [119, 2, 6], [15, 0, 3]], "matchups_support": [[43, 4, 4], [35, 2, 2], [37, 4, 4], [98, 2, 2], [497, 11, 13], [63, 4, 5], [89, 9, 12], [111, 11, 15], [267, 5, 7], [16, 4, 6], [101, 2, 3], [99, 2, 3], [117, 8, 13], [26, 3, 5], [555, 8, 14], [412, 13, 23], [53, 6, 12], [350, 3, 6], [44, 1, 2], [25, 6, 12]]}