{"primary_winrate_percent": 48.682585146673546, "winrate_top": 48.682585146673546, "winrate_jungle": 40.83288263926447, "winrate_mid": 47.576351919305125, "winrate_adc": 43.61702127659575, "winrate_support": 41.509433962264154, "roles": [4, 5, 1, 2, 3], "matchups_top": [[74, 252, 444], [133, 379, 675], [83, 366, 652], [57, 404, 726], [85, 526, 956], [98, 858, 1562], [420, 618, 1129], [58, 1901, 3493], [86, 2025, 3729], [27, 378, 702], [516, 571, 1064], [6, 633, 1181], [78, 666, 1247], [17, 801, 1502], [54, 816, 1539], [23, 835, 1575], [240, 744, 1418], [80, 947, 1812], [67, 393, 752], [114, 2214, 4260]], "matchups_jungle": [[32, 23, 27], [9, 10, 14], [19, 24, 36], [33, 16, 24], [245, 75, 115], [56, 24, 37], [203, 11, 17], [254, 31, 48], [120, 44, 69], [24, 19, 30], [154, 34, 54], [141, 72, 115], [421, 15, 24], [5, 18, 29], [104, 24, 39], [35, 38, 62], [80, 17, 28], [20, 20, 33], [121, 66, 111], [54, 26, 44]], "matchups_mid": [[518, 21, 28], [61, 40, 56], [134, 37, 54], [50, 13, 19], [90, 34, 51], [101, 12, 18], [34, 13, 20], [91, 76, 118], [10, 29, 46], [8, 63, 100], [69, 15, 24], [131, 51, 82], [86, 13, 21], [1, 26, 42], [127, 18, 30], [266, 15, 25], [81, 12, 20], [58, 15, 26], [103, 50, 87], [246, 51, 89]], "matchups_adc": [[18, 4, 4], [29, 2, 2], [107, 1, 1], [119, 3, 3], [21, 5, 6], [67, 6, 8], [236, 5, 7], [51, 6, 9], [81, 4, 6], [222, 2, 4], [145, 7, 17], [498, 3, 8], [110, 1, 3], [202, 2, 6], [22, 2, 8], [45, 0, 1], [105, 0, 1]], "matchups_support": [[26, 1, 1], [35, 1, 1], [43, 2, 2], [101, 1, 1], [111, 1, 1], [117, 3, 3], [201, 1, 1], [497, 2, 2], [53, 3, 4], [99, 3, 4], [143, 3, 4], [412, 7, 11], [267, 1, 3], [350, 1, 3], [555, 1, 5], [16, 0, 1], [25, 0, 1], [40, 0, 1], [44, 0, 1], [63, 0, 1]]}