{"primary_winrate_percent": 48.538097401550566, "matchups_top": 48.538097401550566, "matchups_jungle": 40.5997693194925, "matchups_mid": 47.19781884277492, "matchups_adc": 45.45454545454545, "matchups_support": 40.42553191489361, "roles": [4, 5, 1, 2, 3]}