{"primary_winrate_percent": 0.4853809740155057, "matchups_top": 0.4853809740155057, "matchups_jungle": 0.405997693194925, "matchups_mid": 0.4719781884277492, "matchups_adc": 0.45454545454545453, "matchups_support": 0.40425531914893614, "roles": [4, 5, 1, 2, 3]}