{"primary_winrate_percent": 0.49715437514820965, "matchups_top": 0.49715437514820965, "matchups_jungle": 0.4758789860997547, "matchups_mid": 0.5241027445460943, "matchups_adc": 0.5733333333333334, "matchups_support": 0.3915094339622642, "roles": [4, 5, 1, 2, 3]}