{"primary_winrate_percent": 49.71543751482096, "matchups_top": 49.71543751482096, "matchups_jungle": 47.58789860997547, "matchups_mid": 52.41027445460943, "matchups_adc": 57.333333333333336, "matchups_support": 39.15094339622642, "roles": [4, 5, 1, 2, 3]}