{"primary_winrate_percent": 49.81780605862838, "winrate_top": 49.81780605862838, "winrate_jungle": 47.65861027190332, "winrate_mid": 52.45144858325374, "winrate_adc": 56.79012345679012, "winrate_support": 38.793103448275865, "roles": [4, 5, 1, 2, 3], "matchups_top": [[83, 103, 180], [6, 145, 255], [150, 225, 402], [10, 609, 1114], [98, 227, 417], [420, 143, 263], [114, 393, 745], [80, 220, 421], [107, 62, 119], [18, 51, 98], [24, 267, 516], [36, 64, 124], [92, 322, 630], [82, 323, 633], [86, 455, 893], [240, 173, 340], [133, 106, 209], [54, 178, 351], [516, 125, 247], [75, 168, 333]], "matchups_jungle": [[56, 23, 34], [24, 11, 17], [421, 21, 33], [141, 36, 57], [36, 10, 16], [107, 13, 21], [9, 6, 10], [254, 26, 44], [35, 23, 39], [163, 7, 12], [2, 9, 16], [60, 35, 63], [11, 20, 36], [245, 52, 94], [121, 54, 98], [20, 11, 20], [30, 6, 11], [19, 9, 17], [76, 18, 34], [79, 19, 36]], "matchups_mid": [[136, 20, 32], [161, 41, 70], [80, 56, 101], [38, 84, 152], [45, 75, 136], [13, 165, 309], [268, 20, 38], [134, 87, 168], [10, 44, 85], [245, 62, 120], [131, 57, 111], [3, 45, 88], [101, 33, 66], [105, 107, 215], [61, 84, 169], [103, 138, 280], [91, 91, 188], [18, 27, 56], [8, 112, 234], [157, 233, 488]], "matchups_adc": [[1, 1, 1], [15, 1, 1], [74, 2, 2], [161, 1, 1], [202, 6, 6], [22, 3, 6], [134, 1, 2], [498, 3, 6], [81, 5, 12], [119, 2, 5], [145, 6, 15], [236, 2, 5], [21, 1, 3], [222, 1, 4], [18, 0, 3], [29, 0, 1], [37, 0, 1], [45, 0, 1], [51, 0, 2], [69, 0, 1]], "matchups_support": [[106, 2, 2], [35, 2, 2], [99, 2, 2], [63, 2, 2], [40, 5, 6], [9, 4, 5], [497, 5, 7], [111, 17, 24], [53, 18, 27], [89, 10, 15], [101, 4, 6], [26, 2, 3], [117, 7, 11], [412, 13, 21], [201, 3, 5], [37, 3, 5], [161, 3, 5], [12, 2, 4], [555, 5, 10], [25, 4, 8]]}