{"primary_winrate_percent": 47.322171456931414, "matchups_top": 48.404160342826536, "matchups_jungle": 32.25806451612903, "matchups_mid": 47.322171456931414, "matchups_adc": 41.26547455295736, "matchups_support": 28.999999999999996, "roles": [5, 4, 3, 2, 1]}