{"primary_winrate_percent": 0.4732217145693141, "matchups_top": 0.48404160342826535, "matchups_jungle": 0.3225806451612903, "matchups_mid": 0.4732217145693141, "matchups_adc": 0.4126547455295736, "matchups_support": 0.29, "roles": [5, 4, 3, 2, 1]}