{"primary_winrate_percent": 47.30074050481726, "winrate_top": 48.352184880787696, "winrate_jungle": 33.52601156069364, "winrate_mid": 47.30074050481726, "winrate_adc": 41.578947368421055, "winrate_support": 28.57142857142857, "roles": [5, 4, 3, 2, 1], "matchups_top": [[107, 163, 284], [57, 245, 430], [80, 565, 992], [83, 304, 538], [23, 509, 903], [133, 346, 621], [157, 521, 948], [10, 1997, 3666], [236, 145, 269], [39, 838, 1559], [86, 1169, 2185], [24, 804, 1506], [36, 163, 306], [14, 241, 453], [164, 579, 1093], [240, 404, 763], [74, 248, 473], [92, 819, 1569], [75, 439, 843], [58, 937, 1800]], "matchups_jungle": [[59, 5, 5], [30, 3, 3], [131, 1, 1], [31, 1, 1], [14, 1, 1], [56, 3, 3], [163, 2, 2], [32, 1, 1], [76, 2, 2], [427, 1, 1], [254, 2, 2], [48, 1, 1], [28, 5, 6], [107, 3, 4], [5, 3, 4], [9, 3, 4], [104, 3, 4], [79, 3, 4], [64, 15, 20], [102, 2, 3]], "matchups_mid": [[103, 2237, 3876], [90, 1239, 2167], [1, 748, 1326], [161, 561, 1012], [157, 2424, 4394], [101, 579, 1050], [4, 1525, 2779], [10, 573, 1046], [45, 1545, 2826], [131, 824, 1512], [238, 1755, 3224], [115, 305, 561], [55, 1239, 2286], [105, 1132, 2101], [61, 1408, 2618], [136, 239, 445], [142, 864, 1611], [69, 851, 1587], [38, 1134, 2128], [268, 302, 567]], "matchups_adc": [[45, 5, 6], [15, 8, 10], [18, 13, 18], [498, 47, 70], [21, 12, 19], [96, 5, 8], [236, 36, 59], [67, 29, 48], [145, 81, 137], [22, 38, 66], [202, 20, 35], [74, 5, 9], [119, 15, 27], [51, 41, 75], [81, 38, 75], [29, 4, 8], [110, 7, 14], [134, 4, 8], [222, 23, 47], [157, 4, 9]], "matchups_support": [[12, 2, 2], [37, 2, 2], [43, 1, 1], [50, 3, 3], [61, 1, 1], [63, 2, 2], [79, 1, 1], [101, 1, 1], [127, 1, 1], [201, 2, 2], [223, 1, 1], [497, 6, 6], [25, 6, 7], [111, 6, 7], [267, 5, 6], [161, 3, 4], [117, 5, 7], [412, 7, 10], [16, 3, 5], [53, 4, 7]]}