{"primary_winrate_percent": 43.49939246658566, "matchups_top": 44.81132075471698, "matchups_jungle": 43.49939246658566, "matchups_mid": 51.42857142857142, "matchups_adc": 16.666666666666664, "matchups_support": 41.95804195804196, "roles": [1, 4, 2, 5, 3]}