{"primary_winrate_percent": 43.50748752079867, "winrate_top": 46.02510460251046, "winrate_jungle": 43.50748752079867, "winrate_mid": 51.21951219512195, "winrate_adc": 16.666666666666664, "winrate_support": 42.857142857142854, "roles": [1, 4, 2, 5, 3], "matchups_top": [[107, 3, 3], [133, 2, 2], [74, 2, 2], [78, 4, 4], [68, 3, 3], [164, 2, 2], [114, 10, 12], [84, 3, 4], [126, 3, 4], [67, 3, 4], [122, 8, 11], [24, 5, 7], [10, 11, 16], [266, 4, 6], [17, 2, 3], [41, 6, 10], [58, 7, 12], [86, 5, 9], [82, 5, 9], [23, 2, 4]], "matchups_jungle": [[35, 268, 411], [154, 273, 439], [102, 80, 130], [20, 125, 204], [421, 120, 198], [245, 557, 922], [141, 552, 920], [56, 197, 331], [33, 117, 198], [32, 167, 283], [2, 159, 270], [59, 479, 816], [24, 174, 298], [76, 116, 200], [254, 278, 481], [11, 349, 605], [163, 47, 82], [106, 85, 150], [120, 330, 589], [5, 127, 227]], "matchups_mid": [[4, 1, 1], [8, 2, 2], [13, 1, 1], [18, 3, 3], [45, 1, 1], [58, 1, 1], [68, 1, 1], [69, 1, 1], [81, 1, 1], [103, 1, 1], [105, 1, 1], [238, 2, 2], [517, 1, 1], [157, 1, 2], [55, 2, 6], [7, 0, 1], [25, 0, 1], [26, 0, 1], [39, 0, 1], [63, 0, 1]], "matchups_adc": [[81, 2, 2], [145, 1, 1], [202, 2, 2], [51, 0, 1]], "matchups_support": [[16, 5, 5], [40, 6, 6], [57, 1, 1], [79, 1, 1], [223, 1, 1], [516, 1, 1], [117, 8, 10], [26, 3, 4], [497, 6, 8], [37, 2, 3], [99, 4, 6], [143, 2, 3], [267, 2, 3], [111, 9, 14], [412, 13, 21], [12, 3, 5], [63, 1, 2], [201, 2, 4], [432, 2, 4], [53, 4, 9]]}