{"primary_winrate_percent": 43.54384553499598, "lane_winrates": {"1": 43.54384553499598, "2": 42.68292682926829, "3": 16.666666666666664, "4": 44.44444444444444, "5": 52.63157894736842}, "roles": [1, 4, 2, 5, 3], "matchups": {"1": [[84, 0, 2, -2528, -3458, 0, 114, 0, -176, 0, 0, 0, 51, 0, -3468], [119, 0, 1, -1196, -917, 0, 4, 0, -20, -1, 0, 0, 15, 0, -6241], [350, 0, 2, -3803, -5216, 0, 18, 0, -168, -1, 0, 0, 43, 0, -25513], [103, 0, 1, -1773, -1217, 0, 6, 0, -28, 0, 0, 0, 13, 0, -19826], [22, 0, 1, -1498, -1100, 0, 3, 0, -13, -1, 0, 0, 23, 0, -6250], [96, 0, 1, 262, 883, 0, -7, 0, 6, 1, 0, 0, 2, 0, 228], [38, 0, 1, -1359, -1164, 0, -2, 0, -12, -1, 0, 0, 20, 0, -3247], [111, 3, 16, -6942, -6410, 0, 36, 0, -137, -2, 0, 0, 244, 0, -17309], [145, 4, 12, 4002, 7935, 0, 83, 0, 38, 4, 0, 0, 34, 0, -14281], [1, 1, 3, -4449, -3965, 0, -12, 0, -56, 0, 0, 0, 50, 0, -18833], [126, 1, 3, 4812, 2741, 0, 38, 0, 34, 2, 0, 0, 12, 0, -931], [82, 4, 12, 2638, 4885, 0, 49, 0, 67, 3, 0, 0, 92, 0, -36040], [86, 3, 9, -7634, -2628, 0, -48, 0, -19, 6, 0, 0, 110, 0, -2070], [555, 1, 3, -5520, -2939, 0, -31, 0, -61, -3, 0, 0, 54, 0, 6102], [14, 1, 3, -616, -954, 0, 18, 0, -18, -1, 0, 0, 36, 0, -5493], [23, 4, 12, 2057, -602, 0, -15, 0, 94, -1, 0, 0, 132, 0, -20712], [17, 2, 5, -193, 126, 0, -6, 0, -39, 0, 0, 0, 49, 0, -8377], [246, 38, 86, 18763, 33187, 0, 33, 0, -84, 19, 0, 0, 611, 0, 41235], [266, 10, 22, 14325, 14552, 0, 56, 0, 193, 9, 0, 0, 119, 0, 18490], [133, 5, 11, 3084, 6899, 0, -1, 0, 78, 3, 0, 0, 71, 0, 2895], [75, 6, 13, -324, -1879, 0, 8, 0, 66, -7, 0, 0, 153, 0, -23192], [79, 182, 371, 11154, 130, 0, -295, 0, -133, -12, 0, 0, 3728, 0, -28669], [105, 1, 2, 292, 1486, 0, 19, 0, 0, 1, 0, 0, 6, 0, 9204], [25, 2, 4, -1355, -1335, 0, -4, 0, -27, 2, 0, 0, 36, 0, 4628], [44, 1, 2, 152, -246, 0, -1, 0, 23, 0, 0, 0, 27, 0, 3700], [67, 1, 2, 755, 141, 0, 11, 0, -1, -4, 0, 0, 16, 0, 6886], [518, 2, 4, 268, -494, 0, 17, 0, -12, -1, 0, 0, 34, 0, 12990], [157, 3, 6, 900, 856, 0, 99, 0, -50, -1, 0, 0, 61, 0, -7116], [516, 1, 2, 1332, 888, 0, -9, 0, 8, -1, 0, 0, 14, 0, -1116], [77, 74, 147, 58024, 64042, 0, -5, 0, 1737, 35, 0, 0, 946, 0, 79994], [60, 273, 537, 28179, 116569, 0, -582, 0, -728, 124, 0, 0, 4501, 0, 320080], [28, 187, 363, 109802, 101948, 0, -964, 0, 1502, 69, 0, 0, 2765, 0, 121517], [80, 107, 206, 42339, 100703, 0, 126, 0, -94, 63, 0, 0, 1328, 0, 196154], [54, 147, 283, 6657, -6619, 0, -410, 0, 684, -28, 0, 0, 2860, 0, -206569], [36, 102, 195, 116381, 111185, 0, 516, 0, 2832, 16, 0, 0, 1055, 0, 41275], [104, 122, 233, 124040, 169975, 0, 1135, 0, 1703, 97, 0, 0, 985, 0, 211810], [57, 10, 19, -2252, 1338, 0, 41, 0, -107, -3, 0, 0, 193, 0, 24888], [517, 41, 77, 1999, 13647, 0, 124, 0, -90, 11, 0, 0, 690, 0, 53019], [203, 88, 165, 66261, 102710, 0, 56, 0, 1260, 77, 0, 0, 805, 0, 171513], [48, 57, 106, 8996, 29262, 0, -46, 0, 509, 21, 0, 0, 833, 0, 121588], [19, 191, 355, 85876, 196095, 0, -117, 0, 1646, 126, 0, 0, 1970, 0, 272691], [131, 19, 35, 13475, 7366, 0, 119, 0, 142, 10, 0, 0, 274, 0, -16604], [29, 69, 127, 6166, 44954, 0, 229, 0, -1167, 19, 0, 0, 856, 0, 36448], [64, 996, 1833, 389029, 834873, 0, -504, 0, 3694, 557, 0, 0, 11513, 0, 1521267], [30, 97, 177, 132676, 113462, 0, 538, 0, 2528, 37, 0, 0, 748, 0, 174245], [121, 535, 976, 218925, 359488, 0, -1240, 0, 4365, 374, 0, 0, 6621, 0, 165446], [427, 37, 67, 13811, -1944, 0, -286, 0, 166, -1, 0, 0, 733, 0, 64849], [9, 51, 92, 20208, 12394, 0, 141, 0, 77, -2, 0, 0, 843, 0, 56264], [120, 328, 591, 262653, 377754, 0, 509, 0, 4073, 190, 0, 0, 2798, 0, 481905], [72, 30, 54, 18962, 11234, 0, -22, 0, 566, -2, 0, 0, 490, 0, 55801], [107, 164, 293, 168116, 213476, 0, 575, 0, 2776, 57, 0, 0, 1224, 0, 202021], [5, 122, 215, 84238, 143236, 0, 222, 0, 1101, 80, 0, 0, 1033, 0, 343751], [106, 85, 149, 48441, 63664, 0, 359, 0, 127, 40, 0, 0, 858, 0, 108196], [68, 8, 14, 3642, 3419, 0, 38, 0, 5, 5, 0, 0, 106, 0, 4158], [56, 184, 322, 202256, 229128, 0, 670, 0, 2833, 128, 0, 0, 1288, 0, 285230], [11, 346, 599, 253672, 327119, 0, 656, 0, 6021, 160, 0, 0, 3266, 0, 173895], [254, 271, 468, 193516, 197595, 0, 60, 0, 3202, 20, 0, 0, 3048, 0, 342200], [32, 163, 281, 77168, 59789, 0, 360, 0, 1296, -4, 0, 0, 2320, 0, 160793], [98, 7, 12, -149, -5727, 0, 31, 0, -67, -6, 0, 0, 150, 0, -17215], [24, 174, 296, 56477, 53308, 0, -81, 0, 1961, 17, 0, 0, 2454, 0, 65096], [59, 486, 825, 175211, 328583, 0, 291, 0, 1845, 120, 0, 0, 5675, 0, 588184], [76, 113, 191, 145249, 169106, 0, 27, 0, 2487, 87, 0, 0, 574, 0, 287382], [2, 156, 262, 156272, 201526, 0, 674, 0, 2869, 76, 0, 0, 919, 0, 329632], [141, 541, 908, 302837, 371540, 0, 313, 0, 5956, 161, 0, 0, 5826, 0, 376039], [33, 122, 204, -12025, 2870, 0, -66, 0, -671, 10, 0, 0, 2041, 0, 74796], [78, 21, 35, 5060, 9725, 0, -74, 0, 90, 3, 0, 0, 270, 0, 27313], [163, 48, 80, 38082, 42603, 0, 225, 0, 100, 38, 0, 0, 472, 0, 159241], [102, 80, 133, 71778, 72692, 0, 399, 0, 1240, 44, 0, 0, 693, 0, 112321], [245, 556, 919, 258918, 347465, 0, 1516, 0, 1881, 270, 0, 0, 6100, 0, 530308], [20, 134, 220, 44318, 49921, 0, 258, 0, 329, 6, 0, 0, 1842, 0, 202558], [421, 117, 189, 68432, 116933, 0, -229, 0, 973, 73, 0, 0, 990, 0, 391529], [154, 283, 451, 94017, 53274, 0, 319, 0, -1030, 29, 0, 0, 3942, 0, 438668], [35, 271, 418, 116781, 230967, 0, 124, 0, -636, 218, 0, 0, 2347, 0, 514848], [62, 40, 60, -10929, -754, 0, 25, 0, -151, 14, 0, 0, 579, 0, 59054], [39, 2, 3, 1785, 965, 0, 58, 0, -26, 0, 0, 0, 18, 0, -5765], [164, 32, 48, -9894, 9091, 0, -3, 0, -227, 9, 0, 0, 389, 0, 35438], [63, 2, 3, 482, -1682, 0, 13, 0, 10, -1, 0, 0, 42, 0, -4813], [81, 2, 3, 706, 379, 0, 2, 0, 25, 0, 0, 0, 25, 0, 292], [31, 8, 12, 2446, 1913, 0, 15, 0, 37, 3, 0, 0, 108, 0, 7140], [6, 7, 10, 1470, -302, 0, 5, 0, 32, 4, 0, 0, 98, 0, 10126], [240, 3, 4, 493, 2397, 0, 68, 0, -51, 3, 0, 0, 23, 0, 6324], [89, 3, 4, -3239, -3754, 0, -14, 0, -67, -4, 0, 0, 63, 0, -9016], [18, 4, 5, 3214, 1826, 0, 73, 0, 29, 4, 0, 0, 21, 0, -13903], [53, 4, 5, -437, -2098, 0, 11, 0, -6, 2, 0, 0, 76, 0, 2912], [236, 1, 1, -175, -412, 0, -1, 0, 4, 1, 0, 0, 12, 0, -205], [83, 1, 1, 159, 500, 0, 4, 0, -14, 0, 0, 0, 4, 0, 826], [238, 2, 2, 1662, 2112, 0, 16, 0, 64, 0, 0, 0, 9, 0, 16972], [122, 1, 1, 1614, 912, 0, 16, 0, 4, 0, 0, 0, 2, 0, 759], [13, 2, 2, -1047, -1712, 0, 13, 0, 35, -3, 0, 0, 23, 0, 12201], [143, 1, 1, 876, 948, 0, 12, 0, 15, 0, 0, 0, 4, 0, -114], [3, 1, 1, -686, -1857, 0, 2, 0, -24, -2, 0, 0, 24, 0, -4702], [43, 1, 1, 848, -261, 0, -5, 0, 0, 0, 0, 0, 16, 0, -2621], [114, 1, 1, 729, 8, 0, 13, 0, 7, 1, 0, 0, 12, 0, 3447], [27, 1, 1, -28, -1045, 0, -1, 0, 16, -2, 0, 0, 17, 0, -3149], [92, 10, 10, 4332, 8260, 0, 27, 0, 18, 4, 0, 0, 22, 0, 35892], [223, 1, 1, 32, 796, 0, -4, 0, -5, 1, 0, 0, 3, 0, 6869], [4, 2, 2, 2060, 1122, 0, 12, 0, 0, 1, 0, 0, 6, 0, 2147]],