{"primary_winrate_percent": 0.4349939246658566, "matchups_top": 0.4481132075471698, "matchups_jungle": 0.4349939246658566, "matchups_mid": 0.5142857142857142, "matchups_adc": 0.16666666666666666, "matchups_support": 0.4195804195804196, "roles": [1, 4, 2, 5, 3]}