{"primary_winrate_percent": 0.5255380831063867, "matchups_top": 0.5051060487038491, "matchups_jungle": 0.5255380831063867, "matchups_mid": 0.47454545454545455, "matchups_adc": 0.5238095238095238, "matchups_support": 0.5264107725411259, "roles": [1, 2, 4, 5, 3]}