{"primary_winrate_percent": 52.632697431873545, "winrate_top": 50.55555555555556, "winrate_jungle": 52.632697431873545, "winrate_mid": 48.105436573311366, "winrate_adc": 50.0, "winrate_support": 52.567237163814184, "roles": [1, 2, 4, 5, 3], "matchups_top": [[57, 18, 28], [75, 32, 53], [78, 18, 30], [240, 28, 47], [10, 89, 152], [6, 25, 43], [126, 18, 31], [41, 53, 94], [67, 19, 34], [420, 29, 52], [133, 15, 27], [74, 11, 20], [150, 27, 50], [17, 34, 63], [516, 17, 32], [164, 36, 68], [157, 38, 72], [8, 33, 63], [68, 13, 25], [85, 19, 37]], "matchups_jungle": [[29, 304, 583], [36, 460, 900], [19, 709, 1394], [154, 799, 1573], [120, 1161, 2290], [254, 920, 1824], [30, 419, 834], [20, 484, 964], [245, 1805, 3638], [5, 458, 927], [106, 256, 521], [24, 536, 1098], [28, 812, 1667], [104, 579, 1194], [102, 328, 678], [2, 491, 1015], [141, 1881, 3892], [121, 2110, 4383], [32, 513, 1066], [11, 1170, 2438]], "matchups_mid": [[85, 3, 4], [131, 8, 11], [1, 8, 11], [45, 13, 18], [246, 10, 14], [34, 5, 7], [39, 7, 10], [8, 11, 16], [90, 6, 9], [157, 27, 42], [134, 9, 15], [3, 3, 5], [81, 3, 5], [80, 4, 7], [7, 10, 18], [517, 5, 9], [101, 6, 11], [105, 13, 24], [61, 7, 13], [103, 18, 34]], "matchups_adc": [[4, 1, 1], [55, 1, 1], [67, 1, 1], [81, 2, 2], [112, 1, 1], [22, 5, 6], [145, 5, 8], [498, 3, 5], [18, 1, 2], [21, 1, 2], [202, 2, 4], [222, 1, 2], [29, 0, 5], [51, 0, 4], [119, 0, 3], [236, 0, 1]], "matchups_support": [[432, 190, 349], [16, 236, 456], [40, 332, 642], [101, 105, 206], [26, 114, 224], [267, 419, 832], [117, 399, 801], [111, 598, 1212], [37, 84, 171], [143, 136, 277], [497, 419, 856], [99, 216, 443], [89, 520, 1072], [50, 180, 373], [53, 492, 1022], [9, 100, 210], [12, 104, 222], [412, 931, 2009], [54, 44, 95], [44, 40, 90]]}