{"primary_winrate_percent": 52.55380831063867, "matchups_top": 50.51060487038491, "matchups_jungle": 52.55380831063867, "matchups_mid": 47.45454545454545, "matchups_adc": 52.38095238095239, "matchups_support": 52.64107725411259, "roles": [1, 2, 4, 5, 3]}