{"primary_winrate_percent": 50.78822769826752, "matchups_top": 50.78822769826752, "matchups_jungle": 42.04425711275026, "matchups_mid": 49.7907949790795, "matchups_adc": 57.14285714285714, "matchups_support": 46.86346863468634, "roles": [4, 2, 1, 5, 3]}