{"primary_winrate_percent": 0.5078822769826752, "matchups_top": 0.5078822769826752, "matchups_jungle": 0.4204425711275026, "matchups_mid": 0.497907949790795, "matchups_adc": 0.5714285714285714, "matchups_support": 0.46863468634686345, "roles": [4, 2, 1, 5, 3]}