{"primary_winrate_percent": 50.81914472381707, "winrate_top": 50.81914472381707, "winrate_jungle": 41.492537313432834, "winrate_mid": 50.0, "winrate_adc": 53.333333333333336, "winrate_support": 46.786028764308774, "roles": [4, 2, 1, 5, 3], "matchups_top": [[82, 943, 1702], [27, 226, 415], [74, 122, 229], [85, 300, 564], [10, 1213, 2288], [133, 170, 321], [420, 331, 628], [86, 1143, 2198], [75, 448, 865], [57, 203, 397], [54, 445, 873], [150, 387, 761], [17, 401, 789], [13, 481, 947], [240, 419, 828], [107, 131, 259], [6, 310, 613], [24, 816, 1614], [31, 290, 575], [122, 994, 2000]], "matchups_jungle": [[102, 6, 6], [254, 23, 26], [421, 8, 10], [32, 10, 13], [30, 6, 8], [245, 42, 58], [80, 11, 16], [104, 12, 18], [20, 11, 17], [28, 19, 30], [60, 20, 32], [79, 15, 24], [203, 8, 13], [121, 38, 62], [56, 17, 28], [35, 23, 38], [77, 6, 10], [59, 33, 55], [141, 38, 64], [24, 14, 24]], "matchups_mid": [[62, 6, 7], [3, 5, 6], [126, 5, 6], [7, 4, 5], [246, 6, 8], [69, 3, 4], [516, 2, 3], [420, 2, 3], [81, 2, 3], [55, 12, 19], [245, 5, 8], [84, 5, 8], [142, 3, 5], [238, 25, 42], [10, 4, 7], [134, 5, 9], [103, 7, 13], [80, 12, 23], [157, 43, 83], [58, 4, 8]], "matchups_adc": [[145, 5, 6], [498, 2, 3], [18, 1, 2], [22, 2, 4], [157, 1, 2], [51, 1, 3], [67, 1, 4], [81, 1, 4], [112, 0, 1], [222, 0, 1]], "matchups_support": [[37, 44, 69], [50, 100, 159], [99, 105, 183], [44, 25, 44], [432, 81, 144], [16, 87, 155], [101, 39, 70], [117, 165, 298], [40, 116, 211], [111, 387, 706], [497, 211, 385], [201, 55, 102], [412, 473, 885], [53, 285, 536], [267, 145, 274], [25, 155, 294], [89, 283, 543], [555, 225, 435], [9, 46, 89], [161, 34, 67]]}