{"primary_winrate_percent": 50.030411943599674, "matchups_top": 50.065416484954206, "matchups_jungle": 50.030411943599674, "matchups_mid": 47.23247232472325, "matchups_adc": 20.0, "matchups_support": 30.76923076923077, "roles": [1, 4, 5, 2, 3]}