{"primary_winrate_percent": 0.5003041194359967, "matchups_top": 0.5006541648495421, "matchups_jungle": 0.5003041194359967, "matchups_mid": 0.47232472324723246, "matchups_adc": 0.2, "matchups_support": 0.3076923076923077, "roles": [1, 4, 5, 2, 3]}