{"primary_winrate_percent": 50.02040816326531, "lane_winrates": {"1": 50.02040816326531, "2": 33.33333333333333, "3": 30.0, "4": 50.0392464678179, "5": 46.37223974763407}, "roles": [1, 4, 5, 2, 3], "matchups": {"1": [[236, 0, 1, -2087, -2670, 0, -7, 0, -9, 0, 0, 0, 30, 0, -5810], [136, 0, 1, -319, -1318, 0, 3, 0, 2, -1, 0, 0, 23, 0, -2150], [98, 0, 5, -4514, -3701, 0, 0, 0, -112, -4, 0, 0, 73, 0, -9625], [44, 0, 4, -4658, -5223, 0, 8, 0, -112, -3, 0, 0, 64, 0, -11304], [67, 0, 1, -849, 118, 0, 15, 0, -51, 1, 0, 0, 9, 0, -1842], [85, 0, 1, -374, -280, 0, 8, 0, -24, -1, 0, 0, 12, 0, -780], [1, 0, 3, -2955, -1613, 0, -18, 0, -74, 1, 0, 0, 43, 0, -3369], [267, 0, 1, -3420, -4924, 0, -25, 0, -55, -3, 0, 0, 29, 0, -13441], [55, 0, 2, 2, 288, 0, 8, 0, -45, 1, 0, 0, 19, 0, -3996], [201, 0, 1, -2246, -1760, 0, -7, 0, -20, -1, 0, 0, 16, 0, -258], [41, 0, 1, -1873, -2245, 0, 3, 0, -39, -1, 0, 0, 34, 0, -27], [412, 0, 1, -1133, -621, 0, 1, 0, -28, -1, 0, 0, 16, 0, 4056], [18, 0, 4, -1576, 1172, 0, 7, 0, -85, 1, 0, 0, 33, 0, -4792], [89, 0, 3, -2951, -3524, 0, -6, 0, -135, -1, 0, 0, 65, 0, -6151], [96, 0, 4, -5147, -983, 0, 38, 0, -133, -5, 0, 0, 28, 0, -9657], [142, 0, 1, -2814, -2665, 0, 9, 0, -76, -2, 0, 0, 20, 0, -13084], [111, 2, 11, -7811, -5885, 0, -2, 0, -237, -3, 0, 0, 156, 0, -27129], [518, 1, 5, 318, -2565, 0, 13, 0, -45, -2, 0, 0, 67, 0, -14039], [240, 1, 5, -3363, 1198, 0, 18, 0, -157, -1, 0, 0, 36, 0, -7335], [63, 1, 4, -3434, -649, 0, 17, 0, -140, 0, 0, 0, 42, 0, -9515], [75, 1, 4, -4903, -1821, 0, 10, 0, -45, -2, 0, 0, 52, 0, -7143], [122, 1, 4, -5101, -1872, 0, -11, 0, -50, 1, 0, 0, 49, 0, 3551], [17, 3, 10, -12044, -12643, 0, 0, 0, -290, -5, 0, 0, 181, 0, -58052], [81, 2, 6, 971, -160, 0, 15, 0, -15, -1, 0, 0, 48, 0, -1605], [25, 1, 3, -2982, -1227, 0, -20, 0, -33, 1, 0, 0, 43, 0, 7938], [13, 1, 3, -2048, -3134, 0, -25, 0, 9, -1, 0, 0, 57, 0, -11397], [246, 39, 114, -63060, -25873, 0, -453, 0, -1505, -13, 0, 0, 1368, 0, -91794], [145, 4, 11, -4653, -2574, 0, 2, 0, -84, -2, 0, 0, 99, 0, -9329], [82, 10, 27, -8441, -1275, 0, -62, 0, -208, 15, 0, 0, 258, 0, -28213], [10, 3, 8, 741, 369, 0, 97, 0, -55, 1, 0, 0, 82, 0, 6328], [72, 30, 80, -44485, -42028, 0, -401, 0, -341, -18, 0, 0, 1147, 0, -106788], [164, 21, 55, -41660, -22148, 0, -248, 0, -1171, 8, 0, 0, 692, 0, -28299], [62, 26, 68, -33457, -19485, 0, -149, 0, -709, 0, 0, 0, 856, 0, -58970], [86, 9, 23, -9669, -5326, 0, 75, 0, -204, -1, 0, 0, 262, 0, -1470], [113, 51, 129, -70092, -67659, 0, -384, 0, -1258, -39, 0, 0, 1895, 0, -124361], [4, 2, 5, -960, -807, 0, -8, 0, -52, 1, 0, 0, 60, 0, 149], [517, 37, 90, -53355, -27779, 0, -112, 0, -1388, 4, 0, 0, 1126, 0, -65925], [92, 8, 19, -366, 5797, 0, 73, 0, -116, 4, 0, 0, 172, 0, 8883], [427, 45, 106, -31232, -46815, 0, -516, 0, -874, -18, 0, 0, 1519, 0, -20557], [9, 55, 122, -63923, -53438, 0, -93, 0, -1390, -40, 0, 0, 1710, 0, -32340], [78, 25, 55, -22627, -4924, 0, -111, 0, -721, -8, 0, 0, 619, 0, 51082], [33, 128, 278, -173310, -137132, 0, -746, 0, -4393, -51, 0, 0, 3991, 0, -25791], [421, 123, 262, -46480, 33942, 0, -912, 0, -2070, 22, 0, 0, 2490, 0, 227961], [80, 104, 221, -90101, 28896, 0, -371, 0, -3167, 41, 0, 0, 2104, 0, 173286], [107, 179, 376, -37417, 20856, 0, -408, 0, -1606, 18, 0, 0, 3385, 0, 114299], [54, 152, 319, -160119, -95639, 0, -888, 0, -3429, 1, 0, 0, 3984, 0, -151116], [266, 21, 44, -14369, -6390, 0, -159, 0, -289, -2, 0, 0, 492, 0, -3695], [60, 433, 900, -442528, -190466, 0, -3082, 0, -12055, -55, 0, 0, 10959, 0, 415715], [141, 544, 1126, -278652, -67322, 0, -2636, 0, -6400, -9, 0, 0, 11859, 0, -272956], [2, 159, 327, -10590, 92097, 0, -424, 0, 77, 79, 0, 0, 2556, 0, 270593], [36, 171, 351, 7344, 39673, 0, -254, 0, 567, 7, 0, 0, 3114, 0, 3448], [64, 1298, 2660, -581599, 236800, 0, -7851, 0, -18976, 286, 0, 0, 25689, 0, 1905086], [79, 245, 501, -280727, -229227, 0, -1890, 0, -5385, -61, 0, 0, 6866, 0, -54180], [203, 101, 205, -30684, 42244, 0, -386, 0, -1264, 17, 0, 0, 1742, 0, 144268], [104, 208, 422, 43467, 97258, 0, 809, 0, -421, 11, 0, 0, 3685, 0, 238280], [254, 258, 520, -74041, -21496, 0, -1086, 0, -2082, -61, 0, 0, 5424, 0, 180260], [32, 146, 293, -93091, -94521, 0, -856, 0, -1806, -40, 0, 0, 3868, 0, 63711], [105, 2, 4, -3621, -2199, 0, 5, 0, -78, -5, 0, 0, 53, 0, -6864], [39, 1, 2, 753, 1774, 0, 26, 0, 9, 0, 0, 0, 4, 0, 4383], [3, 1, 2, -2208, -266, 0, 5, 0, -61, 1, 0, 0, 25, 0, -812], [133, 3, 6, -2214, -1350, 0, -21, 0, -104, -6, 0, 0, 74, 0, -6842], [555, 2, 4, -6516, -3608, 0, -43, 0, -94, -1, 0, 0, 90, 0, 787], [14, 1, 2, 139, 1427, 0, -5, 0, -33, -1, 0, 0, 8, 0, 7463], [31, 15, 30, -6781, -3850, 0, -21, 0, -191, 2, 0, 0, 368, 0, 4596], [27, 1, 2, -273, 421, 0, 19, 0, -43, 0, 0, 0, 27, 0, -895], [23, 9, 18, 399, -1997, 0, -23, 0, 93, -2, 0, 0, 171, 0, -17464], [157, 1, 2, 1061, 2646, 0, 16, 0, -33, 2, 0, 0, -2, 0, 4678], [223, 1, 2, -2426, -2044, 0, -14, 0, -48, 0, 0, 0, 38, 0, 2591], [38, 1, 2, -1863, -1026, 0, 18, 0, -83, 3, 0, 0, 30, 0, -1001], [516, 2, 4, 248, 1179, 0, -21, 0, -36, 3, 0, 0, 38, 0, 9661], [76, 196, 391, 71608, 164501, 0, -866, 0, 86, 95, 0, 0, 3015, 0, 501920], [28, 239, 475, -81362, -42929, 0, -2245, 0, -3363, 55, 0, 0, 5189, 0, 32063], [120, 304, 604, -45595, 135180, 0, -889, 0, -2435, 40, 0, 0, 5232, 0, 571582], [245, 622, 1212, -246421, 7032, 0, -1216, 0, -10583, 170, 0, 0, 12126, 0, 470327], [56, 217, 419, 12397, 94040, 0, -629, 0, -382, 22, 0, 0, 3549, 0, 448296], [121, 587, 1130, -249602, 43872, 0, -4207, 0, -6458, 339, 0, 0, 11085, 0, 401587], [35, 356, 681, -178695, 48455, 0, -1778, 0, -7853, 188, 0, 0, 6546, 0, 643507], [106, 80, 153, -65584, -13751, 0, -353, 0, -1793, 13, 0, 0, 1656, 0, 170228], [59, 491, 939, -257836, 28819, 0, -1834, 0, -9171, 74, 0, 0, 9581, 0, 899272], [48, 33, 63, -9520, 4563, 0, -56, 0, -276, 4, 0, 0, 558, 0, 52795], [163, 85, 162, -29116, 1673, 0, -257, 0, -1460, 4, 0, 0, 1563, 0, 147243], [24, 174, 330, -45323, 36868, 0, -622, 0, -998, 96, 0, 0, 2993, 0, 60723], [131, 28, 53, -7872, -5092, 0, 0, 0, -119, -2, 0, 0, 538, 0, -20322], [30, 154, 291, 74773, 81719, 0, -245, 0, 1260, 15, 0, 0, 2329, 0, 97364], [57, 17, 32, -14457, -12320, 0, -53, 0, -438, -2, 0, 0, 434, 0, 5486], [11, 373, 697, -84083, 108086, 0, -792, 0, -783, 73, 0, 0, 6017, 0, -58255], [29, 69, 128, -86069, -35114, 0, -279, 0, -2627, -18, 0, 0, 1567, 0, -5106], [154, 372, 682, -247368, -244530, 0, -1224, 0, -9972, -19, 0, 0, 8928, 0, 283678], [5, 185, 339, -105396, 11846, 0, -1212, 0, -2434, 62, 0, 0, 3398, 0, 402121], [19, 220, 399, -70611, 58363, 0, -1085, 0, -1684, 69, 0, 0, 3557, 0, 481061], [20, 182, 328, -117954, -66786, 0, -364, 0, -3400, -48, 0, 0, 3982, 0, 212756], [68, 5, 9, -5567, -368, 0, 17, 0, -88, 2, 0, 0, 88, 0, 11312], [77, 103, 178, 78, 45090, 0, -430, 0, 186, 5, 0, 0, 1511, 0, 269626], [238, 2, 3, 1501, -1004, 0, 30, 0, -33, 1, 0, 0, 36, 0, -1661], [6, 4, 6, 124, 579, 0, 24, 0, 20, -2, 0, 0, 54, 0, 18527], [53, 2, 3, -4363, -3325, 0, 13, 0, -151, -1, 0, 0, 55, 0, 1520], [222, 1, 1, 1320, 1199, 0, 19, 0, -7, 1, 0, 0, 0, 0, 6671], [91, 1, 1, 603, 307, 0, 5, 0, -17, 2, 0, 0, 8, 0, 4295], [432, 2, 2, -1534, -598, 0, 10, 0, -64, 0, 0, 0, 27, 0, -9668], [103, 1, 1, 309, 1462, 0, -5, 0, 4, 0, 0, 0, 0, 0, 6561], [22, 1, 1, -1506, -854, 0, -14, 0, -31, -1, 0, 0, 20, 0, 4221], [12, 1, 1, -314, -286, 0, -7, 0, -19, 1, 0, 0, 11, 0, 10223]],