{"primary_winrate_percent": 50.06091370558375, "winrate_top": 50.019646365422396, "winrate_jungle": 50.06091370558375, "winrate_mid": 46.735395189003434, "winrate_adc": 20.0, "winrate_support": 29.629629629629626, "roles": [1, 4, 5, 2, 3], "matchups_top": [[68, 16, 22], [240, 43, 65], [107, 12, 19], [54, 24, 40], [14, 15, 25], [24, 41, 71], [133, 13, 23], [80, 28, 50], [10, 89, 159], [106, 10, 18], [122, 68, 123], [57, 11, 20], [420, 25, 46], [84, 61, 113], [83, 15, 28], [126, 26, 49], [67, 17, 33], [86, 66, 130], [58, 47, 93], [23, 16, 32]], "matchups_jungle": [[77, 106, 181], [29, 74, 131], [154, 382, 683], [5, 185, 337], [20, 175, 321], [11, 380, 701], [106, 81, 150], [19, 219, 406], [163, 85, 158], [59, 496, 929], [30, 155, 296], [24, 175, 335], [35, 351, 677], [121, 595, 1160], [245, 638, 1245], [76, 201, 394], [120, 309, 613], [56, 215, 427], [104, 212, 422], [28, 236, 473]], "matchups_mid": [[268, 2, 2], [42, 2, 2], [266, 2, 2], [25, 3, 3], [81, 5, 5], [517, 3, 3], [80, 4, 5], [10, 4, 5], [142, 3, 4], [8, 6, 8], [90, 5, 7], [18, 4, 6], [99, 4, 6], [13, 6, 9], [103, 11, 17], [7, 5, 8], [91, 6, 10], [1, 3, 5], [39, 3, 5], [157, 12, 21]], "matchups_adc": [[21, 1, 1], [51, 2, 2], [145, 1, 1], [222, 2, 2], [236, 1, 1], [498, 1, 3]], "matchups_support": [[25, 1, 1], [26, 1, 1], [43, 1, 1], [45, 1, 1], [79, 1, 1], [89, 3, 3], [99, 1, 1], [111, 1, 1], [143, 2, 2], [350, 1, 1], [412, 2, 3], [53, 2, 4], [555, 1, 2], [117, 1, 3], [12, 0, 1], [201, 0, 1]]}