{"primary_winrate_percent": 0.5221296116818505, "matchups_top": 0.5221296116818505, "matchups_jungle": 0.4117647058823529, "matchups_mid": 0.5182648401826484, "matchups_adc": 0.4632352941176471, "matchups_support": 0.3877551020408163, "roles": [4, 1, 5, 2, 3]}