{"primary_winrate_percent": 52.24501932798097, "winrate_top": 52.24501932798097, "winrate_jungle": 41.312741312741316, "winrate_mid": 51.470588235294116, "winrate_adc": 47.2972972972973, "winrate_support": 38.164251207729464, "roles": [4, 1, 5, 2, 3], "matchups_top": [[10, 585, 1046], [57, 82, 148], [17, 223, 409], [54, 163, 304], [82, 314, 607], [6, 138, 267], [83, 98, 190], [114, 374, 726], [68, 64, 125], [86, 422, 834], [107, 61, 122], [31, 110, 221], [157, 156, 314], [420, 105, 212], [41, 278, 564], [67, 104, 211], [133, 72, 147], [122, 366, 751], [13, 203, 420], [23, 202, 421]], "matchups_jungle": [[77, 3, 3], [33, 3, 3], [76, 2, 2], [28, 6, 7], [104, 6, 7], [30, 5, 6], [5, 8, 10], [11, 10, 13], [54, 3, 4], [421, 3, 4], [36, 3, 4], [111, 3, 4], [254, 3, 4], [107, 2, 3], [35, 2, 3], [64, 16, 24], [56, 6, 10], [245, 12, 20], [141, 11, 19], [154, 4, 7]], "matchups_mid": [[54, 3, 3], [126, 3, 3], [25, 3, 3], [84, 15, 19], [34, 3, 4], [134, 9, 13], [142, 6, 9], [115, 4, 6], [104, 2, 3], [79, 2, 3], [50, 2, 3], [161, 4, 6], [62, 2, 3], [4, 7, 11], [245, 5, 8], [99, 8, 13], [45, 6, 10], [3, 4, 7], [13, 13, 23], [131, 9, 16]], "matchups_adc": [[15, 1, 1], [29, 2, 2], [105, 1, 1], [110, 3, 3], [119, 3, 3], [429, 1, 1], [518, 1, 1], [21, 7, 8], [18, 6, 8], [22, 10, 16], [51, 13, 22], [96, 1, 2], [202, 4, 8], [222, 3, 6], [236, 6, 13], [67, 3, 7], [498, 4, 10], [145, 7, 24], [81, 2, 7], [41, 0, 1]], "matchups_support": [[350, 3, 3], [50, 5, 5], [40, 4, 5], [9, 3, 4], [99, 3, 4], [267, 11, 15], [16, 8, 11], [111, 12, 17], [555, 7, 10], [117, 9, 13], [432, 2, 3], [201, 2, 3], [25, 6, 9], [161, 2, 3], [53, 10, 16], [412, 11, 18], [89, 6, 12], [101, 1, 2], [43, 2, 4], [3, 1, 2]]}