{"primary_winrate_percent": 52.212961168185046, "matchups_top": 52.212961168185046, "matchups_jungle": 41.17647058823529, "matchups_mid": 51.82648401826484, "matchups_adc": 46.32352941176471, "matchups_support": 38.775510204081634, "roles": [4, 1, 5, 2, 3]}