{"primary_winrate_percent": 51.27689761172854, "matchups_top": 51.27689761172854, "matchups_jungle": 46.86907020872865, "matchups_mid": 48.75107665805341, "matchups_adc": 40.86021505376344, "matchups_support": 47.22466960352423, "roles": [4, 2, 5, 1, 3]}