{"primary_winrate_percent": 51.24275735095034, "winrate_top": 51.24275735095034, "winrate_jungle": 47.16312056737589, "winrate_mid": 48.97476340694006, "winrate_adc": 42.42424242424242, "winrate_support": 47.40622505985635, "roles": [4, 2, 5, 1, 3], "matchups_top": [[82, 399, 719], [57, 83, 153], [27, 98, 182], [98, 220, 414], [83, 136, 259], [54, 190, 362], [78, 85, 162], [516, 173, 333], [10, 633, 1223], [68, 96, 186], [240, 174, 339], [74, 67, 131], [92, 351, 693], [122, 449, 890], [164, 205, 409], [86, 479, 956], [24, 311, 622], [31, 135, 272], [114, 407, 822], [133, 84, 171]], "matchups_jungle": [[77, 5, 5], [106, 4, 4], [517, 3, 3], [2, 6, 7], [54, 5, 6], [36, 4, 5], [203, 7, 9], [72, 3, 4], [24, 8, 11], [141, 25, 37], [254, 11, 17], [245, 17, 28], [121, 20, 33], [35, 13, 22], [246, 4, 7], [30, 4, 7], [5, 6, 11], [107, 7, 13], [120, 12, 23], [64, 32, 63]], "matchups_mid": [[161, 6, 7], [39, 16, 21], [101, 7, 10], [61, 16, 24], [142, 11, 18], [4, 21, 35], [69, 9, 15], [90, 12, 21], [55, 24, 42], [99, 12, 21], [7, 17, 30], [103, 22, 39], [38, 15, 27], [91, 28, 51], [134, 18, 33], [246, 19, 35], [518, 9, 17], [112, 10, 19], [84, 24, 46], [157, 66, 128]], "matchups_adc": [[15, 4, 4], [18, 4, 4], [21, 3, 3], [67, 3, 3], [74, 1, 1], [86, 1, 1], [96, 2, 2], [498, 5, 8], [119, 3, 5], [222, 4, 7], [81, 6, 11], [22, 6, 12], [236, 5, 10], [145, 7, 17], [51, 2, 6], [202, 1, 3], [110, 0, 1], [157, 0, 1]], "matchups_support": [[44, 5, 7], [16, 27, 41], [117, 39, 61], [40, 27, 43], [43, 14, 23], [53, 68, 114], [111, 59, 99], [201, 8, 14], [143, 12, 21], [25, 40, 70], [99, 29, 51], [50, 16, 29], [432, 15, 29], [555, 29, 58], [9, 8, 16], [497, 35, 70], [89, 44, 91], [12, 7, 15], [412, 68, 147], [101, 6, 13]]}