{"primary_winrate_percent": 0.5127689761172854, "matchups_top": 0.5127689761172854, "matchups_jungle": 0.4686907020872865, "matchups_mid": 0.48751076658053405, "matchups_adc": 0.40860215053763443, "matchups_support": 0.4722466960352423, "roles": [4, 2, 5, 1, 3]}