{"primary_winrate_percent": 49.06749555950267, "winrate_top": 37.5, "winrate_jungle": 20.0, "winrate_mid": 47.39583333333333, "winrate_adc": 49.06749555950267, "winrate_support": 30.434782608695656, "roles": [3, 5, 4, 2, 1], "matchups_top": [[92, 4, 4], [23, 1, 1], [80, 2, 2], [107, 1, 1], [114, 1, 1], [103, 1, 1], [57, 2, 2], [121, 1, 1], [133, 1, 1], [8, 4, 4], [13, 1, 1], [17, 3, 3], [81, 1, 1], [75, 1, 1], [78, 1, 1], [164, 1, 1], [86, 6, 7], [10, 3, 4], [82, 3, 4], [68, 2, 3]], "matchups_jungle": [[59, 1, 1], [64, 1, 1], [104, 1, 1], [245, 1, 1], [254, 0, 1]], "matchups_mid": [[112, 3, 3], [9, 1, 1], [74, 2, 2], [42, 1, 1], [245, 1, 1], [82, 3, 3], [3, 1, 1], [161, 1, 1], [81, 1, 1], [91, 6, 7], [90, 5, 7], [45, 9, 13], [38, 2, 3], [56, 2, 3], [10, 2, 3], [518, 2, 3], [13, 4, 6], [39, 2, 3], [8, 5, 8], [99, 3, 5]], "matchups_adc": [[202, 999, 1767], [110, 210, 385], [29, 162, 299], [222, 1164, 2178], [22, 2005, 3769], [96, 117, 221], [21, 507, 960], [67, 970, 1862], [119, 438, 849], [498, 1491, 2904], [18, 494, 980], [74, 80, 159], [51, 2054, 4096], [145, 2502, 5071], [236, 1087, 2217], [81, 1319, 2797], [157, 100, 232]], "matchups_support": [[17, 1, 1], [25, 1, 1], [50, 1, 1], [53, 1, 1], [99, 3, 3], [117, 1, 1], [161, 1, 1], [111, 4, 5], [412, 2, 3], [89, 1, 2], [16, 0, 1], [43, 0, 1], [115, 0, 1], [201, 0, 1]]}