{"primary_winrate_percent": 49.076200596441915, "matchups_top": 36.0, "matchups_jungle": 20.0, "matchups_mid": 47.701149425287355, "matchups_adc": 49.076200596441915, "matchups_support": 25.0, "roles": [3, 5, 4, 2, 1]}