{"primary_winrate_percent": 0.49076200596441916, "matchups_top": 0.36, "matchups_jungle": 0.2, "matchups_mid": 0.47701149425287354, "matchups_adc": 0.49076200596441916, "matchups_support": 0.25, "roles": [3, 5, 4, 2, 1]}