{"primary_winrate_percent": 49.20008905569161, "lane_winrates": {"1": 25.0, "2": 33.33333333333333, "3": 49.20008905569161, "4": 37.03703703703704, "5": 45.07772020725388}, "roles": [3, 5, 4, 2, 1], "matchups": {"1": [[254, 0, 1, -1081, -1232, 0, -16, 0, 16, -1, 0, 0, 19, 0, -6634], [104, 1, 1, 4490, 5060, 0, -3, 0, 90, 1, 0, 0, -5, 0, 16834], [64, 1, 1, 4109, 8608, 0, 42, 0, 40, 7, 0, 0, -23, 0, 14263], [59, 1, 1, 2702, 1884, 0, -13, 0, 44, 0, 0, 0, -3, 0, 7547]], "2": [[201, 0, 1, 234, 208, 0, 19, 0, 0, -1, 0, 0, 14, 0, -5512], [115, 0, 1, -883, 37, 0, -14, 0, 0, 1, 0, 0, 9, 0, -61], [43, 0, 1, -1256, -1649, 0, -5, 0, 0, -3, 0, 0, 27, 0, -6912], [17, 0, 1, -233, -320, 0, 3, 0, -1, 0, 0, 0, 13, 0, -5734], [16, 0, 1, 165, -123, 0, -13, 0, 0, -1, 0, 0, 18, 0, 537], [89, 1, 2, 298, -754, 0, 21, 0, 0, -1, 0, 0, 23, 0, 12024], [412, 2, 3, 623, 1641, 0, -93, 0, 0, 1, 0, 0, 20, 0, 6613], [111, 4, 5, 5776, 5340, 0, 55, 0, 0, 5, 0, 0, 18, 0, 38469], [267, 1, 1, 1391, 2392, 0, -6, 0, 0, 0, 0, 0, 0, 0, 11085], [161, 1, 1, 456, 410, 0, -6, 0, -35, 0, 0, 0, 6, 0, 670], [117, 1, 1, 465, -403, 0, -22, 0, 0, 1, 0, 0, 13, 0, -1066], [99, 3, 3, 3681, 1558, 0, -31, 0, 0, 0, 0, 0, 26, 0, -1758], [53, 1, 1, -359, -731, 0, -53, 0, 0, 0, 0, 0, 15, 0, 6829], [25, 2, 2, 1066, 328, 0, -51, 0, 2, -1, 0, 0, 15, 0, 8432]], "3": [[517, 0, 2, -3348, -4834, 0, -55, 0, -1, -4, 0, 0, 47, 0, -20831], [44, 0, 1, -692, -1519, 0, -52, 0, 0, -1, 0, 0, 21, 0, -6273], [3, 0, 1, -1785, -4977, 0, -50, 0, 0, -5, 0, 0, 36, 0, -10074], [6, 0, 1, -273, -784, 0, -9, 0, 1, 1, 0, 0, 16, 0, -4915], [2, 0, 1, -339, -1096, 0, -32, 0, 0, -2, 0, 0, 19, 0, -2328], [121, 0, 1, -1524, -378, 0, -48, 0, 0, 0, 0, 0, 15, 0, -602], [268, 0, 3, -931, -2111, 0, -65, 0, -4, 2, 0, 0, 49, 0, 2600], [14, 0, 4, -1420, -3420, 0, -91, 0, -4, -2, 0, 0, 56, 0, -6557], [5, 0, 1, -535, -403, 0, -5, 0, -4, 1, 0, 0, 15, 0, -6096], [54, 0, 3, -1329, -5064, 0, -114, 0, 0, -3, 0, 0, 58, 0, -22427], [114, 0, 1, -1159, -3525, 0, -46, 0, 4, -4, 0, 0, 37, 0, -4740], [89, 0, 1, -722, -2928, 0, -62, 0, -4, -2, 0, 0, 29, 0, -6560], [27, 0, 1, 76, -885, 0, -9, 0, 0, -3, 0, 0, 19, 0, 1993], [28, 0, 2, -958, -108, 0, -10, 0, 0, 2, 0, 0, 18, 0, -4720], [223, 0, 1, -1329, -1047, 0, -46, 0, 0, 0, 0, 0, 19, 0, -1810], [38, 0, 1, -1513, -4088, 0, -36, 0, -11, -3, 0, 0, 30, 0, -8635], [13, 2, 11, 1117, -6751, 0, -63, 0, 13, -2, 0, 0, 175, 0, -47846], [115, 2, 10, -1800, -5065, 0, -43, 0, 4, 2, 0, 0, 122, 0, -36585], [142, 2, 9, 6282, 1443, 0, 76, 0, 0, -1, 0, 0, 90, 0, -3332], [122, 1, 4, -794, -6004, 0, -124, 0, -2, 0, 0, 0, 67, 0, -28142], [58, 1, 4, -258, -1193, 0, -35, 0, 0, -4, 0, 0, 44, 0, 2393], [17, 3, 11, -3691, -13087, 0, -225, 0, -5, 1, 0, 0, 194, 0, -31008], [518, 4, 13, 772, 1381, 0, -66, 0, 0, -6, 0, 0, 139, 0, -4976], [84, 1, 3, -833, -5411, 0, -117, 0, 0, -1, 0, 0, 64, 0, -13776], [42, 3, 9, -3831, -4844, 0, -77, 0, 9, 1, 0, 0, 122, 0, -11349], [61, 1, 3, 510, -2348, 0, 9, 0, 4, 2, 0, 0, 40, 0, -4339], [350, 7, 20, -16974, -32302, 0, -1495, 0, -13, -15, 0, 0, 439, 0, -64164], [39, 4, 11, 3002, 4712, 0, 158, 0, 8, 3, 0, 0, 84, 0, -10807], [8, 3, 8, -394, -1881, 0, -54, 0, -8, 2, 0, 0, 78, 0, -23396], [4, 3, 8, -5704, -8073, 0, -185, 0, -8, -4, 0, 0, 128, 0, -23305], [86, 7, 18, -7028, -19060, 0, -405, 0, -1, -15, 0, 0, 344, 0, -23329], [429, 41, 104, 5437, 55259, 0, 898, 0, 72, 50, 0, 0, 641, 0, 4932], [31, 2, 5, 2451, 3207, 0, -49, 0, 4, 6, 0, 0, 14, 0, 21192], [80, 2, 5, -721, -659, 0, -94, 0, 0, 2, 0, 0, 60, 0, -10493], [157, 95, 226, 20302, 43075, 0, 795, 0, 114, 29, 0, 0, 1833, 0, -53644], [45, 60, 142, -26377, -82011, 0, -1599, 0, -46, -35, 0, 0, 2039, 0, -159322], [412, 3, 7, 1415, 2403, 0, 21, 0, 0, 5, 0, 0, 54, 0, -7656], [1, 4, 9, -4962, -9262, 0, -146, 0, -6, 0, 0, 0, 138, 0, -19134], [81, 1320, 2787, -386466, -209767, 0, -13071, 0, -222, -803, 0, 0, 29813, 0, -974745], [236, 1092, 2233, 305543, 796277, 0, 10804, 0, 329, 832, 0, 0, 15854, 0, 705665], [74, 74, 151, 46150, 29849, 0, 169, 0, 58, 0, 0, 0, 1306, 0, 105633], [145, 2496, 5044, -73526, 654136, 0, 3137, 0, 1143, 1241, 0, 0, 45108, 0, 9820], [51, 2047, 4095, -115742, 548450, 0, 13820, 0, 459, -497, 0, 0, 37001, 0, 859258], [164, 1, 2, 1349, 2287, 0, 21, 0, 4, 1, 0, 0, 0, 0, 9105], [64, 1, 2, -1147, -1157, 0, -24, 0, 0, 0, 0, 0, 30, 0, -8823], [143, 1, 2, -2687, -3149, 0, -87, 0, 0, -3, 0, 0, 44, 0, 5120], [37, 1, 2, 1022, 108, 0, -68, 0, 0, -1, 0, 0, 21, 0, 4149], [126, 2, 4, -2632, -5219, 0, -68, 0, 0, -3, 0, 0, 86, 0, -5980], [82, 2, 4, -2112, -9763, 0, -117, 0, 8, -5, 0, 0, 127, 0, -17209], [91, 1, 2, 1460, 1555, 0, -17, 0, 0, 2, 0, 0, 7, 0, 3559], [9, 1, 2, -1303, -3501, 0, -70, 0, 0, -3, 0, 0, 54, 0, -3326], [203, 3, 6, 334, 1164, 0, 3, 0, 7, 10, 0, 0, 48, 0, -596], [103, 6, 12, 2505, -2629, 0, -58, 0, -4, -4, 0, 0, 158, 0, 1263], [90, 2, 4, -176, -2140, 0, -12, 0, 0, -1, 0, 0, 63, 0, 4783], [18, 498, 989, 48316, 287017, 0, -3667, 0, 209, 475, 0, 0, 7557, 0, 353952], [498, 1474, 2887, 129202, 394210, 0, 794, 0, 812, 371, 0, 0, 25356, 0, 735618], [67, 956, 1860, 41114, 134117, 0, -3967, 0, 208, 551, 0, 0, 17541, 0, -32461], [134, 45, 87, 2449, -3923, 0, 127, 0, 35, 14, 0, 0, 908, 0, 59168], [119, 446, 853, 90251, 719891, 0, 8387, 0, 444, 144, 0, 0, 3064, 0, 991468], [21, 507, 962, 63546, 285014, 0, 3408, 0, 53, 49, 0, 0, 7297, 0, 377232], [22, 1995, 3769, 58853, 476084, 0, -665, 0, 380, 402, 0, 0, 34357, 0, 1249804], [69, 9, 17, 3898, -3020, 0, 110, 0, 5, -4, 0, 0, 212, 0, -3916], [222, 1158, 2170, -249828, -58086, 0, -3953, 0, 542, -194, 0, 0, 22053, 0, -122232], [96, 119, 222, 6455, 22599, 0, -328, 0, 35, 8, 0, 0, 2127, 0, 449], [104, 7, 13, 2768, 3415, 0, 24, 0, 0, 2, 0, 0, 126, 0, 19823], [112, 7, 13, 5, -3040, 0, 6, 0, 8, -2, 0, 0, 136, 0, -6634], [110, 210, 389, 39222, 115765, 0, 1060, 0, 63, 81, 0, 0, 3108, 0, 278464], [10, 6, 11, 4075, -6649, 0, -47, 0, -4, -3, 0, 0, 161, 0, -16096], [202, 968, 1739, 115000, 362414, 0, 5467, 0, 200, 211, 0, 0, 14725, 0, 916938], [29, 161, 289, 1922, 27155, 0, -1825, 0, 54, 157, 0, 0, 2598, 0, -62764], [50, 25, 44, 6041, -20695, 0, -549, 0, -15, 5, 0, 0, 654, 0, 29764], [101, 4, 7, 284, -7113, 0, -92, 0, -4, -6, 0, 0, 126, 0, 7207], [99, 7, 12, 4743, -715, 0, -49, 0, 0, 1, 0, 0, 122, 0, 7921], [161, 10, 17, 4700, -87, 0, -123, 0, 4, 6, 0, 0, 188, 0, 24102], [133, 10, 16, 6322, -1088, 0, -222, 0, -1, 1, 0, 0, 151, 0, 7198], [34, 2, 3, 2113, 993, 0, -37, 0, 16, 3, 0, 0, 17, 0, 4995], [30, 7, 10, 2866, 2019, 0, 11, 0, 8, 0, 0, 0, 83, 0, 8339], [63, 5, 7, -918, -4093, 0, -140, 0, 0, -7, 0, 0, 115, 0, 2962], [25, 9, 12, 5732, 8746, 0, 35, 0, 0, 4, 0, 0, 72, 0, 13451], [105, 1, 1, 1327, 2778, 0, 21, 0, 0, 3, 0, 0, -19, 0, 4594], [11, 1, 1, -362, 597, 0, 1, 0, -4, 0, 0, 0, 4, 0, 345], [26, 1, 1, 1308, 1841, 0, 10, 0, 0, 4, 0, 0, -11, 0, 3093], [136, 1, 1, -292, 117, 0, 4, 0, 0, 1, 0, 0, 9, 0, 2350], [20, 1, 1, -1060, -2560, 0, -61, 0, 4, -2, 0, 0, 29, 0, -6471], [79, 1, 1, 154, -1323, 0, 2, 0, -4, -1, 0, 0, 23, 0, 2037], [7, 1, 1, 347, -779, 0, -34, 0, 3, -1, 0, 0, 12, 0, 9528], [85, 1, 1, 395, 302, 0, 30, 0, 0, -1, 0, 0, 6, 0, 150], [150, 1, 1, -35, -82, 0, 15, 0, 0, 0, 0, 0, 12, 0, -1782], [163, 4, 4, 3185, 6021, 0, 39, 0, 8, 3, 0, 0, -9, 0, 22330], [55, 1, 1, 558, 231, 0, 4, 0, 0, 1, 0, 0, 2, 0, 140], [72, 1, 1, 526, 406, 0, -5, 0, 0, 2, 0, 0, 2, 0, 3477], [57, 1, 1, 607, 2087, 0, -6, 0, 0, 2, 0, 0, -11, 0, 4501], [555, 1, 1, 1574, 3264, 0, 15, 0, 0, 2, 0, 0, -6, 0, 7951], [240, 2, 2, 4671, 2179, 0, 20, 0, 0, 3, 0, 0, 1, 0, -5872], [107, 2, 2, -900, 3682, 0, 13, 0, 0, 8, 0, 0, -16, 0, 13504], [24, 1, 1, 849, 1591, 0, -6, 0, 0, 1, 0, 0, -2, 0, 5552], [131, 1, 1, 1510, 1193, 0, -34, 0, 0, 2, 0, 0, 9, 0, 3404], [23, 1, 1, 1290, -1030, 0, -5, 0, 0, 0, 0, 0, 13, 0, -365], [246, 1, 1, 5070, 3127, 0, 83, 0, 1, 0, 0, 0, -10, 0, 9308], [127, 1, 1, 1403, 126, 0, 1, 0, 0, 0, 0, 0, 6, 0, 1277]],