{"primary_winrate_percent": 48.488257629025455, "matchups_top": 47.27272727272727, "matchups_jungle": 48.488257629025455, "matchups_mid": 40.0, "matchups_adc": 38.46153846153847, "matchups_support": 37.142857142857146, "roles": [1, 4, 2, 5, 3]}