{"primary_winrate_percent": 48.43627834245504, "lane_winrates": {"1": 48.43627834245504, "2": 39.53488372093023, "3": 42.857142857142854, "4": 48.03921568627451, "5": 36.36363636363637}, "roles": [1, 4, 2, 5, 3], "matchups": {"1": [[63, 0, 1, 532, -445, 0, 3, 0, -3, 0, 0, 0, 12, 0, -1047], [81, 0, 3, -1026, -663, 0, 1, 0, 7, -1, 0, 0, 36, 0, -390], [143, 0, 1, 214, 354, 0, 18, 0, 14, 0, 0, 0, 4, 0, 2322], [67, 0, 1, 640, 698, 0, -5, 0, -1, 0, 0, 0, 3, 0, 2123], [119, 0, 1, -477, 406, 0, 16, 0, -31, -1, 0, 0, 12, 0, -2040], [91, 0, 1, -1635, -1119, 0, 11, 0, -16, 0, 0, 0, 15, 0, -12877], [10, 0, 1, -3167, -2973, 0, -13, 0, -30, -3, 0, 0, 25, 0, -10335], [27, 0, 1, -299, -1714, 0, -5, 0, 2, -3, 0, 0, 23, 0, -7417], [157, 0, 1, -385, -1753, 0, 8, 0, -16, -1, 0, 0, 18, 0, -9702], [12, 0, 1, -1907, -1493, 0, 0, 0, -21, 1, 0, 0, 21, 0, -4553], [14, 1, 4, 247, -411, 0, 25, 0, 6, 1, 0, 0, 36, 0, -5736], [164, 3, 11, -7602, -2096, 0, -3, 0, -187, 0, 0, 0, 108, 0, -2615], [92, 3, 10, -2224, -2514, 0, 10, 0, -87, -2, 0, 0, 114, 0, -5445], [111, 2, 6, -10665, -6436, 0, 1, 0, -147, 0, 0, 0, 112, 0, -250], [266, 3, 9, -6128, -4760, 0, -31, 0, -35, -7, 0, 0, 141, 0, -17774], [113, 26, 62, -24590, -19048, 0, 41, 0, -716, -2, 0, 0, 718, 0, -81195], [11, 136, 315, -711, 90800, 0, 391, 0, 140, -17, 0, 0, 2311, 0, -197236], [77, 33, 76, -12344, 13389, 0, -86, 0, -9, 15, 0, 0, 584, 0, 5941], [31, 7, 15, 2306, 2056, 0, -24, 0, 21, 9, 0, 0, 134, 0, -8609], [29, 24, 51, -1376, 18062, 0, 213, 0, -571, -13, 0, 0, 351, 0, 29751], [107, 70, 148, 19156, 32609, 0, 417, 0, -22, 8, 0, 0, 1164, 0, -39111], [246, 18, 38, -13880, -11066, 0, -8, 0, -241, -5, 0, 0, 465, 0, -8956], [79, 89, 187, -45276, -21039, 0, 71, 0, -1409, -3, 0, 0, 2074, 0, 28178], [36, 46, 96, 38182, 63897, 0, 432, 0, 331, 31, 0, 0, 439, 0, 31702], [131, 12, 25, 3512, 2200, 0, 112, 0, 18, 6, 0, 0, 213, 0, -20305], [5, 52, 108, 6400, 42529, 0, 106, 0, -317, 28, 0, 0, 728, 0, 74245], [104, 56, 116, 29980, 47491, 0, 671, 0, 155, 15, 0, 0, 804, 0, 65833], [59, 180, 370, -32789, 92256, 0, 262, 0, -1805, 38, 0, 0, 2964, 0, 274958], [54, 69, 141, -41701, -20249, 0, 44, 0, -1218, 11, 0, 0, 1568, 0, -23150], [80, 37, 75, -1164, 29400, 0, 222, 0, -736, 19, 0, 0, 564, 0, 69801], [105, 1, 2, -1901, -183, 0, 1, 0, -36, -1, 0, 0, 25, 0, -7136], [83, 1, 2, 874, 406, 0, 12, 0, -17, 0, 0, 0, 15, 0, -6525], [75, 2, 4, -2162, -252, 0, 2, 0, -13, -3, 0, 0, 32, 0, -977], [17, 1, 2, -1192, -1366, 0, 8, 0, -46, -2, 0, 0, 29, 0, -13458], [44, 2, 4, -3514, -6388, 0, 23, 0, -170, -2, 0, 0, 81, 0, -18004], [133, 1, 2, -1973, -1438, 0, 17, 0, -64, 1, 0, 0, 38, 0, 1414], [86, 4, 8, 1669, 4440, 0, 111, 0, -68, 5, 0, 0, 58, 0, 13963], [240, 1, 2, 801, 2464, 0, -1, 0, 18, 0, 0, 0, 4, 0, 3115], [56, 85, 169, 67130, 98670, 0, 512, 0, 513, 52, 0, 0, 887, 0, 82785], [154, 110, 217, -42797, -39229, 0, 185, 0, -2533, 10, 0, 0, 2433, 0, -13064], [20, 60, 118, -15841, -11189, 0, 391, 0, -600, -25, 0, 0, 1179, 0, 63356], [64, 496, 975, 19087, 315474, 0, 815, 0, -4734, 258, 0, 0, 7092, 0, 887645], [121, 256, 502, -55017, 64880, 0, -296, 0, -1615, 155, 0, 0, 4333, 0, -7113], [245, 240, 469, -14932, 76053, 0, 694, 0, -2615, 81, 0, 0, 4004, 0, 222570], [62, 19, 37, -7714, -9695, 0, 65, 0, -372, -6, 0, 0, 443, 0, -43773], [60, 163, 317, -84049, 4009, 0, -278, 0, -2995, 19, 0, 0, 3105, 0, 210076], [2, 101, 195, 58752, 119104, 0, 756, 0, 192, 74, 0, 0, 907, 0, 1630], [120, 140, 270, 28193, 101362, 0, 506, 0, -584, 32, 0, 0, 1853, 0, 207143], [254, 119, 229, 15419, 34579, 0, 110, 0, -211, 5, 0, 0, 1948, 0, 145426], [19, 92, 177, -8119, 65094, 0, 207, 0, -451, 36, 0, 0, 1240, 0, 114425], [163, 29, 55, 1003, 10115, 0, 99, 0, -201, 10, 0, 0, 403, 0, 44927], [33, 55, 104, -39298, -36065, 0, 52, 0, -1235, -33, 0, 0, 1315, 0, -10267], [517, 18, 34, -4224, 5350, 0, 68, 0, -258, 8, 0, 0, 284, 0, 21678], [78, 9, 17, -8714, -7745, 0, -34, 0, -217, -5, 0, 0, 204, 0, -2617], [57, 8, 15, -3571, 3608, 0, 18, 0, -123, 7, 0, 0, 112, 0, -10384], [141, 243, 450, 24893, 115138, 0, 810, 0, -713, 62, 0, 0, 3383, 0, 47344], [32, 75, 138, 7274, 1186, 0, 79, 0, -337, 1, 0, 0, 1397, 0, -33945], [24, 74, 136, 3057, 19593, 0, 141, 0, -252, 2, 0, 0, 1158, 0, 75096], [421, 66, 121, 20113, 63910, 0, -4, 0, -499, 33, 0, 0, 745, 0, 161213], [82, 5, 9, -501, -1366, 0, 16, 0, -1, -1, 0, 0, 115, 0, 24953], [28, 109, 195, 13228, 29007, 0, -184, 0, -429, 11, 0, 0, 1646, 0, 102204], [35, 122, 216, -44127, 38209, 0, -128, 0, -1962, 56, 0, 0, 1836, 0, 91812], [30, 59, 101, 44971, 45177, 0, 215, 0, 795, 3, 0, 0, 581, 0, 64342], [76, 72, 120, 42844, 72040, 0, 119, 0, 422, 36, 0, 0, 609, 0, 129697], [102, 51, 84, 45734, 41704, 0, 476, 0, 273, 21, 0, 0, 484, 0, 99886], [106, 35, 57, -258, 15208, 0, 257, 0, -403, 19, 0, 0, 441, 0, 9696], [48, 17, 27, 2293, 5128, 0, 69, 0, -73, 9, 0, 0, 199, 0, 17012], [9, 36, 57, 5784, 7454, 0, 211, 0, -302, -2, 0, 0, 497, 0, 61514], [203, 52, 82, -295, 32401, 0, 137, 0, -216, -1, 0, 0, 520, 0, 125665], [98, 2, 3, 1112, 2161, 0, 7, 0, -44, 1, 0, 0, 21, 0, 11159], [516, 2, 3, 1853, 1866, 0, 18, 0, -3, 3, 0, 0, 19, 0, -302], [427, 32, 47, -3465, -6528, 0, -121, 0, -208, -8, 0, 0, 523, 0, 10889], [145, 5, 6, -2180, -972, 0, 21, 0, -22, -4, 0, 0, 67, 0, -2033], [23, 9, 10, 3097, 7647, 0, 52, 0, 32, 7, 0, 0, 12, 0, 8481], [236, 1, 1, 2221, 1778, 0, -1, 0, 15, 3, 0, 0, -6, 0, 2400], [68, 3, 3, 979, 3058, 0, 27, 0, 2, 5, 0, 0, 7, 0, 4672], [518, 2, 2, 1991, 1689, 0, 30, 0, 15, 0, 0, 0, 8, 0, -1106], [84, 2, 2, -7882, -7748, 0, 34, 0, -184, -4, 0, 0, 76, 0, -13048], [222, 1, 1, -230, -323, 0, -2, 0, -2, -1, 0, 0, 12, 0, 2055], [6, 1, 1, 1225, 1196, 0, 3, 0, -4, 2, 0, 0, 0, 0, 5817], [58, 1, 1, 395, 559, 0, 5, 0, 4, 1, 0, 0, 4, 0, -1266]], "2": [[427, 0, 1, 1151, 771, 0, -5, 0, 0, 1, 0, 0, 1, 0, -3339], [350, 0, 2, -520, 261, 0, -26, 0, 0, 1, 0, 0, 14, 0, -1556], [117, 0, 3, -778, -795, 0, -46, 0, -4, 1, 0, 0, 45, 0, -5764], [89, 0, 1, 1570, 800, 0, 1, 0, 0, 0, 0, 0, 4, 0, -917], [9, 0, 1, 640, -349, 0, 13, 0, 0, 0, 0, 0, 12, 0, -3400], [412, 3, 7, 3164, 8325, 0, -114, 0, -4, 3, 0, 0, 7, 0, 16333], [497, 1, 2, -79, 1316, 0, -18, 0, 0, 2, 0, 0, 10, 0, 6833], [3, 1, 2, 1637, 3172, 0, -9, 0, 4, 1, 0, 0, 0, 0, 10713], [53, 2, 3, 1468, 560, 0, -14, 0, 4, 1, 0, 0, 23, 0, -2907], [37, 2, 3, -1211, 1014, 0, -58, 0, 0, 1, 0, 0, 24, 0, -949], [555, 3, 4, 4069, 8531, 0, 1, 0, 0, 3, 0, 0, -14, 0, 22089], [432, 1, 1, 589, 1123, 0, -16, 0, 0, 0, 0, 0, 1, 0, -2677], [201, 1, 1, 1023, 1732, 0, 7, 0, 0, 1, 0, 0, -1, 0, 6996], [111, 2, 2, 1680, 2339, 0, -3, 0, 0, 1, 0, 0, 0, 0, 3748], [63, 2, 2, -554, 638, 0, -10, 0, 4, 2, 0, 0, 15, 0, 2591], [43, 1, 1, 1519, 2363, 0, -1, 0, 0, 1, 0, 0, -3, 0, 9510], [41, 1, 1, 363, 340, 0, 14, 0, 0, 0, 0, 0, 5, 0, 1301], [40, 2, 2, 1549, 3831, 0, -13, 0, 0, 4, 0, 0, -10, 0, 2496], [25, 3, 3, 2209, 2109, 0, -45, 0, -12, 6, 0, 0, 10, 0, 8686], [12, 1, 1, -615, -166, 0, -31, 0, -4, -1, 0, 0, 9, 0, 6840]], "3": [[145, 0, 1, 925, 759, 0, 23, 0, 0, -1, 0, 0, 3, 0, 2161], [51, 0, 2, -3040, -1730, 0, -13, 0, -4, -3, 0, 0, 26, 0, -15927], [15, 0, 2, -1052, -812, 0, 10, 0, 0, -4, 0, 0, 34, 0, -6954], [222, 1, 2, 1560, 1818, 0, 81, 0, 0, 2, 0, 0, 7, 0, 9995], [498, 1, 1, 1939, 3735, 0, 49, 0, 4, 2, 0, 0, -10, 0, 8679], [236, 1, 1, 0, 0, 0, 0, 0, 0, 0, 0, 0, 0, 0, 0], [119, 1, 1, 705, 1205, 0, 34, 0, 0, 2, 0, 0, 1, 0, 5399], [81, 1, 1, 1918, 2773, 0, 87, 0, 0, 0, 0, 0, -12, 0, 3455], [67, 2, 2, 1200, 762, 0, 56, 0, 0, 2, 0, 0, 11, 0, 2760], [22, 1, 1, 84, 1535, 0, 40, 0, 0, 3, 0, 0, -11, 0, 3663]],