{"primary_winrate_percent": 0.48488257629025455, "matchups_top": 0.4727272727272727, "matchups_jungle": 0.48488257629025455, "matchups_mid": 0.4, "matchups_adc": 0.38461538461538464, "matchups_support": 0.37142857142857144, "roles": [1, 4, 2, 5, 3]}