{"primary_winrate_percent": 48.34190231362468, "winrate_top": 48.148148148148145, "winrate_jungle": 48.34190231362468, "winrate_mid": 41.66666666666667, "winrate_adc": 42.857142857142854, "winrate_support": 33.33333333333333, "roles": [1, 4, 2, 5, 3], "matchups_top": [[27, 3, 3], [2, 4, 5], [420, 4, 5], [107, 3, 4], [133, 3, 4], [75, 3, 4], [39, 6, 8], [120, 2, 3], [41, 6, 9], [13, 6, 9], [236, 2, 3], [516, 9, 14], [114, 17, 28], [57, 3, 5], [157, 4, 7], [31, 4, 7], [122, 12, 21], [86, 13, 23], [80, 5, 9], [8, 11, 20]], "matchups_jungle": [[427, 33, 49], [9, 34, 52], [102, 52, 81], [203, 55, 91], [76, 77, 128], [30, 60, 100], [106, 34, 58], [28, 111, 191], [35, 116, 208], [141, 252, 459], [24, 74, 135], [32, 78, 144], [421, 66, 122], [254, 122, 230], [19, 96, 181], [33, 58, 110], [56, 92, 176], [2, 101, 194], [163, 28, 54], [120, 137, 265]], "matchups_mid": [[26, 1, 1], [61, 1, 1], [91, 1, 1], [92, 1, 1], [105, 1, 1], [161, 1, 1], [246, 1, 1], [45, 0, 1], [69, 0, 1], [84, 0, 1], [112, 0, 1], [157, 0, 1]], "matchups_adc": [[22, 1, 1], [67, 2, 2], [81, 1, 1], [119, 1, 1], [236, 1, 1], [498, 1, 1], [222, 1, 2], [15, 0, 2], [51, 0, 2], [145, 0, 1]], "matchups_support": [[12, 1, 1], [25, 3, 3], [40, 2, 2], [41, 1, 1], [53, 2, 2], [63, 2, 2], [111, 1, 1], [201, 1, 1], [432, 1, 1], [497, 1, 1], [555, 3, 3], [37, 3, 4], [3, 1, 2], [43, 1, 2], [412, 3, 7], [89, 0, 1], [117, 0, 2], [350, 0, 2], [427, 0, 1]]}