{"primary_winrate_percent": 50.055890900961316, "winrate_top": 49.629629629629626, "winrate_jungle": 75.0, "winrate_mid": 47.265625, "winrate_adc": 47.867298578199055, "winrate_support": 50.055890900961316, "roles": [2, 5, 3, 4, 1], "matchups_top": [[127, 1, 1], [23, 3, 3], [80, 1, 1], [24, 1, 1], [240, 1, 1], [555, 1, 1], [101, 1, 1], [55, 1, 1], [84, 2, 2], [1, 2, 2], [98, 6, 6], [41, 4, 5], [420, 3, 4], [13, 2, 3], [122, 6, 9], [39, 2, 3], [114, 3, 5], [516, 1, 2], [157, 1, 2], [82, 1, 2]], "matchups_jungle": [[11, 1, 1], [120, 1, 1], [64, 1, 2], [35, 0, 1], [48, 0, 4], [60, 0, 1], [62, 0, 1], [92, 0, 1]], "matchups_mid": [[80, 7, 7], [74, 3, 3], [69, 3, 3], [34, 4, 4], [91, 7, 8], [99, 6, 7], [555, 3, 4], [246, 8, 11], [238, 5, 7], [13, 12, 17], [245, 4, 6], [55, 4, 6], [3, 2, 3], [161, 2, 3], [134, 3, 5], [131, 3, 5], [45, 3, 5], [54, 1, 2], [518, 2, 4], [25, 1, 2]], "matchups_adc": [[29, 2, 2], [96, 2, 2], [21, 6, 9], [202, 8, 12], [22, 8, 14], [67, 8, 14], [18, 5, 9], [145, 22, 43], [119, 4, 8], [51, 12, 26], [81, 10, 22], [498, 9, 20], [222, 4, 9], [236, 5, 12], [157, 0, 2]], "matchups_support": [[54, 86, 149], [89, 787, 1453], [53, 655, 1212], [111, 810, 1515], [432, 229, 436], [16, 439, 846], [267, 887, 1713], [117, 652, 1264], [50, 220, 428], [40, 559, 1089], [35, 88, 172], [44, 64, 126], [99, 365, 729], [161, 144, 288], [143, 238, 477], [25, 712, 1441], [63, 226, 458], [12, 149, 307], [412, 1229, 2544], [101, 116, 241]]}