{"primary_winrate_percent": 50.09641342074816, "matchups_top": 48.69565217391305, "matchups_jungle": 75.0, "matchups_mid": 49.56140350877193, "matchups_adc": 47.64397905759162, "matchups_support": 50.09641342074816, "roles": [2, 5, 3, 4, 1]}