{"primary_winrate_percent": 49.99548858612289, "lane_winrates": {"1": 72.72727272727273, "2": 49.99548858612289, "3": 47.73869346733669, "4": 50.0, "5": 47.389558232931726}, "roles": [2, 5, 3, 4, 1], "matchups": {"1": [[92, 0, 1, 2057, 2511, 0, 16, 0, 27, 1, 0, 0, -13, 0, -1438], [62, 0, 1, 1267, 1364, 0, -20, 0, 80, 1, 0, 0, -2, 0, -128], [60, 0, 1, 1668, 1048, 0, -6, 0, 63, 0, 0, 0, 5, 0, -1273], [48, 0, 4, 4060, 6768, 0, -16, 0, 124, 0, 0, 0, -11, 0, 15436], [64, 1, 2, 3549, 2943, 0, 11, 0, 105, 3, 0, 0, -1, 0, 8544], [120, 1, 1, 2719, 3904, 0, 10, 0, 107, 1, 0, 0, -14, 0, 8638], [11, 1, 1, 1213, 1813, 0, 3, 0, 75, 2, 0, 0, -7, 0, 4361]], "2": [[62, 0, 1, 1230, 1143, 0, 19, 0, 0, 1, 0, 0, 0, 0, 6613], [11, 0, 2, -524, -119, 0, -1, 0, 60, 2, 0, 0, 26, 0, -3379], [83, 0, 1, 223, -60, 0, 28, 0, 0, -1, 0, 0, 10, 0, -5451], [517, 0, 3, -818, 1382, 0, 7, 0, 0, 3, 0, 0, 20, 0, -303], [141, 0, 1, -1113, -2224, 0, 13, 0, 0, -2, 0, 0, 27, 0, -4861], [136, 0, 1, 552, 653, 0, 22, 0, 0, -1, 0, 0, 8, 0, -1775], [64, 0, 2, -578, 111, 0, 9, 0, 0, 1, 0, 0, 21, 0, -4883], [75, 0, 1, 3241, 1075, 0, 64, 0, 0, 0, 0, 0, -3, 0, -3697], [238, 0, 1, 495, -434, 0, 17, 0, 0, 0, 0, 0, 13, 0, -726], [420, 0, 1, 209, 424, 0, 25, 0, 0, 0, 0, 0, 4, 0, 3204], [13, 0, 3, -82, -1194, 0, 51, 0, 0, 0, 0, 0, 35, 0, -17578], [69, 0, 1, -1237, -1007, 0, 7, 0, 0, -1, 0, 0, 16, 0, -936], [245, 0, 1, 29, -148, 0, 6, 0, 0, 3, 0, 0, 13, 0, -2246], [41, 0, 1, -351, -1578, 0, 21, 0, 0, -3, 0, 0, 25, 0, -3499], [91, 0, 1, 2595, 671, 0, 90, 0, 0, 0, 0, 0, 3, 0, -1154], [60, 0, 1, -479, 743, 0, -9, 0, 0, 0, 0, 0, -3, 0, 2766], [56, 0, 1, 202, 176, 0, 22, 0, 0, 0, 0, 0, 8, 0, -4832], [18, 0, 1, 2290, 1323, 0, 89, 0, 0, 0, 0, 0, 1, 0, -6533], [240, 0, 2, -397, 1056, 0, 103, 0, 8, -1, 0, 0, 5, 0, -4277], [29, 0, 1, -1369, -1705, 0, 7, 0, 11, -2, 0, 0, 19, 0, -10010], [27, 0, 1, 1475, 888, 0, 23, 0, 0, 2, 0, 0, 8, 0, -670], [107, 0, 5, 1385, 734, 0, 205, 0, 0, 0, 0, 0, 28, 0, -14983], [96, 0, 1, 176, 1232, 0, 34, 0, 0, 2, 0, 0, 0, 0, -6442], [131, 0, 1, 1207, 582, 0, 39, 0, 0, 0, 0, 0, 2, 0, 55], [77, 0, 1, -841, -2014, 0, 19, 0, 4, -1, 0, 0, 23, 0, -7030], [23, 0, 1, -532, -1209, 0, 20, 0, 0, -1, 0, 0, 20, 0, -4213], [112, 0, 2, -1286, 1126, 0, -2, 0, 8, 4, 0, 0, 13, 0, 12700], [157, 0, 1, -1161, -1268, 0, 7, 0, 0, -2, 0, 0, 14, 0, -14728], [38, 0, 1, 386, 670, 0, 19, 0, 0, 0, 0, 0, 5, 0, -2519], [48, 1, 4, 463, -2409, 0, 75, 0, 4, -3, 0, 0, 59, 0, -6908], [32, 1, 4, 841, 84, 0, 48, 0, 4, 1, 0, 0, 38, 0, 4681], [113, 1, 4, -914, -3385, 0, 60, 0, -4, 0, 0, 0, 65, 0, -6535], [72, 1, 4, 1570, -593, 0, 76, 0, 0, -1, 0, 0, 42, 0, 2390], [142, 2, 7, -440, 1065, 0, 46, 0, 0, 1, 0, 0, 61, 0, -119], [10, 3, 10, -2221, -2877, 0, 12, 0, 0, -1, 0, 0, 131, 0, -2116], [51, 1, 3, -279, -407, 0, 24, 0, -4, 0, 0, 0, 33, 0, -4756], [103, 2, 6, 2567, 3695, 0, 52, 0, 0, 6, 0, 0, 29, 0, 9355], [30, 1, 3, -5507, -3633, 0, 12, 0, 0, -1, 0, 0, 60, 0, -4742], [246, 1, 3, 2219, 118, 0, 92, 0, 0, 0, 0, 0, 28, 0, 8646], [98, 23, 68, -469, -25644, 0, 1195, 0, 0, 14, 0, 0, 877, 0, -55587], [223, 16, 46, -3037, -15948, 0, 906, 0, 8, -9, 0, 0, 588, 0, -30218], [3, 21, 59, 27262, 11501, 0, 1180, 0, -15, 19, 0, 0, 482, 0, 21836], [78, 11, 30, 12694, 824, 0, 497, 0, 0, 13, 0, 0, 277, 0, 20061], [86, 9, 24, 3852, 9805, 0, 1557, 0, 11, 2, 0, 0, 157, 0, -25550], [115, 3, 8, -639, 4115, 0, 56, 0, 0, -2, 0, 0, 58, 0, 22173], [59, 3, 8, 3658, 5205, 0, 146, 0, 2, 7, 0, 0, 43, 0, 12197], [68, 2, 5, 1881, 1155, 0, 48, 0, 46, 0, 0, 0, 45, 0, 7932], [17, 16, 40, -9188, -5176, 0, 92, 0, -4, -3, 0, 0, 405, 0, -1340], [74, 4, 10, -2245, -1929, 0, 139, 0, 5, 0, 0, 0, 109, 0, -2247], [22, 11, 27, 849, 1907, 0, 132, 0, 0, 4, 0, 0, 262, 0, -33877], [36, 3, 7, 242, 361, 0, 244, 0, -11, 1, 0, 0, 67, 0, 285], [106, 12, 28, 11991, 6370, 0, 520, 0, 4, 17, 0, 0, 240, 0, 8702], [21, 22, 51, 3263, 18524, 0, 288, 0, -3, 4, 0, 0, 359, 0, 40810], [57, 19, 44, 4335, 7848, 0, 539, 0, 40, 2, 0, 0, 396, 0, 15330], [1, 32, 74, 9500, 6729, 0, 243, 0, 24, 16, 0, 0, 718, 0, 42004], [350, 345, 791, 134463, -97331, 0, -1308, 0, -33, 60, 0, 0, 8745, 0, -330886], [201, 131, 291, 51828, -74490, 0, 5024, 0, 4, -34, 0, 0, 3551, 0, 128827], [134, 5, 11, -293, 208, 0, 82, 0, 0, 1, 0, 0, 114, 0, 21186], [516, 11, 24, 12766, 2395, 0, 528, 0, 1, 7, 0, 0, 231, 0, 30501], [43, 223, 478, 6302, 34684, 0, 1420, 0, 22, 21, 0, 0, 4585, 0, 257352], [45, 54, 115, -4148, -8268, 0, 661, 0, 41, 13, 0, 0, 1192, 0, -80585], [26, 152, 323, 121284, 39736, 0, 1763, 0, 17, 48, 0, 0, 2934, 0, 33814], [12, 144, 303, 47324, -66737, 0, 4446, 0, 8, -1, 0, 0, 3651, 0, 7081], [555, 558, 1160, 319872, 717855, 0, 15257, 0, 27, 745, 0, 0, 5993, 0, 2012042], [101, 118, 245, 80340, 143637, 0, 1476, 0, 36, 148, 0, 0, 1325, 0, 288936], [497, 548, 1126, 115669, -11319, 0, -757, 0, 23, 4, 0, 0, 11525, 0, 436249], [412, 1229, 2523, 455615, 497398, 0, -289, 0, 24, 32, 0, 0, 21615, 0, 2499428], [63, 219, 448, 103333, 193292, 0, 1557, 0, 135, 105, 0, 0, 3010, 0, 525593], [99, 349, 712, 111718, 180990, 0, 3024, 0, 42, 233, 0, 0, 5731, 0, 346384], [143, 227, 462, 77315, 198411, 0, 2846, 0, 100, 151, 0, 0, 3020, 0, 478742], [9, 121, 244, 48450, 76158, 0, 1544, 0, 62, 54, 0, 0, 1910, 0, 211631], [25, 713, 1433, 258630, 349303, 0, 4709, 0, 113, 203, 0, 0, 11739, 0, 1029684], [161, 140, 281, 75178, 140418, 0, 1873, 0, 26, 139, 0, 0, 1683, 0, 259202], [20, 1, 2, -568, -1471, 0, 39, 0, 0, 2, 0, 0, 21, 0, -10113], [8, 1, 2, 3986, 2733, 0, 181, 0, 0, 1, 0, 0, 0, 0, 2424], [150, 1, 2, -861, -665, 0, -1, 0, 0, 0, 0, 0, 24, 0, 8020], [76, 1, 2, 153, -315, 0, 11, 0, 0, -1, 0, 0, 22, 0, -7819], [82, 2, 4, 141, -191, 0, 64, 0, 0, -1, 0, 0, 45, 0, -1901], [33, 1, 2, -153, -1089, 0, 16, 0, -4, 0, 0, 0, 33, 0, -137], [268, 1, 2, -104, 1875, 0, 38, 0, 4, 1, 0, 0, 9, 0, 2143], [90, 2, 4, 851, 1207, 0, 1, 0, 4, 2, 0, 0, 28, 0, 12607], [80, 16, 32, 2059, 4463, 0, 442, 0, 10, 2, 0, 0, 300, 0, 54386], [40, 543, 1067, 72688, -45150, 0, -340, 0, -17, -56, 0, 0, 11192, 0, 378882], [35, 85, 167, -987, 12518, 0, 435, 0, 35, 36, 0, 0, 1533, 0, 92661], [50, 219, 428, 156712, 253022, 0, 1870, 0, 37, 233, 0, 0, 2454, 0, 724917], [117, 637, 1242, 157738, -47618, 0, -558, 0, 27, 37, 0, 0, 13039, 0, 400945], [267, 886, 1713, 253966, 82740, 0, -2058, 0, -93, 128, 0, 0, 16759, 0, 974350], [44, 68, 131, 28953, -10995, 0, 2338, 0, 2, 9, 0, 0, 1424, 0, 81936], [16, 447, 851, 86362, -44944, 0, -761, 0, -64, -64, 0, 0, 9045, 0, 589311], [53, 637, 1200, 458416, 258577, 0, 15354, 0, 8, 221, 0, 0, 10358, 0, 1601126], [432, 226, 425, 119111, 92557, 0, -393, 0, 18, 73, 0, 0, 3548, 0, 415509], [518, 37, 69, 15156, 37081, 0, 368, 0, 25, 30, 0, 0, 449, 0, 99121], [111, 813, 1516, 553644, 349828, 0, 27074, 0, 62, 326, 0, 0, 13002, 0, 2281414], [79, 20, 37, 6311, -933, 0, 210, 0, 0, 1, 0, 0, 384, 0, 47231], [89, 787, 1452, 436076, 144217, 0, 24734, 0, -25, 200, 0, 0, 13637, 0, 1810377], [81, 4, 7, 1065, 5697, 0, -1, 0, 4, 4, 0, 0, 21, 0, 25492], [54, 84, 141, 17681, -9627, 0, 716, 0, 8, 58, 0, 0, 1495, 0, 48298], [34, 6, 10, 833, 4949, 0, 38, 0, 4, 5, 0, 0, 70, 0, 5796], [127, 6, 10, -1662, -4871, 0, 64, 0, 4, -6, 0, 0, 133, 0, 11319], [163, 7, 11, 2686, 7565, 0, 63, 0, 0, 11, 0, 0, 43, 0, 20923], [14, 7, 11, 6657, 4525, 0, 218, 0, 0, 1, 0, 0, 86, 0, 16730], [154, 8, 12, 6529, 8429, 0, 167, 0, 4, 13, 0, 0, 56, 0, 34375], [427, 6, 8, -1953, -3838, 0, 9, 0, 5, -1, 0, 0, 106, 0, -6544], [7, 4, 5, 546, 2173, 0, -7, 0, 0, 2, 0, 0, 35, 0, 8048], [105, 1, 1, 1106, 1437, 0, 5, 0, 0, 3, 0, 0, 1, 0, 7500], [39, 1, 1, 58, -891, 0, -21, 0, 0, 2, 0, 0, 15, 0, 1359], [164, 1, 1, 927, -272, 0, 18, 0, 4, 0, 0, 0, 11, 0, 2279], [122, 1, 1, 239, 537, 0, 69, 0, 0, 0, 0, 0, 2, 0, 2910], [67, 1, 1, -1141, -563, 0, -5, 0, 0, -1, 0, 0, 17, 0, 3517], [85, 2, 2, 992, 3269, 0, -1, 0, 4, 5, 0, 0, 0, 0, 10527], [55, 1, 1, 1125, 2839, 0, 10, 0, 0, 2, 0, 0, -1, 0, 12075], [133, 1, 1, 4104, 3436, 0, 91, 0, 0, 0, 0, 0, -13, 0, 6383], [61, 2, 2, 88, -227, 0, 7, 0, 0, 0, 0, 0, 22, 0, 5766], [4, 2, 2, 