{"primary_winrate_percent": 0.5009641342074816, "matchups_top": 0.48695652173913045, "matchups_jungle": 0.75, "matchups_mid": 0.4956140350877193, "matchups_adc": 0.47643979057591623, "matchups_support": 0.5009641342074816, "roles": [2, 5, 3, 4, 1]}