{"primary_winrate_percent": 52.387698817484605, "matchups_top": 51.02925243770314, "matchups_jungle": 21.311475409836063, "matchups_mid": 50.851063829787236, "matchups_adc": 40.0, "matchups_support": 52.387698817484605, "roles": [2, 4, 5, 3, 1]}