{"primary_winrate_percent": 52.45412684015908, "winrate_top": 51.81992337164751, "winrate_jungle": 18.84057971014493, "winrate_mid": 51.29224652087475, "winrate_adc": 41.41414141414141, "winrate_support": 52.45412684015908, "roles": [2, 4, 5, 3, 1], "matchups_top": [[157, 10, 14], [68, 5, 7], [83, 5, 7], [106, 4, 6], [245, 4, 6], [85, 12, 19], [23, 10, 16], [420, 8, 13], [14, 11, 18], [164, 15, 25], [58, 24, 41], [114, 28, 48], [80, 14, 25], [122, 23, 43], [240, 9, 17], [84, 10, 19], [24, 24, 46], [126, 12, 23], [86, 28, 55], [107, 3, 6]], "matchups_jungle": [[2, 1, 1], [9, 1, 1], [10, 1, 1], [28, 1, 1], [33, 1, 1], [35, 1, 1], [36, 3, 3], [54, 2, 2], [56, 1, 1], [59, 4, 4], [60, 1, 1], [62, 1, 1], [106, 1, 1], [120, 1, 1], [141, 4, 4], [154, 1, 1], [203, 5, 5], [245, 6, 6], [64, 10, 11], [11, 2, 3]], "matchups_mid": [[61, 8, 9], [82, 5, 6], [142, 8, 10], [42, 3, 4], [161, 3, 4], [26, 3, 4], [236, 3, 4], [1, 5, 7], [105, 7, 10], [127, 4, 6], [131, 8, 12], [555, 2, 3], [101, 4, 6], [245, 8, 12], [13, 8, 12], [103, 14, 22], [69, 7, 11], [45, 9, 15], [238, 22, 39], [112, 6, 11]], "matchups_adc": [[22, 3, 3], [96, 1, 1], [157, 1, 1], [29, 5, 6], [202, 4, 5], [21, 3, 4], [51, 6, 8], [67, 3, 5], [119, 3, 5], [236, 6, 10], [81, 4, 7], [498, 5, 10], [222, 7, 16], [145, 5, 12], [18, 2, 5], [163, 0, 1]], "matchups_support": [[53, 1701, 3284], [432, 656, 1270], [267, 2147, 4165], [40, 1278, 2545], [111, 2018, 4038], [26, 443, 893], [161, 369, 756], [35, 217, 448], [37, 417, 864], [89, 1774, 3684], [117, 1636, 3401], [101, 309, 646], [412, 3184, 6717], [43, 616, 1300], [63, 618, 1308], [25, 1838, 3940], [497, 1410, 3033], [50, 526, 1132], [143, 592, 1280], [9, 333, 723]]}