{"primary_winrate_percent": 0.5238769881748461, "matchups_top": 0.5102925243770314, "matchups_jungle": 0.21311475409836064, "matchups_mid": 0.5085106382978724, "matchups_adc": 0.4, "matchups_support": 0.5238769881748461, "roles": [2, 4, 5, 3, 1]}