{"primary_winrate_percent": 51.0944501895898, "matchups_top": 50.22446689113356, "matchups_jungle": 66.66666666666666, "matchups_mid": 52.895700528957, "matchups_adc": 53.336318853560236, "matchups_support": 51.0944501895898, "roles": [2, 5, 4, 3, 1]}