{"primary_winrate_percent": 0.510944501895898, "matchups_top": 0.5022446689113356, "matchups_jungle": 0.6666666666666666, "matchups_mid": 0.52895700528957, "matchups_adc": 0.5333631885356024, "matchups_support": 0.510944501895898, "roles": [2, 5, 4, 3, 1]}