{"primary_winrate_percent": 51.07838529427124, "winrate_top": 50.17307026652821, "winrate_jungle": 60.0, "winrate_mid": 53.005259203606315, "winrate_adc": 53.0234471410942, "winrate_support": 51.07838529427124, "roles": [2, 5, 4, 3, 1], "matchups_top": [[107, 19, 31], [27, 22, 36], [74, 19, 33], [23, 61, 106], [516, 47, 83], [57, 28, 50], [6, 44, 79], [13, 77, 140], [83, 29, 53], [266, 69, 127], [86, 163, 303], [122, 159, 299], [41, 101, 191], [24, 92, 174], [98, 61, 116], [67, 36, 69], [10, 191, 368], [112, 15, 29], [58, 112, 219], [85, 58, 114]], "matchups_jungle": [[11, 1, 1], [24, 1, 1], [59, 1, 1], [141, 1, 3], [64, 0, 2], [107, 0, 1], [245, 0, 1]], "matchups_mid": [[10, 55, 84], [42, 27, 44], [80, 44, 73], [74, 25, 43], [101, 58, 110], [55, 139, 267], [142, 77, 150], [54, 25, 49], [161, 60, 118], [103, 206, 407], [105, 124, 246], [245, 86, 174], [69, 71, 144], [38, 104, 211], [90, 98, 199], [45, 117, 238], [13, 160, 326], [112, 67, 137], [8, 150, 312], [517, 31, 65]], "matchups_adc": [[96, 13, 19], [157, 20, 32], [29, 10, 16], [110, 15, 25], [21, 45, 86], [74, 10, 20], [202, 57, 117], [22, 118, 243], [498, 113, 242], [236, 82, 177], [222, 67, 145], [67, 60, 130], [51, 117, 256], [18, 26, 57], [145, 206, 453], [81, 103, 239], [15, 18, 44], [119, 26, 67]], "matchups_support": [[16, 604, 1124], [45, 102, 192], [101, 320, 606], [89, 1362, 2592], [63, 453, 865], [40, 789, 1507], [267, 1048, 2007], [9, 288, 553], [35, 190, 370], [25, 1058, 2086], [117, 942, 1887], [53, 1235, 2497], [497, 948, 1923], [26, 282, 573], [111, 1441, 2929], [143, 359, 737], [44, 111, 228], [412, 2426, 5038], [37, 202, 424], [43, 446, 940]]}