{"primary_winrate_percent": 0.4378675029400235, "matchups_top": 0.4296781883194279, "matchups_jungle": 0.39254330906352, "matchups_mid": 0.4378675029400235, "matchups_adc": 0.3670886075949367, "matchups_support": 0.42483660130718953, "roles": [5, 1, 4, 2, 3]}