{"primary_winrate_percent": 43.907156673114116, "winrate_top": 42.84937466014138, "winrate_jungle": 39.39181286549708, "winrate_mid": 43.907156673114116, "winrate_adc": 39.02439024390244, "winrate_support": 42.22873900293255, "roles": [5, 1, 4, 2, 3], "matchups_top": [[107, 26, 33], [23, 46, 68], [420, 27, 40], [122, 87, 129], [27, 14, 21], [78, 20, 30], [57, 21, 32], [240, 27, 42], [41, 79, 123], [114, 70, 109], [80, 42, 66], [266, 54, 86], [126, 33, 53], [150, 36, 58], [92, 69, 112], [86, 92, 151], [75, 26, 43], [24, 58, 96], [157, 50, 83], [83, 21, 35]], "matchups_jungle": [[62, 33, 47], [77, 52, 75], [2, 90, 130], [254, 153, 224], [104, 105, 157], [11, 159, 238], [141, 331, 504], [33, 71, 109], [60, 197, 308], [203, 50, 79], [19, 100, 158], [76, 74, 117], [121, 325, 516], [120, 199, 317], [24, 88, 141], [245, 392, 633], [20, 75, 122], [36, 76, 124], [32, 106, 174], [35, 150, 247]], "matchups_mid": [[74, 62, 92], [10, 117, 174], [69, 132, 208], [99, 237, 387], [55, 354, 586], [38, 253, 423], [91, 200, 336], [245, 245, 412], [18, 115, 194], [161, 102, 173], [103, 485, 823], [45, 288, 490], [131, 202, 344], [1, 158, 270], [90, 261, 447], [61, 250, 431], [105, 345, 598], [42, 54, 94], [134, 272, 474], [238, 492, 863]], "matchups_adc": [[15, 2, 2], [119, 3, 3], [236, 3, 3], [67, 4, 5], [18, 3, 4], [498, 6, 8], [22, 7, 10], [145, 10, 18], [21, 1, 2], [29, 1, 2], [110, 1, 2], [157, 1, 2], [222, 2, 4], [81, 4, 9], [51, 1, 3], [202, 1, 3], [74, 0, 1], [134, 0, 1]], "matchups_support": [[101, 3, 3], [35, 3, 3], [37, 3, 3], [40, 11, 12], [161, 3, 4], [350, 5, 7], [57, 2, 3], [412, 32, 48], [43, 6, 9], [432, 2, 3], [98, 2, 3], [53, 19, 30], [26, 5, 8], [555, 12, 20], [9, 3, 5], [63, 3, 5], [89, 17, 29], [267, 9, 16], [111, 15, 28], [117, 8, 15]]}