{"primary_winrate_percent": 43.78675029400235, "matchups_top": 42.967818831942786, "matchups_jungle": 39.254330906351996, "matchups_mid": 43.78675029400235, "matchups_adc": 36.708860759493675, "matchups_support": 42.48366013071895, "roles": [5, 1, 4, 2, 3]}