{"primary_winrate_percent": 49.95181392006011, "winrate_top": 51.843043995243754, "winrate_jungle": 40.0, "winrate_mid": 49.95181392006011, "winrate_adc": 49.07093229924059, "winrate_support": 46.658711217183765, "roles": [5, 3, 2, 4, 1], "matchups_top": [[266, 11, 14], [150, 7, 9], [54, 6, 8], [39, 9, 12], [92, 9, 14], [516, 3, 5], [58, 15, 25], [75, 3, 5], [68, 6, 11], [23, 7, 13], [82, 8, 15], [13, 27, 51], [17, 36, 68], [74, 28, 54], [10, 25, 50], [84, 11, 22], [126, 5, 10], [1, 5, 10], [122, 16, 32], [86, 15, 31]], "matchups_jungle": [[20, 1, 1], [28, 1, 1], [32, 2, 2], [35, 1, 1], [56, 1, 1], [60, 1, 1], [75, 1, 1], [77, 1, 1], [203, 1, 1], [246, 1, 1], [254, 1, 1], [518, 1, 1], [107, 3, 4], [64, 5, 7], [120, 2, 3], [11, 1, 2], [59, 1, 2], [121, 1, 2], [24, 1, 3], [30, 0, 2]], "matchups_mid": [[131, 698, 1272], [245, 764, 1426], [3, 331, 618], [112, 679, 1273], [101, 685, 1290], [115, 283, 536], [105, 1126, 2133], [161, 584, 1117], [142, 816, 1564], [55, 1046, 2005], [10, 341, 654], [74, 299, 579], [91, 607, 1178], [80, 274, 532], [238, 1367, 2663], [103, 1951, 3804], [45, 1069, 2115], [246, 666, 1318], [127, 440, 872], [90, 829, 1652]], "matchups_adc": [[29, 37, 52], [51, 341, 613], [22, 265, 485], [45, 33, 61], [202, 179, 340], [110, 32, 61], [236, 246, 469], [222, 169, 330], [145, 599, 1173], [67, 175, 346], [15, 41, 84], [21, 80, 164], [74, 33, 68], [498, 298, 620], [81, 299, 630], [119, 113, 242], [18, 73, 159], [96, 31, 68], [157, 21, 59]], "matchups_support": [[45, 5, 6], [9, 8, 11], [50, 21, 30], [57, 4, 6], [117, 26, 42], [267, 29, 47], [555, 30, 50], [53, 29, 49], [111, 39, 68], [89, 26, 47], [37, 6, 11], [40, 21, 40], [25, 24, 46], [350, 13, 25], [412, 45, 87], [43, 9, 18], [432, 10, 20], [26, 7, 14], [63, 11, 22], [497, 16, 34]]}