{"primary_winrate_percent": 0.4981656416709498, "matchups_top": 0.5186615186615187, "matchups_jungle": 0.3953488372093023, "matchups_mid": 0.4981656416709498, "matchups_adc": 0.49179469273743015, "matchups_support": 0.46254927726675427, "roles": [5, 3, 2, 4, 1]}