{"primary_winrate_percent": 49.81656416709498, "matchups_top": 51.86615186615187, "matchups_jungle": 39.53488372093023, "matchups_mid": 49.81656416709498, "matchups_adc": 49.17946927374302, "matchups_support": 46.254927726675426, "roles": [5, 3, 2, 4, 1]}