{"primary_winrate_percent": 0.4469783352337514, "matchups_top": 0.48177339901477834, "matchups_jungle": 0.42574257425742573, "matchups_mid": 0.3673469387755102, "matchups_adc": 0.6666666666666666, "matchups_support": 0.4469783352337514, "roles": [2, 4, 1, 5, 3]}