{"primary_winrate_percent": 44.73039215686275, "winrate_top": 47.72520473157415, "winrate_jungle": 40.74074074074074, "winrate_mid": 37.254901960784316, "winrate_adc": 63.888888888888886, "winrate_support": 44.73039215686275, "roles": [2, 4, 1, 5, 3], "matchups_top": [[14, 11, 14], [67, 18, 26], [83, 13, 21], [98, 25, 41], [80, 28, 47], [82, 48, 81], [31, 23, 39], [18, 7, 12], [86, 83, 143], [240, 26, 45], [23, 34, 59], [157, 28, 50], [10, 60, 109], [6, 23, 42], [27, 6, 11], [92, 49, 90], [75, 33, 61], [84, 27, 50], [17, 27, 50], [126, 15, 28]], "matchups_jungle": [[24, 3, 3], [56, 2, 2], [33, 3, 3], [2, 1, 1], [163, 1, 1], [421, 1, 1], [59, 3, 4], [54, 3, 4], [60, 3, 4], [35, 3, 4], [121, 5, 7], [30, 2, 3], [245, 2, 3], [32, 2, 3], [154, 2, 3], [64, 9, 14], [102, 1, 2], [28, 1, 2], [107, 2, 4], [19, 2, 4]], "matchups_mid": [[8, 1, 1], [10, 1, 1], [13, 1, 1], [61, 1, 1], [80, 1, 1], [84, 3, 3], [90, 1, 1], [105, 1, 1], [112, 1, 1], [114, 1, 1], [134, 2, 2], [246, 1, 1], [157, 11, 13], [238, 3, 5], [91, 1, 2], [39, 1, 3], [55, 1, 3], [31, 0, 2], [43, 0, 1], [50, 0, 1]], "matchups_adc": [[15, 1, 1], [67, 1, 1], [119, 1, 1], [81, 3, 4], [51, 1, 2], [222, 1, 2], [498, 1, 2], [236, 1, 3], [22, 1, 4], [202, 1, 5], [145, 1, 9], [18, 0, 1], [157, 0, 1]], "matchups_support": [[37, 29, 45], [63, 50, 80], [12, 57, 93], [40, 97, 159], [117, 130, 214], [99, 77, 130], [16, 63, 109], [53, 217, 378], [25, 219, 383], [497, 132, 233], [412, 544, 963], [143, 41, 73], [89, 352, 642], [161, 23, 42], [26, 35, 64], [267, 117, 215], [50, 50, 92], [350, 65, 120], [432, 41, 76], [111, 364, 676]]}