{"primary_winrate_percent": 44.74102881385893, "lane_winrates": {"1": 40.909090909090914, "2": 44.74102881385893, "3": 62.16216216216216, "4": 47.53649635036496, "5": 34.61538461538461}, "roles": [2, 4, 1, 5, 3], "matchups": {"1": [[78, 0, 1, -2819, -2733, 0, -15, 0, -28, -2, 0, 0, 32, 0, -3385], [36, 0, 1, 976, -574, 0, -6, 0, 12, 0, 0, 0, 13, 0, -1713], [76, 0, 1, 1140, 973, 0, 0, 0, 25, -1, 0, 0, 1, 0, 1049], [106, 0, 1, -237, -368, 0, 5, 0, -4, -2, 0, 0, 13, 0, -873], [113, 0, 1, -32, -796, 0, 4, 0, 5, -1, 0, 0, 16, 0, -6869], [203, 0, 1, 1587, 1444, 0, 0, 0, 28, 2, 0, 0, -3, 0, -3298], [80, 0, 1, 822, 471, 0, 20, 0, -14, 2, 0, 0, 6, 0, -3012], [77, 0, 1, 1728, 2308, 0, 2, 0, 32, 1, 0, 0, -15, 0, 2468], [266, 1, 3, 281, 3124, 0, -8, 0, 33, 3, 0, 0, 15, 0, 10260], [5, 2, 6, 1049, 613, 0, 43, 0, -2, -8, 0, 0, 64, 0, -3680], [28, 1, 3, -879, -428, 0, -16, 0, 33, -2, 0, 0, 38, 0, -14899], [11, 3, 6, 2122, 1958, 0, -29, 0, 113, 3, 0, 0, 38, 0, 4765], [254, 1, 2, 1398, 2913, 0, 5, 0, 26, 1, 0, 0, 2, 0, 7562], [141, 3, 6, 2563, 3882, 0, -16, 0, 50, 1, 0, 0, 24, 0, 9407], [79, 1, 2, -796, -480, 0, -27, 0, -13, 0, 0, 0, 24, 0, 2325], [421, 1, 2, 1388, 841, 0, 2, 0, 13, -3, 0, 0, 13, 0, 114], [120, 2, 4, 3358, 4138, 0, 13, 0, 20, 0, 0, 0, 4, 0, 6157], [19, 2, 4, -1878, -2299, 0, -2, 0, 6, -5, 0, 0, 62, 0, 637], [154, 2, 3, -993, -1606, 0, -10, 0, -23, -3, 0, 0, 42, 0, -3223], [32, 2, 3, -332, -503, 0, 8, 0, -5, 2, 0, 0, 29, 0, -3234], [245, 2, 3, 515, 901, 0, 3, 0, 10, -2, 0, 0, 20, 0, 9555], [60, 2, 3, 1263, 2945, 0, -3, 0, -1, 1, 0, 0, 5, 0, 4045], [30, 2, 3, 2630, -407, 0, 32, 0, 42, 2, 0, 0, 18, 0, 10960], [59, 2, 3, 2063, 248, 0, -20, 0, 31, -2, 0, 0, 26, 0, 5563], [102, 2, 3, 2530, 2083, 0, 13, 0, 55, 0, 0, 0, 9, 0, -1855], [64, 10, 14, 1153, 5676, 0, 80, 0, -37, 5, 0, 0, 91, 0, 47489], [121, 5, 7, 2384, 3332, 0, -37, 0, 24, 4, 0, 0, 53, 0, 17729], [35, 3, 4, 2219, 2710, 0, 24, 0, 8, -1, 0, 0, 25, 0, 13487], [54, 3, 4, 2783, 1320, 0, -13, 0, 64, 1, 0, 0, 32, 0, 9066], [107, 3, 4, 1517, -728, 0, 9, 0, 2, -3, 0, 0, 37, 0, -5185], [163, 1, 1, 0, 0, 0, 0, 0, 0, 1, 0, 0, 0, 0, 0], [2, 1, 1, 1348, 1875, 0, 12, 0, 4, -2, 0, 0, -4, 0, 2029], [33, 3, 3, -2379, -2300, 0, 3, 0, -36, 1, 0, 0, 45, 0, 6181], [9, 1, 1, -1516, -1482, 0, -11, 0, 6, -1, 0, 0, 22, 0, -2776], [56, 1, 1, 475, 272, 0, 10, 0, 8, -1, 0, 0, 9, 0, -17], [24, 3, 3, 1281, 3460, 0, -7, 0, 30, -1, 0, 0, 5, 0, 2700]], "2": [[517, 0, 1, -877, -966, 0, -23, 0, 0, 1, 0, 0, 16, 0, 1048], [427, 0, 2, -1036, -887, 0, -28, 0, -4, 0, 0, 0, 26, 0, -9133], [238, 0, 1, 400, 600, 0, 22, 0, 0, 2, 0, 0, 2, 0, 3057], [13, 0, 1, -1045, -292, 0, 40, 0, 0, 0, 0, 0, 11, 0, -2195], [85, 0, 1, -534, -187, 0, -14, 0, 0, 0, 0, 0, 12, 0, -1914], [104, 0, 1, -737, -1280, 0, 18, 0, 0, -1, 0, 0, 20, 0, -7068], [55, 0, 2, 48, -1330, 0, 26, 0, 8, 2, 0, 0, 34, 0, -8792], [113, 0, 1, -162, -832, 0, -3, 0, 0, 0, 0, 0, 17, 0, -5346], [60, 0, 1, -1442, -2944, 0, -22, 0, -4, 0, 0, 0, 25, 0, -7634], [240, 0, 1, -1553, -1221, 0, -2, 0, 0, -1, 0, 0, 19, 0, -4913], [90, 0, 2, -25, 1313, 0, -17, 0, 2, 1, 0, 0, 8, 0, -4314], [59, 0, 2, 453, 833, 0, -7, 0, 0, 0, 0, 0, 11, 0, -3675], [77, 0, 1, -188, 475, 0, -6, 0, 0, 2, 0, 0, 3, 0, 1917], [142, 0, 1, 36, -68, 0, -23, 0, -4, 1, 0, 0, 9, 0, -636], [21, 1, 10, -1107, 3343, 0, -63, 0, 0, -1, 0, 0, 71, 0, -32316], [10, 1, 4, -1359, 746, 0, -55, 0, 0, 1, 0, 0, 32, 0, -16426], [101, 8, 26, 1125, 8372, 0, -378, 0, -4, 2, 0, 0, 197, 0, 7804], [154, 1, 3, 542, 78, 0, 5, 0, 1, 2, 0, 0, 28, 0, -4490], [31, 1, 3, 1192, 3334, 0, 0, 0, 0, 1, 0, 0, 0, 0, 2706], [80, 1, 3, 1411, 1007, 0, -4, 0, 4, -2, 0, 0, 20, 0, -3798], [134, 1, 3, -737, 506, 0, 60, 0, 0, -3, 0, 0, 30, 0, -1855], [57, 7, 20, -783, -26, 0, -82, 0, -7, -5, 0, 0, 194, 0, -17969], [54, 12, 33, -8788, -7808, 0, -420, 0, 4, -4, 0, 0, 381, 0, -40083], [1, 6, 15, -502, 1374, 0, -214, 0, 0, -1, 0, 0, 133, 0, -881], [45, 9, 21, 960, 7740, 0, -333, 0, -8, 0, 0, 0, 137, 0, -6239], [106, 6, 14, -2289, -1760, 0, 25, 0, 8, -2, 0, 0, 130, 0, -19933], [62, 1, 2, 5164, 2264, 0, 97, 0, 0, -1, 0, 0, 10, 0, 13419], [98, 11, 22, 543, 703, 0, 114, 0, 0, 0, 0, 0, 213, 0, -19464], [3, 9, 18, 1137, 4912, 0, -52, 0, 3, 4, 0, 0, 147, 0, 3225], [9, 27, 54, -5862, 6013, 0, -817, 0, 30, 2, 0, 0, 478, 0, -15538], [103, 1, 2, 842, 937, 0, -24, 0, 0, 1, 0, 0, 10, 0, -8330], [516, 6, 12, 4820, 3364, 0, 45, 0, -8, 0, 0, 0, 83, 0, 1897], [201, 45, 89, -199, -17676, 0, -318, 0, -6, -16, 0, 0, 1024, 0, 39726], [555, 167, 327, 47149, 213923, 0, -1337, 0, -1, 185, 0, 0, 1342, 0, 341731], [432, 40, 76, 13151, 24115, 0, -1366, 0, -6, 5, 0, 0, 589, 0, 50979], [43, 49, 93, -8214, 14015, 0, -1582, 0, -3, 10, 0, 0, 803, 0, -18888], [267, 112, 211, 4992, 23882, 0, -4237, 0, -36, -2, 0, 0, 1921, 0, 35330], [26, 34, 64, 12607, 2463, 0, -847, 0, -12, -7, 0, 0, 596, 0, -9813], [350, 63, 118, 21871, 14911, 0, -2377, 0, -9, 14, 0, 0, 1074, 0, -39330], [111, 363, 676, 112041, 121586, 0, -441, 0, 20, 88, 0, 0, 5761, 0, 393697], [50, 49, 90, 21035, 61404, 0, -1350, 0, -22, 45, 0, 0, 419, 0, 66552], [161, 22, 40, 3218, 16449, 0, -485, 0, 4, 11, 0, 0, 232, 0, 22501], [89, 339, 616, 47884, 23589, 0, -577, 0, -77, -1, 0, 0, 6024, 0, 268317], [35, 15, 27, -10982, 928, 0, -500, 0, 8, 3, 0, 0, 263, 0, 464], [53, 204, 364, 31102, 39206, 0, -2363, 0, -27, 48, 0, 0, 3345, 0, 114741], [497, 134, 239, 24510, 57202, 0, -4595, 0, -11, 2, 0, 0, 1970, 0, 68939], [518, 9, 16, -1524, 6654, 0, -232, 0, 4, 4, 0, 0, 102, 0, 15766], [412, 544, 957, 68497, 239912, 0, -17584, 0, -84, -20, 0, 0, 7683, 0, 635135], [143, 41, 72, 10070, 42932, 0, -989, 0, 14, 5, 0, 0, 374, 0, 115094], [79, 12, 21, -4562, 1039, 0, -218, 0, 8, 1, 0, 0, 211, 0, 14564], [40, 86, 148, -5274, 21078, 0, -2885, 0, -16, -7, 0, 0, 1293, 0, 14215], [99, 76, 130, 4916, 37783, 0, -1931, 0, -13, 10, 0, 0, 999, 0, 54728], [25, 229, 390, 39435, 166614, 0, -5958, 0, 6, 62, 0, 0, 2503, 0, 345572], [16, 65, 109, -12242, 8839, 0, -1996, 0, -8, 2, 0, 0, 980, 0, -4067], [12, 57, 95, -5441, -9980, 0, -388, 0, 0, -23, 0, 0, 982, 0, 80573], [63, 44, 73, 9925, 50370, 0, -1192, 0, 12, 43, 0, 0, 322, 0, 25690], [117, 138, 223, 4586, 15101, 0, -4321, 0, -35, -2, 0, 0, 2088, 0, 29511], [22, 5, 8, -3087, 649, 0, -124, 0, 0, 3, 0, 0, 65, 0, 9629], [37, 29, 44, 1430, 15617, 0, -870, 0, -8, 8, 0, 0, 308, 0, 35837], [74, 2, 3, 1144, 2470, 0, -35, 0, 0, -1, 0, 0, 9, 0, 6759], [44, 18, 26, 490, -5341, 0, -88, 0, 0, -1, 0, 0, 305, 0, -10048], [78, 6, 8, -748, -701, 0, -13, 0, 0, 2, 0, 0, 81, 0, 11589], [17, 4, 5, -1138, 456, 0, -81, 0, 0, 2, 0, 0, 52, 0, 1283], [34, 1, 1, -341, -473, 0, -15, 0, 0, 0, 0, 0, 12, 0, 2727], [136, 1, 1, 264, 1062, 0, -2, 0, 0, 1, 0, 0, 0, 0, 2339], [64, 1, 1, 864, 733, 0, -14, 0, 9, 0, 0, 0, 3, 0, 5875], [122, 1, 1, 32, 27, 0, -1, 0, 0, -2, 0, 0, 11, 0, -22], [82, 1, 1, 264, 667, 0, 8, 0, 0, 1, 0, 0, 4, 0, 6854], [245, 1, 1, 132, 254, 0, -18, 0, 0, 2, 0, 0, 10, 0, 5135], [41, 1, 1, 704, 175, 0, -10, 0, 0, -1, 0, 0, 12, 0, -773], [86, 3, 3, 1493, 5236, 0, 132, 0, 0, 3, 0, 0, -9, 0, -5482], [115, 2, 2, -914, 1215, 0, -6, 0, 0, 0, 0, 0, 16, 0, 6895], [14, 1, 1, 1013, 129, 0, 1, 0, 0, -1, 0, 0, 8, 0, 3784], [203, 1, 1, -398, -565, 0, -19, 0, 4, 0, 0, 0, 14, 0, 1883], [127, 2, 2, 451, 1027, 0, -39, 0, 0, -1, 0, 0, 14, 0, 5003]],