{"primary_winrate_percent": 44.69783352337514, "matchups_top": 48.177339901477836, "matchups_jungle": 42.57425742574257, "matchups_mid": 36.734693877551024, "matchups_adc": 66.66666666666666, "matchups_support": 44.69783352337514, "roles": [2, 4, 1, 5, 3]}