{"primary_winrate_percent": 49.31941923774954, "matchups_top": 51.92307692307693, "matchups_jungle": 49.31941923774954, "matchups_mid": 51.76524530032095, "matchups_adc": 54.054054054054056, "matchups_support": 53.714285714285715, "roles": [1, 5, 2, 3, 4]}