{"primary_winrate_percent": 49.25783397471138, "winrate_top": 50.45871559633027, "winrate_jungle": 49.25783397471138, "winrate_mid": 51.87842971718024, "winrate_adc": 53.276955602537, "winrate_support": 53.4957627118644, "roles": [1, 5, 2, 3, 4], "matchups_top": [[112, 1, 1], [24, 1, 1], [54, 1, 1], [115, 1, 1], [56, 1, 1], [121, 1, 1], [43, 1, 1], [74, 1, 1], [106, 1, 1], [82, 1, 1], [84, 1, 1], [238, 1, 1], [68, 1, 1], [48, 1, 1], [85, 6, 8], [75, 3, 4], [516, 2, 3], [92, 2, 3], [98, 2, 3], [8, 3, 5]], "matchups_jungle": [[35, 218, 375], [30, 187, 324], [29, 63, 110], [36, 126, 226], [121, 444, 802], [203, 112, 209], [20, 136, 255], [141, 383, 719], [5, 139, 261], [254, 158, 299], [245, 495, 943], [56, 149, 284], [11, 212, 408], [120, 217, 418], [107, 137, 267], [106, 44, 86], [246, 47, 92], [60, 447, 877], [54, 83, 163], [19, 123, 242]], "matchups_mid": [[74, 19, 31], [18, 38, 64], [26, 19, 33], [69, 39, 68], [238, 93, 167], [38, 56, 101], [103, 138, 249], [1, 39, 72], [246, 68, 126], [31, 14, 26], [161, 31, 59], [3, 39, 75], [105, 53, 104], [134, 71, 141], [4, 114, 228], [131, 34, 68], [10, 31, 62], [55, 63, 126], [82, 12, 24], [518, 26, 53]], "matchups_adc": [[110, 2, 3], [96, 3, 5], [67, 14, 24], [51, 24, 44], [498, 31, 60], [236, 20, 39], [157, 2, 4], [222, 18, 36], [81, 18, 40], [29, 4, 9], [202, 8, 18], [22, 17, 40], [119, 5, 12], [145, 36, 88], [21, 4, 10], [18, 5, 15], [134, 2, 6], [429, 1, 4], [15, 0, 4]], "matchups_support": [[35, 8, 9], [432, 16, 25], [53, 29, 49], [89, 33, 57], [117, 27, 47], [43, 11, 20], [143, 10, 19], [25, 33, 63], [267, 30, 59], [9, 7, 14], [16, 13, 27], [412, 52, 110], [37, 5, 11], [555, 24, 55], [161, 3, 7], [40, 16, 38], [111, 28, 68], [99, 8, 21], [497, 18, 50], [350, 9, 26]]}