{"primary_winrate_percent": 0.49319419237749546, "matchups_top": 0.5192307692307693, "matchups_jungle": 0.49319419237749546, "matchups_mid": 0.5176524530032095, "matchups_adc": 0.5405405405405406, "matchups_support": 0.5371428571428571, "roles": [1, 5, 2, 3, 4]}