{"primary_winrate_percent": 51.8314268512944, "matchups_top": 50.58103975535169, "matchups_jungle": 37.61904761904762, "matchups_mid": 51.8314268512944, "matchups_adc": 52.85714285714286, "matchups_support": 25.925925925925924, "roles": [5, 4, 1, 2, 3]}