{"primary_winrate_percent": 51.732417013590606, "winrate_top": 50.44742729306487, "winrate_jungle": 37.99126637554585, "winrate_mid": 51.732417013590606, "winrate_adc": 51.388888888888886, "winrate_support": 26.666666666666668, "roles": [5, 4, 1, 2, 3], "matchups_top": [[107, 8, 10], [18, 8, 10], [236, 10, 13], [57, 17, 24], [106, 7, 10], [6, 15, 22], [126, 18, 27], [240, 15, 23], [114, 44, 70], [150, 15, 24], [420, 11, 18], [133, 13, 22], [266, 23, 39], [23, 22, 38], [13, 34, 59], [80, 25, 44], [27, 9, 16], [122, 37, 67], [14, 6, 11], [86, 35, 66]], "matchups_jungle": [[107, 7, 7], [5, 2, 2], [9, 3, 3], [120, 5, 5], [2, 2, 2], [32, 4, 4], [76, 3, 3], [36, 4, 4], [59, 8, 9], [19, 3, 4], [141, 11, 15], [79, 5, 7], [35, 9, 13], [28, 2, 3], [56, 2, 3], [33, 4, 6], [245, 9, 14], [64, 17, 27], [11, 4, 7], [60, 5, 9]], "matchups_mid": [[136, 152, 251], [54, 207, 373], [80, 348, 640], [3, 301, 569], [131, 532, 1007], [161, 226, 430], [86, 170, 325], [58, 198, 379], [45, 546, 1062], [238, 1500, 2939], [4, 833, 1634], [82, 116, 228], [10, 252, 497], [518, 217, 429], [245, 480, 952], [103, 1021, 2032], [164, 134, 268], [105, 733, 1469], [8, 708, 1428], [112, 352, 713]], "matchups_adc": [[8, 1, 1], [22, 2, 2], [45, 1, 1], [101, 1, 1], [111, 1, 1], [202, 1, 1], [222, 2, 2], [498, 4, 5], [21, 2, 3], [67, 4, 6], [145, 5, 11], [51, 4, 11], [81, 4, 12], [119, 1, 3], [236, 2, 6], [15, 0, 1], [18, 0, 1], [32, 0, 1], [110, 0, 1], [157, 0, 2]], "matchups_support": [[12, 1, 1], [16, 1, 1], [37, 1, 1], [43, 1, 1], [50, 1, 1], [89, 3, 3], [99, 1, 1], [111, 2, 2], [350, 1, 1], [432, 3, 3], [555, 2, 2], [25, 1, 2], [53, 2, 4], [412, 2, 4], [143, 0, 1], [497, 0, 2]]}