{"primary_winrate_percent": 0.518314268512944, "matchups_top": 0.5058103975535169, "matchups_jungle": 0.3761904761904762, "matchups_mid": 0.518314268512944, "matchups_adc": 0.5285714285714286, "matchups_support": 0.25925925925925924, "roles": [5, 4, 1, 2, 3]}