{"primary_winrate_percent": 0.5027737475463002, "matchups_top": 0.5754884547069272, "matchups_jungle": 0.46864686468646866, "matchups_mid": 0.6860622462787551, "matchups_adc": 0.5204081632653061, "matchups_support": 0.5027737475463002, "roles": [2, 5, 4, 1, 3]}