{"primary_winrate_percent": 50.277374754630024, "matchups_top": 57.548845470692726, "matchups_jungle": 46.864686468646866, "matchups_mid": 68.6062246278755, "matchups_adc": 52.04081632653062, "matchups_support": 50.277374754630024, "roles": [2, 5, 4, 1, 3]}