{"primary_winrate_percent": 50.40031397174254, "winrate_top": 57.14285714285714, "winrate_jungle": 46.34146341463415, "winrate_mid": 68.66501854140915, "winrate_adc": 50.0, "winrate_support": 50.40031397174254, "roles": [2, 5, 4, 1, 3], "matchups_top": [[83, 4, 4], [236, 3, 3], [266, 9, 12], [133, 5, 7], [74, 2, 3], [68, 2, 3], [157, 6, 10], [27, 3, 5], [31, 3, 5], [18, 3, 5], [54, 11, 20], [24, 8, 15], [98, 8, 15], [86, 18, 34], [23, 11, 21], [516, 3, 6], [57, 2, 4], [10, 16, 32], [41, 8, 16], [150, 5, 10]], "matchups_jungle": [[102, 3, 3], [2, 4, 4], [266, 2, 2], [30, 3, 4], [154, 9, 12], [19, 5, 7], [121, 18, 26], [77, 2, 3], [24, 6, 9], [56, 6, 9], [106, 2, 3], [32, 2, 3], [79, 4, 6], [104, 3, 5], [421, 3, 5], [64, 29, 55], [245, 11, 21], [246, 1, 2], [28, 1, 2], [29, 1, 2]], "matchups_mid": [[56, 7, 9], [34, 15, 30], [10, 14, 30], [112, 13, 28], [518, 11, 25], [99, 20, 46], [45, 16, 38], [246, 18, 44], [268, 6, 15], [74, 5, 13], [39, 8, 21], [69, 13, 35], [3, 4, 11], [13, 20, 58], [101, 7, 21], [1, 9, 27], [103, 19, 60], [245, 9, 29], [91, 12, 40], [8, 18, 60]], "matchups_adc": [[4, 1, 1], [29, 1, 1], [112, 1, 1], [119, 4, 4], [22, 7, 9], [18, 2, 3], [21, 3, 5], [202, 3, 5], [222, 3, 5], [81, 4, 7], [498, 4, 7], [145, 8, 20], [51, 3, 8], [67, 2, 6], [157, 1, 3], [236, 5, 15], [96, 0, 1], [110, 0, 2], [134, 0, 1]], "matchups_support": [[101, 52, 93], [16, 174, 312], [35, 50, 90], [40, 293, 532], [25, 311, 569], [267, 331, 617], [161, 64, 121], [50, 117, 225], [89, 564, 1098], [37, 61, 119], [432, 116, 228], [99, 155, 306], [63, 105, 208], [43, 128, 257], [497, 337, 678], [117, 331, 670], [9, 73, 148], [53, 483, 982], [111, 644, 1313], [26, 83, 171]]}