{"primary_winrate_percent": 51.48243743687577, "winrate_top": 51.48243743687577, "winrate_jungle": 43.2648401826484, "winrate_mid": 50.36000000000001, "winrate_adc": 42.68077601410935, "winrate_support": 47.4766955962713, "roles": [4, 2, 5, 3, 1], "matchups_top": [[57, 235, 402], [36, 220, 379], [74, 231, 422], [90, 122, 224], [14, 265, 490], [112, 136, 255], [83, 250, 470], [10, 1343, 2538], [82, 786, 1495], [68, 301, 577], [107, 151, 295], [6, 302, 591], [54, 506, 995], [13, 807, 1587], [80, 539, 1070], [516, 312, 630], [114, 820, 1666], [8, 900, 1833], [126, 386, 787], [98, 390, 797]], "matchups_jungle": [[36, 5, 6], [19, 14, 17], [54, 8, 10], [421, 9, 12], [2, 11, 15], [28, 19, 26], [77, 5, 7], [29, 5, 7], [102, 7, 10], [11, 20, 31], [33, 7, 11], [154, 16, 26], [30, 6, 10], [113, 3, 5], [24, 17, 29], [20, 11, 19], [163, 4, 7], [32, 12, 21], [76, 4, 7], [79, 12, 21]], "matchups_mid": [[10, 19, 30], [80, 17, 27], [61, 29, 48], [101, 15, 25], [4, 39, 66], [245, 32, 55], [90, 30, 52], [238, 66, 115], [58, 12, 21], [131, 29, 51], [31, 9, 16], [105, 44, 80], [103, 55, 101], [55, 40, 74], [34, 10, 19], [246, 24, 46], [8, 48, 92], [112, 15, 29], [45, 36, 70], [134, 26, 51]], "matchups_adc": [[15, 7, 9], [22, 24, 33], [498, 44, 66], [222, 22, 36], [21, 9, 15], [236, 25, 42], [202, 22, 37], [81, 33, 57], [51, 30, 53], [145, 61, 108], [119, 13, 25], [96, 3, 6], [157, 3, 7], [18, 6, 15], [110, 2, 5], [67, 10, 30], [29, 1, 6]], "matchups_support": [[44, 20, 26], [37, 26, 41], [143, 35, 56], [50, 41, 68], [53, 119, 203], [111, 122, 213], [89, 107, 187], [117, 92, 161], [43, 36, 63], [25, 97, 173], [40, 75, 139], [267, 82, 153], [16, 50, 94], [63, 34, 64], [412, 210, 399], [161, 20, 38], [101, 15, 29], [35, 15, 29], [432, 34, 67], [350, 47, 96]]}