{"primary_winrate_percent": 0.5158157939455733, "matchups_top": 0.5158157939455733, "matchups_jungle": 0.4318734793187348, "matchups_mid": 0.507404181184669, "matchups_adc": 0.4250474383301708, "matchups_support": 0.47724904480722474, "roles": [4, 2, 5, 3, 1]}