{"primary_winrate_percent": 51.58157939455733, "matchups_top": 51.58157939455733, "matchups_jungle": 43.18734793187348, "matchups_mid": 50.7404181184669, "matchups_adc": 42.50474383301708, "matchups_support": 47.72490448072247, "roles": [4, 2, 5, 3, 1]}