{"primary_winrate_percent": 49.7164461247637, "lane_winrates": {"1": 22.727272727272727, "2": 49.7164461247637, "3": 37.3134328358209, "4": 31.46067415730337, "5": 28.57142857142857}, "roles": [2, 3, 4, 5, 1], "matchups": {"1": [[203, 0, 1, 1290, 1354, 0, 14, 0, 7, 1, 0, 0, -1, 0, 1212], [79, 0, 1, 260, 721, 0, -8, 0, 63, 0, 0, 0, 3, 0, 1391], [5, 0, 1, 993, -318, 0, 16, 0, -5, -1, 0, 0, 11, 0, -430], [60, 1, 3, 3871, 2559, 0, -2, 0, 71, 5, 0, 0, 2, 0, 7831], [245, 1, 2, 2962, 3936, 0, 21, 0, 11, 1, 0, 0, -9, 0, 6461], [104, 1, 2, 933, 1417, 0, 21, 0, -21, -1, 0, 0, -6, 0, -4079], [64, 6, 8, 5496, 4374, 0, 1, 0, 216, 2, 0, 0, 55, 0, -2285], [11, 3, 4, 5260, 8034, 0, 3, 0, 135, 3, 0, 0, -20, 0, 5542], [517, 1, 1, 2508, 3432, 0, 20, 0, -10, 2, 0, 0, -6, 0, 9843], [246, 1, 1, -276, -644, 0, -3, 0, 12, -2, 0, 0, 17, 0, -2150], [141, 1, 1, -395, -294, 0, -3, 0, 2, 0, 0, 0, 12, 0, 668], [121, 4, 4, 7389, 6629, 0, -4, 0, 161, 6, 0, 0, -17, 0, 15994], [107, 1, 1, 2227, 1520, 0, 1, 0, 24, 0, 0, 0, -6, 0, 3679], [102, 1, 1, 1133, 621, 0, -1, 0, 28, 1, 0, 0, 3, 0, -4056], [80, 1, 1, 1721, 4310, 0, -17, 0, 64, 3, 0, 0, -4, 0, 15577], [59, 2, 2, 400, 2384, 0, -52, 0, 88, 2, 0, 0, 0, 0, 12989], [56, 2, 2, 4056, 5543, 0, -14, 0, 193, -1, 0, 0, 0, 0, 22816], [54, 1, 1, 2123, 1834, 0, 6, 0, 46, 1, 0, 0, 0, 0, 9915], [36, 1, 1, 616, -914, 0, -4, 0, 42, -2, 0, 0, 14, 0, 7171], [30, 2, 2, 336, 1656, 0, 14, 0, -20, 2, 0, 0, 3, 0, 8178], [28, 1, 1, 1528, 2083, 0, 0, 0, 31, 1, 0, 0, 0, 0, 13752], [19, 1, 1, 255, 1340, 0, 4, 0, 20, 1, 0, 0, -1, 0, -1808], [2, 2, 2, 6161, 5027, 0, 36, 0, 103, 0, 0, 0, -14, 0, 13084]], "2": [[429, 0, 2, -2549, -2571, 0, -11, 0, 0, -3, 0, 0, 44, 0, -8726], [39, 0, 5, -11717, -7510, 0, 54, 0, 0, 0, 0, 0, 106, 0, -28892], [421, 0, 1, -991, -1634, 0, 32, 0, 0, 0, 0, 0, 24, 0, -4486], [119, 0, 4, -1544, -3981, 0, 99, 0, 0, 0, 0, 0, 68, 0, -15285], [2, 0, 3, 1067, 1098, 0, 53, 0, 0, 1, 0, 0, 29, 0, -14936], [120, 0, 1, -438, -777, 0, 33, 0, 4, 0, 0, 0, 14, 0, -9288], [121, 0, 5, -1991, -833, 0, 74, 0, 40, 0, 0, 0, 48, 0, -23167], [56, 0, 2, 499, 591, 0, 31, 0, 0, 0, 0, 0, 5, 0, 340], [203, 0, 1, -324, -1941, 0, 32, 0, 0, 0, 0, 0, 17, 0, -13343], [77, 0, 2, -2466, -1297, 0, 38, 0, 0, 0, 0, 0, 35, 0, -9809], [51, 1, 7, -4847, -6526, 0, 68, 0, 0, -3, 0, 0, 99, 0, -49112], [18, 1, 7, -1386, 2716, 0, 195, 0, 42, 0, 0, 0, 63, 0, -4827], [202, 1, 6, -1069, 416, 0, 155, 0, 0, 2, 0, 0, 40, 0, -18594], [13, 2, 12, -1154, -5107, 0, 130, 0, 12, -1, 0, 0, 160, 0, -31282], [150, 1, 5, -5468, -4637, 0, 66, 0, -1, -2, 0, 0, 70, 0, -37374], [20, 7, 33, -20170, -28096, 0, 565, 0, 37, 2, 0, 0, 510, 0, -119454], [236, 5, 20, -6864, -2477, 0, 273, 0, -8, 2, 0, 0, 205, 0, -69783], [141, 1, 4, 1512, -1109, 0, 63, 0, 44, 2, 0, 0, 47, 0, -7345], [41, 2, 8, -727, 153, 0, 308, 0, 4, 0, 0, 0, 76, 0, -29860], [19, 1, 4, -433, -2135, 0, 116, 0, 0, -1, 0, 0, 54, 0, -2798], [28, 1, 4, 126, -710, 0, 32, 0, 37, 3, 0, 0, 44, 0, -19911], [145, 3, 11, -483, -4657, 0, 242, 0, 12, 0, 0, 0, 148, 0, -19469], [58, 3, 11, -2086, -3828, 0, 253, 0, 4, 9, 0, 0, 116, 0, -38397], [60, 9, 32, -5792, -5386, 0, 230, 0, 32, 19, 0, 0, 354, 0, -81313], [33, 5, 17, -4759, -13412, 0, 242, 0, 8, 3, 0, 0, 266, 0, -31761], [84, 4, 13, 975, -589, 0, 278, 0, 0, 7, 0, 0, 121, 0, -34782], [15, 1, 3, -623, -1641, 0, 93, 0, 0, -1, 0, 0, 39, 0, -6613], [266, 3, 9, -162, -2177, 0, 251, 0, 5, 1, 0, 0, 88, 0, -8328], [498, 1, 3, -3284, -2520, 0, 41, 0, 5, -1, 0, 0, 46, 0, -5362], [131, 1, 3, -600, -1053, 0, 25, 0, 0, 4, 0, 0, 31, 0, 6456], [102, 1, 3, -1181, -1441, 0, 47, 0, 0, -4, 0, 0, 45, 0, -6703], [113, 7, 20, -5916, -13197, 0, 372, 0, 32, 5, 0, 0, 304, 0, -44966], [69, 5, 14, -6614, -4264, 0, 199, 0, 0, 3, 0, 0, 168, 0, -18211], [112, 5, 14, -7493, -1512, 0, 139, 0, -4, 2, 0, 0, 157, 0, -21902], [82, 15, 41, 10320, -3285, 0, 1051, 0, 6, 10, 0, 0, 382, 0, -71151], [61, 28, 76, -18624, -20995, 0, 340, 0, -6, -9, 0, 0, 879, 0, -107959], [27, 7, 19, -3139, -12107, 0, 379, 0, 0, 3, 0, 0, 289, 0, -34721], [86, 71, 190, 30979, 109742, 0, 12982, 0, 48, 52, 0, 0, 843, 0, -328859], [104, 3, 8, -3508, -3328, 0, 62, 0, 62, 2, 0, 0, 103, 0, 1980], [24, 3, 8, -3313, -1149, 0, 186, 0, 6, 0, 0, 0, 89, 0, -14440], [32, 16, 42, -1045, -16536, 0, 621, 0, 25, 0, 0, 0, 510, 0, -75856], [245, 8, 21, 3316, 4451, 0, 220, 0, 61, 6, 0, 0, 151, 0, -25221], [517, 17, 44, -2627, -3528, 0, 515, 0, 32, 16, 0, 0, 470, 0, -53714], [7, 33, 85, -13348, 9933, 0, 317, 0, 34, 9, 0, 0, 736, 0, -32117], [81, 65, 166, -31053, 35256, 0, 1545, 0, 12, 14, 0, 0, 1292, 0, -161054], [420, 6, 15, -3738, -5612, 0, 299, 0, 1, -5, 0, 0, 194, 0, -18515], [126, 2, 5, -4651, -5156, 0, 87, 0, 8, -2, 0, 0, 76, 0, -14999], [5, 2, 5, -439, -1118, 0, 78, 0, 38, -1, 0, 0, 52, 0, -2472], [96, 2, 5, -541, 454, 0, 99, 0, 4, 4, 0, 0, 38, 0, -9816], [23, 2, 5, 3897, 5980, 0, 326, 0, 12, 2, 0, 0, -1, 0, 1186], [92, 4, 10, 663, -3896, 0, 248, 0, 0, -3, 0, 0, 133, 0, -27161], [4, 18, 45, -7902, -5560, 0, 383, 0, 0, -5, 0, 0, 487, 0, -47290], [350, 2764, 6903, -638007, -2739637, 0, -13528, 0, -374, 674, 0, 0, 88411, 0, -11125586], [78, 177, 438, -78136, -137699, 0, 7812, 0, 56, 24, 0, 0, 5345, 0, -436297], [115, 44, 108, -25993, -4020, 0, 881, 0, 5, 5, 0, 0, 1039, 0, -155632], [36, 9, 22, -1728, 949, 0, 871, 0, 6, 3, 0, 0, 212, 0, -34402], [21, 251, 613, -46912, 61191, 0, 4182, 0, 98, 58, 0, 0, 5540, 0, -247831], [122, 7, 17, -1248, 2871, 0, 520, 0, 12, 1, 0, 0, 135, 0, -8474], [79, 243, 587, -65017, -153460, 0, 3173, 0, 54, 17, 0, 0, 7049, 0, -504436], [516, 117, 282, 18238, -56425, 0, 5899, 0, 26, 53, 0, 0, 3172, 0, -288353], [142, 60, 144, 974, 23090, 0, 1156, 0, 20, 45, 0, 0, 1229, 0, -33049], [238, 8, 19, 1734, -400, 0, 482, 0, 0, 12, 0, 0, 186, 0, -17405], [223, 404, 947, -78799, -256236, 0, 17458, 0, 80, 5, 0, 0, 11434, 0, -657074], [68, 9, 21, -589, 1703, 0, 282, 0, 1, 6, 0, 0, 188, 0, -26396], [55, 6, 14, 4256, 5742, 0, 209, 0, 2, 10, 0, 0, 95, 0, 1618], [59, 63, 147, 8168, 19216, 0, 1313, 0, 63, 21, 0, 0, 1200, 0, 50198], [8, 7, 16, 10245, 3061, 0, 732, 0, 0, 10, 0, 0, 135, 0, -31688], [22, 104, 237, -46588, -51201, 0, 1288, 0, 17, -20, 0, 0, 2677, 0, -257113], [76, 22, 50, -4762, 8174, 0, 207, 0, 44, 16, 0, 0, 360, 0, -30316], [31, 31, 70, 423, -2614, 0, 1068, 0, 73, 14, 0, 0, 689, 0, -13558], [103, 46, 103, 19563, 10708, 0, 704, 0, 8, 37, 0, 0, 900, 0, -110649], [64, 35, 78, -22462, -28062, 0, 1401, 0, 130, -3, 0, 0, 908, 0, -91676], [106, 164, 362, 30113, 4624, 0, 6595, 0, 78, 52, 0, 0, 3548, 0, 44251], [154, 73, 160, -12144, -37732, 0, 2771, 0, 1, 4, 0, 0, 1854, 0, -135202], [427, 33, 72, -14229, -16060, 0, 62, 0, 122, 1, 0, 0, 835, 0, -23513], [98, 405, 873, -2485, -211507, 0, 15319, 0, 101, 47, 0, 0, 10207, 0, -228274], [201, 2512, 5413, -739919, -2534652, 0, 86222, 0, -98, -772, 0, 0, 73357, 0, -4994873], [10, 46, 99, -16831, -28185, 0, 273, 0, 11, -14, 0, 0, 1189, 0, -124789], [54, 657, 1413, -149271, -395476, 0, 8932, 0, 156, 119, 0, 0, 16708, 0, -1362035], [555, 7610, 16283, 835642, 5445768, 0, 209645, 0, 422, 7032, 0, 0, 113714, 0, 6030234], [43, 2762, 5872, -281196, -525600, 0, 15097, 0, 377, 424, 0, 0, 62525, 0, -1276978], [246, 8, 17, -2735, -563, 0, 373, 0, 4, -2, 0, 0, 172, 0, -6552], [45, 499, 1060, 19038, -19131, 0, 6490, 0, 94, 277, 0, 0, 10612, 0, -513770], [110, 9, 19, 2123, 2004, 0, 195, 0, 16, 0, 0, 0, 184, 0, -22972], [157, 19, 40, 7407, 6195, 0, 1524, 0, 26, 0, 0, 0, 341, 0, 8052], [3, 324, 682, -31137, -114962, 0, 11512, 0, 5, 70, 0, 0, 7587, 0, -426991], [74, 50, 105, 29493, 35356, 0, 1757, 0, 60, 16, 0, 0, 755, 0, -23948], [134, 41, 86, 4502, 30091, 0, 861, 0, 16, 3, 0, 0, 671, 0, 37851], [1, 347, 726, -46660, -69744, 0, 3255, 0, 15, 24, 0, 0, 7619, 0, -662154], [12, 2471, 5157, -582382, -1986205, 0, 77188, 0, 39, -538, 0, 0, 66598, 0, -3455518], [80, 112, 233, 33026, 65638, 0, 3817, 0, 56, 53, 0, 0, 1775, 0, 123861], [17, 198, 411, -61799, -75718, 0, 1626, 0, 73, 25, 0, 0, 4435, 0, -420496], [99, 3417, 7026, -37424, 46722, 0, 28481, 0, 