{"primary_winrate_percent": 49.70331070350268, "winrate_top": 30.508474576271187, "winrate_jungle": 21.428571428571427, "winrate_mid": 26.25, "winrate_adc": 36.95652173913043, "winrate_support": 49.70331070350268, "roles": [2, 3, 4, 5, 1], "matchups_top": [[112, 1, 1], [134, 1, 1], [102, 1, 1], [24, 1, 1], [31, 2, 2], [18, 2, 2], [54, 1, 1], [57, 2, 2], [10, 7, 7], [106, 1, 1], [85, 3, 3], [36, 3, 3], [420, 1, 1], [111, 1, 1], [145, 1, 1], [141, 1, 1], [83, 2, 2], [164, 6, 6], [86, 13, 14], [82, 7, 8]], "matchups_jungle": [[2, 2, 2], [19, 1, 1], [28, 1, 1], [30, 2, 2], [36, 1, 1], [54, 1, 1], [56, 1, 1], [59, 3, 3], [80, 1, 1], [102, 1, 1], [107, 1, 1], [121, 4, 4], [141, 1, 1], [246, 1, 1], [517, 1, 1], [64, 6, 7], [11, 3, 4], [245, 1, 2], [60, 1, 3], [5, 0, 1]], "matchups_mid": [[4, 1, 1], [157, 4, 4], [112, 1, 1], [23, 1, 1], [18, 1, 1], [54, 2, 2], [57, 1, 1], [9, 1, 1], [10, 1, 1], [74, 1, 1], [91, 2, 2], [84, 5, 5], [7, 4, 4], [99, 1, 1], [8, 1, 1], [79, 1, 1], [161, 1, 1], [34, 1, 1], [164, 1, 1], [105, 2, 2]], "matchups_adc": [[29, 1, 1], [45, 1, 1], [86, 2, 2], [119, 2, 2], [157, 1, 1], [429, 2, 2], [222, 11, 13], [498, 11, 13], [21, 3, 4], [22, 7, 10], [51, 7, 11], [236, 7, 11], [67, 7, 12], [15, 4, 8], [18, 1, 2], [81, 6, 12], [145, 11, 22], [202, 3, 8], [39, 0, 2], [96, 0, 1]], "matchups_support": [[35, 1076, 2007], [40, 5677, 10660], [63, 2731, 5148], [432, 2637, 4984], [26, 1914, 3632], [16, 3530, 6713], [44, 864, 1647], [89, 9753, 18683], [53, 9751, 18708], [25, 6671, 12807], [143, 2474, 4761], [50, 2620, 5048], [497, 7303, 14150], [111, 11210, 21747], [37, 1301, 2528], [161, 1542, 3005], [9, 1577, 3095], [267, 7031, 13805], [117, 6511, 13036], [101, 1263, 2531]]}