{"primary_winrate_percent": 0.49702995683822165, "matchups_top": 0.30538922155688625, "matchups_jungle": 0.225, "matchups_mid": 0.273972602739726, "matchups_adc": 0.3712121212121212, "matchups_support": 0.49702995683822165, "roles": [2, 3, 4, 5, 1]}