{"primary_winrate_percent": 49.70299568382217, "matchups_top": 30.538922155688624, "matchups_jungle": 22.5, "matchups_mid": 27.397260273972602, "matchups_adc": 37.121212121212125, "matchups_support": 49.70299568382217, "roles": [2, 3, 4, 5, 1]}