{"primary_winrate_percent": 0.49476479746023994, "matchups_top": 0.49211140074084236, "matchups_jungle": 0.358695652173913, "matchups_mid": 0.4747139531428005, "matchups_adc": 0.49476479746023994, "matchups_support": 0.42, "roles": [3, 5, 4, 1, 2]}