{"primary_winrate_percent": 49.579070984903154, "winrate_top": 49.2214204329662, "winrate_jungle": 35.61368209255533, "winrate_mid": 47.427058125199764, "winrate_adc": 49.579070984903154, "winrate_support": 39.62264150943396, "roles": [3, 5, 4, 1, 2], "matchups_top": [[14, 43, 62], [31, 53, 80], [516, 65, 101], [78, 31, 51], [133, 82, 141], [80, 80, 138], [54, 67, 116], [240, 66, 115], [107, 29, 51], [17, 100, 176], [74, 38, 67], [236, 40, 71], [98, 77, 139], [75, 84, 152], [24, 122, 221], [157, 86, 159], [23, 74, 140], [85, 70, 133], [114, 149, 284], [83, 43, 82]], "matchups_jungle": [[102, 4, 4], [54, 10, 10], [2, 5, 5], [32, 5, 6], [33, 4, 5], [254, 12, 15], [60, 18, 23], [30, 7, 9], [421, 6, 8], [427, 3, 4], [120, 11, 15], [245, 24, 33], [121, 26, 36], [35, 13, 18], [56, 5, 7], [28, 10, 15], [77, 2, 3], [80, 2, 3], [203, 2, 3], [9, 2, 3]], "matchups_mid": [[80, 122, 195], [54, 81, 134], [74, 82, 139], [91, 253, 435], [131, 264, 456], [115, 90, 156], [3, 128, 223], [103, 593, 1044], [69, 186, 330], [134, 400, 710], [45, 389, 691], [90, 284, 506], [34, 144, 257], [238, 529, 948], [245, 251, 453], [157, 660, 1225], [105, 309, 579], [10, 135, 253], [61, 374, 701], [101, 177, 333]], "matchups_adc": [[222, 2945, 5528], [22, 3225, 6080], [51, 4161, 7949], [96, 385, 738], [119, 1156, 2223], [29, 437, 841], [21, 1118, 2161], [202, 2417, 4716], [498, 3421, 6695], [67, 2483, 4964], [157, 255, 510], [15, 493, 988], [236, 2828, 5676], [145, 5828, 11996], [81, 3141, 6731], [110, 422, 931]], "matchups_support": [[12, 1, 1], [17, 1, 1], [32, 1, 1], [37, 1, 1], [101, 1, 1], [106, 1, 1], [111, 6, 6], [161, 1, 1], [201, 1, 1], [267, 2, 2], [412, 6, 7], [16, 2, 3], [25, 2, 4], [43, 1, 2], [99, 1, 2], [53, 1, 3], [497, 1, 3], [555, 2, 6], [40, 0, 1], [63, 0, 1]]}