{"primary_winrate_percent": 49.47647974602399, "matchups_top": 49.211140074084234, "matchups_jungle": 35.869565217391305, "matchups_mid": 47.47139531428005, "matchups_adc": 49.47647974602399, "matchups_support": 42.0, "roles": [3, 5, 4, 1, 2]}