{"primary_winrate_percent": 49.7493126314087, "winrate_top": 45.74691914637812, "winrate_jungle": 49.7493126314087, "winrate_mid": 47.05882352941176, "winrate_adc": 37.5, "winrate_support": 43.78947368421053, "roles": [1, 4, 2, 5, 3], "matchups_top": [[27, 21, 27], [106, 16, 23], [240, 42, 63], [14, 24, 38], [98, 37, 59], [164, 48, 77], [83, 31, 50], [78, 30, 49], [23, 36, 59], [266, 50, 83], [10, 100, 167], [17, 26, 44], [122, 87, 149], [57, 21, 36], [133, 14, 24], [13, 36, 62], [420, 38, 66], [80, 47, 82], [31, 26, 46], [126, 18, 32]], "matchups_jungle": [[203, 40, 63], [29, 22, 35], [24, 75, 128], [11, 134, 229], [245, 170, 293], [56, 82, 142], [35, 96, 169], [106, 55, 98], [60, 100, 180], [154, 120, 218], [19, 88, 163], [254, 94, 175], [421, 51, 95], [9, 25, 49], [102, 32, 64], [5, 48, 96], [76, 31, 62], [36, 75, 150], [20, 68, 137], [107, 63, 127]], "matchups_mid": [[3, 1, 1], [8, 2, 2], [55, 1, 1], [67, 1, 1], [75, 1, 1], [86, 1, 1], [90, 1, 1], [91, 1, 1], [131, 1, 1], [136, 2, 2], [38, 2, 3], [238, 1, 2], [245, 1, 2], [105, 1, 3], [157, 1, 3], [4, 0, 1], [10, 0, 1], [39, 0, 1], [80, 0, 1], [84, 0, 1]], "matchups_adc": [[21, 1, 1], [67, 1, 1], [134, 1, 1], [145, 1, 1], [236, 1, 1], [29, 0, 2], [51, 0, 1]], "matchups_support": [[1, 3, 3], [9, 6, 7], [201, 4, 5], [117, 13, 17], [16, 9, 12], [432, 6, 8], [37, 3, 4], [161, 5, 7], [111, 36, 56], [555, 12, 19], [40, 5, 8], [53, 32, 52], [267, 17, 28], [143, 6, 10], [79, 3, 5], [63, 6, 10], [25, 12, 23], [412, 29, 56], [89, 21, 41], [35, 2, 4]]}