{"primary_winrate_percent": 49.870592041410546, "lane_winrates": {"1": 49.870592041410546, "2": 44.303797468354425, "3": 37.5, "4": 46.070785842831434, "5": 45.714285714285715}, "roles": [1, 4, 2, 5, 3], "matchups": {"1": [[236, 0, 1, 350, -191, 0, -2, 0, 12, 0, 0, 0, 10, 0, -541], [63, 0, 1, -772, -628, 0, 10, 0, -23, -1, 0, 0, 13, 0, -2433], [111, 0, 3, -1588, -3430, 0, 10, 0, -45, 0, 0, 0, 57, 0, -16163], [98, 0, 1, -1987, -2946, 0, -4, 0, -12, -1, 0, 0, 21, 0, -14370], [13, 0, 1, -160, -443, 0, 4, 0, -14, -2, 0, 0, 18, 0, -3787], [143, 0, 2, -756, 0, 0, 16, 0, -18, -2, 0, 0, 32, 0, 1514], [92, 0, 4, 2139, 793, 0, 42, 0, -25, -2, 0, 0, 21, 0, -756], [38, 0, 3, 1371, -1389, 0, 24, 0, 0, -3, 0, 0, 39, 0, -15099], [68, 1, 4, -4276, -4350, 0, -24, 0, -60, -6, 0, 0, 82, 0, -1220], [75, 1, 4, -6245, -6948, 0, -11, 0, -69, -4, 0, 0, 76, 0, -21208], [17, 1, 4, 265, -197, 0, 10, 0, -35, 1, 0, 0, 46, 0, -8814], [6, 1, 4, -124, -1142, 0, 18, 0, 23, -1, 0, 0, 37, 0, -21755], [31, 3, 10, 4151, 2409, 0, 31, 0, -14, 2, 0, 0, 75, 0, 4382], [517, 6, 19, -5629, -6152, 0, -26, 0, -130, 1, 0, 0, 236, 0, -33036], [240, 1, 3, 4285, 3633, 0, 35, 0, 28, 2, 0, 0, 0, 0, 4820], [516, 1, 3, -1655, -935, 0, 7, 0, -31, 0, 0, 0, 45, 0, 4523], [30, 19, 54, 23542, -1480, 0, 179, 0, 419, -13, 0, 0, 540, 0, -85286], [131, 5, 14, -4657, -13512, 0, 16, 0, -9, -20, 0, 0, 257, 0, -15386], [163, 13, 36, -4921, -3925, 0, 61, 0, -247, 0, 0, 0, 383, 0, -1585], [246, 15, 38, -10835, -10111, 0, -84, 0, -416, -16, 0, 0, 455, 0, -58132], [80, 27, 68, -8911, -4204, 0, -191, 0, -326, 0, 0, 0, 718, 0, -1317], [72, 10, 25, -992, -3607, 0, -58, 0, 97, -9, 0, 0, 287, 0, -11914], [104, 42, 101, 14284, 8823, 0, 408, 0, 11, -2, 0, 0, 901, 0, -104792], [79, 60, 138, 2293, -20230, 0, -152, 0, -513, 3, 0, 0, 1602, 0, 23383], [164, 7, 16, -8381, -9101, 0, -60, 0, -159, -3, 0, 0, 217, 0, -28025], [57, 4, 9, -132, -4392, 0, -19, 0, -39, -6, 0, 0, 133, 0, -12091], [28, 52, 117, 9104, -23033, 0, -381, 0, -29, -11, 0, 0, 1333, 0, -75719], [62, 13, 29, -10780, -12675, 0, -70, 0, -84, -6, 0, 0, 371, 0, -42696], [32, 57, 126, -2385, -51934, 0, -88, 0, -20, -11, 0, 0, 1653, 0, -85922], [120, 110, 239, 36435, 25416, 0, 95, 0, 472, -33, 0, 0, 2126, 0, -25508], [33, 73, 156, -45619, -77029, 0, -168, 0, -1118, -73, 0, 0, 2171, 0, -160981], [113, 51, 107, -5581, -22539, 0, 43, 0, -504, -18, 0, 0, 1248, 0, -99768], [77, 31, 65, 9921, -8651, 0, -111, 0, 452, -27, 0, 0, 746, 0, 54557], [141, 167, 348, 17043, -20688, 0, -219, 0, 386, -43, 0, 0, 3684, 0, -236889], [78, 13, 27, -3433, -6943, 0, -78, 0, 2, -14, 0, 0, 350, 0, 19866], [59, 122, 253, 4226, -13279, 0, -6, 0, -1040, -70, 0, 0, 2653, 0, 33597], [54, 58, 120, -20937, -36885, 0, -97, 0, -773, 4, 0, 0, 1522, 0, -17223], [64, 382, 787, 40340, 38360, 0, -590, 0, -2490, 67, 0, 0, 7468, 0, 314523], [76, 32, 65, 28835, 25589, 0, -37, 0, 427, 25, 0, 0, 392, 0, 51942], [36, 74, 149, 55383, 36249, 0, 159, 0, 1404, -17, 0, 0, 1153, 0, -39904], [121, 178, 358, 24578, -2427, 0, -822, 0, 83, 102, 0, 0, 3449, 0, -101927], [427, 15, 30, 12324, -724, 0, -75, 0, 91, -3, 0, 0, 333, 0, 26665], [145, 4, 8, 4246, 6777, 0, 131, 0, -39, 4, 0, 0, 3, 0, -16787], [81, 1, 2, 1485, -538, 0, 15, 0, 4, 0, 0, 0, 20, 0, -2420], [20, 68, 136, -5051, -32023, 0, -51, 0, -333, -47, 0, 0, 1619, 0, 40155], [266, 6, 12, 5074, 2018, 0, 3, 0, 84, 4, 0, 0, 98, 0, 13429], [5, 49, 98, 15394, 15861, 0, 58, 0, -1, -33, 0, 0, 830, 0, 85524], [23, 4, 8, 1417, -223, 0, 57, 0, 37, -2, 0, 0, 85, 0, -41914], [107, 67, 132, 42688, 34446, 0, -47, 0, 688, 17, 0, 0, 980, 0, 67507], [421, 46, 90, 7507, 7322, 0, -260, 0, -185, 2, 0, 0, 784, 0, 23817], [19, 81, 158, -10589, -9284, 0, -348, 0, -163, -23, 0, 0, 1646, 0, -16487], [102, 32, 62, 7354, -4266, 0, 77, 0, 247, -7, 0, 0, 682, 0, -50460], [2, 73, 141, 44204, 25505, 0, 195, 0, 712, -2, 0, 0, 1262, 0, 80708], [9, 26, 49, -5130, -2651, 0, -266, 0, -26, -5, 0, 0, 576, 0, 122271], [254, 97, 181, 23158, -12312, 0, -346, 0, 765, -39, 0, 0, 1889, 0, 4838], [60, 101, 187, -39880, -44066, 0, -512, 0, -1175, 6, 0, 0, 2176, 0, 47544], [154, 116, 213, -19591, -75448, 0, -121, 0, -1729, -32, 0, 0, 2740, 0, -26712], [35, 94, 169, 166, 16133, 0, -244, 0, -1012, 56, 0, 0, 1545, 0, 77376], [11, 128, 224, 25550, 2423, 0, 125, 0, 871, -19, 0, 0, 2120, 0, -68134], [106, 52, 90, -1059, -2694, 0, 79, 0, -392, 4, 0, 0, 881, 0, 32778], [245, 163, 282, 50917, 33769, 0, 291, 0, -406, 62, 0, 0, 2590, 0, 168283], [56, 86, 147, 67918, 59581, 0, 279, 0, 591, 38, 0, 0, 985, 0, 192155], [24, 73, 124, 29094, 6859, 0, -226, 0, 527, -7, 0, 0, 1165, 0, -1836], [133, 3, 5, 109, 829, 0, -10, 0, -12, 2, 0, 0, 49, 0, -7638], [29, 21, 34, 1319, 818, 0, 55, 0, -380, -2, 0, 0, 346, 0, 13804], [203, 41, 65, 18839, 22069, 0, -15, 0, 162, -8, 0, 0, 475, 0, 75289], [86, 2, 3, -540, -1284, 0, -42, 0, 46, -3, 0, 0, 38, 0, 811], [105, 1, 1, -1625, -2850, 0, -12, 0, -8, 0, 0, 0, 34, 0, -4522], [25, 1, 1, -651, -1116, 0, -3, 0, -12, -1, 0, 0, 20, 0, 2447], [44, 1, 1, 357, -522, 0, -1, 0, 0, -1, 0, 0, 14, 0, 5790], [67, 1, 1, 1224, 1486, 0, -13, 0, 18, 0, 0, 0, 0, 0, 5915], [1, 1, 1, -708, -631, 0, -17, 0, 23, 0, 0, 0, 13, 0, 1958], [37, 4, 4, -4060, -6768, 0, 16, 0, -124, 0, 0, 0, 91, 0, -15436], [84, 1, 1, -18, -89, 0, -15, 0, 12, 0, 0, 0, 10, 0, 7223], [82, 3, 3, 1623, 209, 0, 16, 0, 10, 0, 0, 0, 26, 0, 4486], [91, 1, 1, -312, -435, 0, 4, 0, 4, -1, 0, 0, 15, 0, 243], [555, 1, 1, -325, 560, 0, -10, 0, -16, 0, 0, 0, 5, 0, 200], [114, 1, 1, 1012, 1277, 0, 4, 0, -12, 1, 0, 0, 2, 0, 5647], [89, 1, 1, 732, 1704, 0, 2, 0, 22, -1, 0, 0, -5, 0, 3200], [27, 1, 1, 41, -319, 0, 10, 0, -15, 0, 0, 0, 14, 0, -4112], [96, 1, 1, -849, -1440, 0, -18, 0, 33, -1, 0, 0, 22, 0, 2951], [157, 1, 1, 861, 298, 0, 26, 0, -32, -1, 0, 0, 8, 0, 2687]],