{"primary_winrate_percent": 50.174337517433756, "matchups_top": 45.77049180327869, "matchups_jungle": 50.174337517433756, "matchups_mid": 47.05882352941176, "matchups_adc": 33.33333333333333, "matchups_support": 44.827586206896555, "roles": [1, 4, 2, 5, 3]}