{"primary_winrate_percent": 0.5017433751743375, "matchups_top": 0.4577049180327869, "matchups_jungle": 0.5017433751743375, "matchups_mid": 0.47058823529411764, "matchups_adc": 0.3333333333333333, "matchups_support": 0.4482758620689655, "roles": [1, 4, 2, 5, 3]}