{"primary_winrate_percent": 50.870527783092356, "matchups_top": 50.870527783092356, "matchups_jungle": 42.5312330255296, "matchups_mid": 50.968992248062015, "matchups_adc": 46.400000000000006, "matchups_support": 38.095238095238095, "roles": [4, 1, 5, 3, 2]}