{"primary_winrate_percent": 50.66345910357053, "winrate_top": 50.66345910357053, "winrate_jungle": 42.16133942161339, "winrate_mid": 51.3189448441247, "winrate_adc": 48.148148148148145, "winrate_support": 38.63636363636363, "roles": [4, 1, 5, 3, 2], "matchups_top": [[54, 617, 1077], [78, 245, 428], [133, 230, 411], [17, 558, 1015], [240, 396, 724], [14, 214, 396], [85, 252, 468], [57, 172, 325], [36, 120, 228], [516, 270, 517], [27, 215, 413], [150, 335, 646], [58, 866, 1694], [24, 1008, 1972], [98, 438, 864], [75, 471, 934], [68, 141, 281], [67, 167, 333], [80, 457, 920], [10, 1335, 2688]], "matchups_jungle": [[36, 21, 29], [54, 25, 36], [33, 18, 26], [154, 42, 61], [20, 21, 31], [60, 31, 47], [104, 15, 23], [30, 13, 20], [19, 35, 54], [35, 42, 65], [79, 23, 36], [131, 7, 11], [59, 48, 76], [254, 46, 73], [56, 28, 45], [203, 13, 21], [106, 11, 18], [113, 6, 10], [141, 80, 134], [64, 134, 227]], "matchups_mid": [[68, 7, 9], [240, 9, 12], [80, 9, 14], [3, 13, 21], [61, 27, 44], [62, 6, 10], [39, 26, 44], [1, 8, 14], [34, 8, 14], [13, 30, 53], [84, 23, 41], [518, 6, 11], [131, 20, 37], [8, 22, 41], [238, 50, 95], [38, 31, 59], [18, 11, 21], [101, 9, 18], [134, 20, 42], [246, 20, 42]], "matchups_adc": [[90, 1, 1], [350, 1, 1], [119, 7, 8], [45, 3, 4], [222, 5, 7], [110, 2, 3], [22, 9, 14], [67, 5, 8], [81, 10, 19], [145, 7, 15], [51, 4, 9], [236, 5, 12], [18, 2, 5], [202, 2, 5], [498, 6, 16], [157, 1, 3], [1, 0, 1], [13, 0, 1], [15, 0, 1], [29, 0, 1]], "matchups_support": [[26, 1, 1], [37, 2, 2], [50, 1, 1], [53, 1, 1], [54, 1, 1], [63, 1, 1], [101, 1, 1], [111, 1, 1], [161, 1, 1], [201, 1, 1], [267, 3, 3], [89, 4, 5], [117, 2, 3], [412, 3, 5], [25, 1, 2], [40, 2, 4], [99, 1, 3], [12, 0, 1], [21, 0, 1], [43, 0, 1]]}