{"primary_winrate_percent": 0.5087052778309236, "matchups_top": 0.5087052778309236, "matchups_jungle": 0.425312330255296, "matchups_mid": 0.5096899224806202, "matchups_adc": 0.464, "matchups_support": 0.38095238095238093, "roles": [4, 1, 5, 3, 2]}