{"primary_winrate_percent": 50.01422189502568, "winrate_top": 51.455733808674985, "winrate_jungle": 44.375, "winrate_mid": 50.01422189502568, "winrate_adc": 43.35260115606936, "winrate_support": 42.97994269340974, "roles": [5, 4, 3, 1, 2], "matchups_top": [[78, 9, 11], [83, 11, 14], [516, 11, 16], [24, 29, 46], [18, 8, 13], [112, 11, 18], [43, 6, 10], [80, 15, 26], [23, 16, 28], [36, 8, 14], [68, 9, 16], [85, 19, 34], [90, 5, 9], [266, 20, 36], [74, 11, 20], [86, 43, 81], [84, 22, 43], [98, 14, 28], [92, 24, 50], [54, 12, 25]], "matchups_jungle": [[9, 3, 3], [517, 3, 3], [164, 3, 3], [120, 9, 11], [106, 4, 5], [5, 3, 4], [76, 6, 8], [104, 8, 11], [32, 5, 7], [59, 13, 19], [141, 20, 30], [20, 7, 11], [19, 5, 8], [245, 21, 35], [64, 35, 60], [154, 9, 16], [54, 5, 9], [121, 18, 33], [11, 13, 24], [56, 8, 15]], "matchups_mid": [[136, 220, 388], [555, 170, 309], [90, 816, 1498], [131, 598, 1118], [157, 1722, 3236], [105, 1095, 2072], [101, 484, 921], [34, 381, 731], [99, 709, 1361], [103, 1601, 3076], [518, 327, 629], [127, 395, 765], [115, 202, 393], [238, 1416, 2771], [74, 216, 424], [161, 386, 758], [45, 853, 1676], [55, 969, 1905], [245, 627, 1241], [10, 354, 701]], "matchups_adc": [[45, 4, 4], [110, 7, 10], [119, 13, 19], [22, 43, 63], [96, 4, 6], [51, 51, 80], [15, 6, 10], [81, 48, 81], [18, 14, 24], [67, 28, 49], [145, 61, 110], [498, 32, 58], [29, 2, 4], [236, 23, 46], [222, 23, 47], [202, 17, 36], [21, 9, 22], [157, 1, 6]], "matchups_support": [[57, 2, 2], [17, 2, 2], [432, 9, 10], [63, 4, 5], [53, 21, 29], [111, 20, 28], [350, 6, 9], [201, 4, 6], [26, 2, 3], [40, 9, 14], [117, 10, 16], [12, 3, 5], [143, 3, 5], [161, 3, 5], [412, 28, 48], [43, 4, 7], [25, 12, 21], [555, 11, 20], [9, 7, 13], [45, 1, 2]]}