{"primary_winrate_percent": 0.5000551045148965, "matchups_top": 0.5091264667535854, "matchups_jungle": 0.44874715261959, "matchups_mid": 0.5000551045148965, "matchups_adc": 0.4279210925644917, "matchups_support": 0.4025974025974026, "roles": [5, 4, 3, 1, 2]}