{"primary_winrate_percent": 50.005510451489656, "matchups_top": 50.912646675358545, "matchups_jungle": 44.874715261959, "matchups_mid": 50.005510451489656, "matchups_adc": 42.792109256449166, "matchups_support": 40.25974025974026, "roles": [5, 4, 3, 1, 2]}