{"primary_winrate_percent": 52.73838882038635, "matchups_top": 50.51546391752577, "matchups_jungle": 49.81924360400445, "matchups_mid": 52.17391304347826, "matchups_adc": 52.73838882038635, "matchups_support": 21.428571428571427, "roles": [3, 1, 4, 5, 2]}