{"primary_winrate_percent": 52.70109188003623, "winrate_top": 50.48543689320388, "winrate_jungle": 49.73000771406531, "winrate_mid": 50.61224489795918, "winrate_adc": 52.70109188003623, "winrate_support": 20.0, "roles": [3, 1, 4, 5, 2], "matchups_top": [[516, 2, 2], [107, 2, 2], [68, 2, 2], [266, 5, 6], [157, 4, 5], [24, 4, 5], [10, 10, 14], [150, 4, 6], [17, 2, 3], [98, 5, 8], [86, 5, 9], [39, 7, 13], [80, 3, 6], [31, 1, 2], [54, 2, 4], [14, 2, 4], [74, 1, 2], [82, 5, 10], [126, 3, 6], [13, 2, 4]], "matchups_jungle": [[24, 187, 318], [106, 88, 153], [421, 131, 229], [427, 46, 83], [104, 160, 291], [77, 84, 154], [254, 211, 390], [203, 97, 180], [33, 116, 219], [54, 169, 322], [60, 279, 532], [121, 596, 1138], [36, 110, 211], [56, 206, 396], [11, 337, 655], [107, 187, 364], [245, 453, 885], [120, 290, 567], [9, 57, 112], [59, 349, 686]], "matchups_mid": [[101, 5, 5], [56, 2, 2], [133, 3, 3], [236, 2, 2], [131, 4, 5], [90, 3, 4], [1, 3, 4], [39, 3, 4], [115, 2, 3], [245, 4, 6], [517, 2, 3], [238, 7, 11], [8, 8, 13], [61, 3, 5], [55, 6, 10], [91, 4, 7], [99, 4, 7], [134, 5, 9], [4, 1, 2], [80, 1, 2]], "matchups_adc": [[96, 108, 215], [222, 833, 1673], [202, 633, 1274], [110, 146, 294], [51, 980, 1981], [119, 303, 613], [22, 1050, 2127], [21, 326, 668], [18, 403, 840], [15, 140, 300], [498, 878, 1882], [145, 1588, 3431], [67, 648, 1403], [236, 694, 1511], [81, 846, 1958], [157, 71, 171]], "matchups_support": [[16, 1, 1], [25, 1, 1], [26, 1, 1], [35, 1, 1], [37, 1, 1], [40, 1, 1], [50, 1, 1], [53, 4, 4], [89, 3, 3], [99, 3, 3], [143, 1, 1], [267, 2, 2], [432, 2, 2], [497, 1, 1], [101, 1, 2], [78, 0, 1], [111, 0, 2], [412, 0, 1], [555, 0, 1]]}