{"primary_winrate_percent": 0.5273838882038635, "matchups_top": 0.5051546391752577, "matchups_jungle": 0.4981924360400445, "matchups_mid": 0.5217391304347826, "matchups_adc": 0.5273838882038635, "matchups_support": 0.21428571428571427, "roles": [3, 1, 4, 5, 2]}