{"primary_winrate_percent": 51.05134758364313, "matchups_top": 43.333333333333336, "matchups_jungle": 51.05134758364313, "matchups_mid": 39.682539682539684, "matchups_adc": 9.090909090909092, "matchups_support": 12.5, "roles": [1, 4, 5, 2, 3]}