{"primary_winrate_percent": 50.94960612927593, "winrate_top": 43.34442595673877, "winrate_jungle": 50.94960612927593, "winrate_mid": 38.80597014925373, "winrate_adc": 8.333333333333332, "winrate_support": 18.51851851851852, "roles": [1, 4, 5, 2, 3], "matchups_top": [[36, 7, 8], [83, 9, 11], [78, 6, 8], [75, 26, 35], [84, 24, 33], [27, 8, 12], [266, 18, 27], [85, 10, 15], [8, 22, 33], [80, 17, 26], [164, 17, 26], [126, 13, 20], [14, 11, 17], [107, 9, 14], [98, 16, 25], [516, 10, 16], [24, 32, 52], [2, 6, 10], [68, 6, 10], [114, 25, 42]], "matchups_jungle": [[36, 148, 260], [245, 605, 1105], [20, 140, 256], [60, 350, 648], [2, 173, 321], [35, 327, 611], [19, 232, 435], [427, 52, 98], [9, 54, 102], [106, 99, 189], [76, 149, 286], [163, 49, 95], [59, 424, 823], [254, 276, 540], [121, 672, 1321], [33, 120, 244], [141, 597, 1219], [11, 435, 892], [32, 151, 310], [56, 243, 499]], "matchups_mid": [[1, 1, 1], [4, 1, 1], [7, 2, 2], [8, 1, 1], [10, 1, 1], [38, 2, 2], [42, 1, 1], [45, 1, 1], [84, 1, 1], [90, 1, 1], [101, 1, 1], [131, 1, 1], [245, 2, 2], [518, 1, 1], [39, 2, 3], [105, 2, 3], [157, 8, 14], [238, 4, 7], [3, 1, 2], [31, 1, 2]], "matchups_adc": [[51, 1, 1], [67, 1, 1], [81, 1, 1], [119, 1, 1], [145, 1, 1], [202, 3, 3], [498, 3, 3], [110, 0, 1]], "matchups_support": [[1, 1, 1], [16, 1, 1], [19, 1, 1], [25, 2, 2], [37, 1, 1], [50, 1, 1], [63, 1, 1], [78, 1, 1], [99, 1, 1], [111, 2, 2], [223, 1, 1], [350, 1, 1], [412, 2, 2], [432, 1, 1], [497, 2, 2], [555, 2, 2], [117, 1, 2], [9, 0, 1], [12, 0, 1], [54, 0, 1]]}