{"primary_winrate_percent": 0.5105134758364313, "matchups_top": 0.43333333333333335, "matchups_jungle": 0.5105134758364313, "matchups_mid": 0.3968253968253968, "matchups_adc": 0.09090909090909091, "matchups_support": 0.125, "roles": [1, 4, 5, 2, 3]}