{"primary_winrate_percent": 50.984123531970425, "lane_winrates": {"1": 50.984123531970425, "2": 19.230769230769234, "3": 0.0, "4": 42.978003384094755, "5": 38.23529411764706}, "roles": [1, 4, 5, 2, 3], "matchups": {"1": [[39, 0, 1, -144, -360, 0, 23, 0, -27, 1, 0, 0, 12, 0, -1390], [83, 0, 1, -1059, -609, 0, 4, 0, -28, 0, 0, 0, 17, 0, -3251], [143, 0, 1, -889, -732, 0, 7, 0, -40, -1, 0, 0, 14, 0, -11857], [1, 0, 3, -3623, -3211, 0, 4, 0, -97, -1, 0, 0, 56, 0, -18147], [84, 0, 2, -1807, -847, 0, -10, 0, -14, 0, 0, 0, 27, 0, -3297], [3, 0, 1, -1217, -1698, 0, -2, 0, -16, -1, 0, 0, 21, 0, -5310], [201, 0, 1, 0, 0, 0, 0, 0, 0, -2, 0, 0, 0, 0, 0], [432, 0, 1, 1156, 1388, 0, 17, 0, -7, 0, 0, 0, 2, 0, -661], [74, 0, 1, -1247, -2286, 0, 8, 0, -21, -1, 0, 0, 21, 0, -10529], [14, 0, 6, -5695, -11160, 0, 39, 0, -167, -6, 0, 0, 137, 0, -29502], [27, 0, 3, 46, -2473, 0, 43, 0, -88, -1, 0, 0, 41, 0, -21347], [40, 0, 1, -6583, -5377, 0, -26, 0, -90, -1, 0, 0, 29, 0, -14203], [134, 0, 1, -1796, -1299, 0, -3, 0, -40, 0, 0, 0, 20, 0, -5675], [12, 0, 1, -2537, -4009, 0, 17, 0, -85, 0, 0, 0, 30, 0, -10335], [75, 1, 11, -10069, -6856, 0, 23, 0, -234, 4, 0, 0, 162, 0, -43267], [86, 6, 26, -11180, -18874, 0, 24, 0, -215, -4, 0, 0, 413, 0, -81478], [18, 1, 4, -5173, -3052, 0, -9, 0, -124, -4, 0, 0, 51, 0, -11431], [157, 1, 4, 2255, -1201, 0, 7, 0, 37, 0, 0, 0, 47, 0, -11332], [516, 1, 4, -762, -2448, 0, 19, 0, -19, 0, 0, 0, 60, 0, -3628], [17, 2, 7, -5361, -7302, 0, 6, 0, -113, -3, 0, 0, 118, 0, -29717], [517, 20, 67, -23528, -33038, 0, 48, 0, -801, -13, 0, 0, 985, 0, -91864], [145, 6, 19, -8418, -15174, 0, 56, 0, -214, -12, 0, 0, 265, 0, -64748], [236, 1, 3, 1083, -24, 0, 10, 0, 5, 3, 0, 0, 33, 0, -7615], [63, 2, 6, -738, -3334, 0, 6, 0, -55, -2, 0, 0, 86, 0, -441], [78, 12, 36, -10725, -5416, 0, 34, 0, -286, 7, 0, 0, 411, 0, -43920], [238, 1, 3, 888, -476, 0, 17, 0, -32, -1, 0, 0, 33, 0, -4065], [98, 3, 9, -7677, -10426, 0, -74, 0, -109, 4, 0, 0, 187, 0, -12429], [44, 1, 3, -4757, -5290, 0, -20, 0, -81, 1, 0, 0, 72, 0, -14360], [43, 1, 3, -4310, -4483, 0, -29, 0, -54, -1, 0, 0, 64, 0, -2603], [10, 1, 3, -1741, -3384, 0, 1, 0, -20, -2, 0, 0, 54, 0, -458], [555, 1, 3, -2924, -1330, 0, -8, 0, -103, 2, 0, 0, 44, 0, -3744], [131, 16, 43, -7296, -12686, 0, 126, 0, -252, -31, 0, 0, 553, 0, -5708], [164, 14, 37, -26933, -23215, 0, 9, 0, -727, -10, 0, 0, 564, 0, -27134], [57, 12, 31, -14039, -14295, 0, 116, 0, -566, -1, 0, 0, 405, 0, -44338], [246, 44, 112, -50832, -29356, 0, 54, 0, -1498, 5, 0, 0, 1295, 0, -88111], [81, 4, 10, -6570, -7677, 0, 52, 0, -134, -5, 0, 0, 154, 0, -31103], [240, 2, 5, -6442, -5504, 0, -4, 0, -141, -3, 0, 0, 105, 0, -10181], [92, 9, 22, -6316, -9241, 0, 161, 0, -261, -7, 0, 0, 276, 0, -17594], [5, 100, 243, -81064, -59418, 0, 237, 0, -2573, -34, 0, 0, 2873, 0, -207740], [203, 81, 192, -35243, -24849, 0, 292, 0, -1184, -21, 0, 0, 2031, 0, -73694], [102, 80, 188, 4553, -54025, 0, 365, 0, -18, -20, 0, 0, 2221, 0, -276121], [266, 6, 14, 1191, -1144, 0, 74, 0, -135, 9, 0, 0, 129, 0, -16829], [30, 85, 197, 51865, 19956, 0, 1036, 0, 63, -45, 0, 0, 1765, 0, -165231], [82, 7, 16, 868, -3642, 0, -34, 0, 13, 6, 0, 0, 176, 0, -6432], [29, 67, 151, -72302, -45416, 0, 387, 0, -3121, -47, 0, 0, 1842, 0, -103436], [107, 190, 426, -20170, -32627, 0, 811, 0, -1553, -18, 0, 0, 4341, 0, -185997], [421, 125, 277, -18930, 26289, 0, 32, 0, -2443, 37, 0, 0, 2671, 0, 53523], [62, 37, 81, -36830, -45912, 0, 125, 0, -1168, -46, 0, 0, 1223, 0, -54599], [64, 1045, 2284, -389117, -71343, 0, 823, 0, -19915, 183, 0, 0, 23405, 0, -46644], [113, 67, 146, -76493, -89836, 0, 7, 0, -1983, -58, 0, 0, 2131, 0, -162812], [79, 186, 404, -165083, -202807, 0, -253, 0, -4414, -75, 0, 0, 5752, 0, -235342], [80, 100, 213, -52857, -10054, 0, -11, 0, -2426, -15, 0, 0, 2281, 0, 77329], [54, 145, 307, -118700, -151344, 0, 117, 0, -3434, -50, 0, 0, 4322, 0, -339049], [104, 163, 341, 25511, 19537, 0, 1890, 0, -994, -37, 0, 0, 3243, 0, -56934], [163, 51, 106, -19592, -21991, 0, 200, 0, -1240, -11, 0, 0, 1172, 0, -14541], [120, 288, 596, 2335, 38256, 0, 902, 0, -2942, -34, 0, 0, 5710, 0, 16766], [154, 231, 478, -153571, -254572, 0, 502, 0, -7413, -60, 0, 0, 6941, 0, -253716], [11, 427, 878, -82788, -43348, 0, 1590, 0, -2480, -275, 0, 0, 9289, 0, -612007], [32, 147, 302, -50972, -115520, 0, 444, 0, -1795, -66, 0, 0, 3860, 0, -400873], [24, 211, 433, -46208, -41529, 0, 527, 0, -2606, 13, 0, 0, 4607, 0, -343988], [141, 588, 1203, -249349, -312565, 0, 1234, 0, -7622, -318, 0, 0, 14559, 0, -1068709], [33, 118, 241, -126103, -145071, 0, -34, 0, -3529, -85, 0, 0, 3600, 0, -166011], [28, 214, 436, -37366, -62119, 0, -1106, 0, -2654, 4, 0, 0, 4818, 0, -129110], [56, 247, 502, 96973, 95372, 0, 1269, 0, -750, 100, 0, 0, 4266, 0, 97515], [25, 1, 2, 265, -324, 0, -9, 0, -32, -1, 0, 0, 24, 0, -3936], [13, 1, 2, 3200, 3957, 0, 40, 0, 7, 0, 0, 0, -6, 0, 2868], [67, 1, 2, -877, -1073, 0, -12, 0, -31, 0, 0, 0, 22, 0, -5082], [76, 148, 296, 31703, 20473, 0, 225, 0, -884, 13, 0, 0, 2791, 0, 17258], [91, 2, 4, 2577, 807, 0, 0, 0, -20, 2, 0, 0, 39, 0, 6619], [133, 5, 10, -3234, -819, 0, -18, 0, -82, 2, 0, 0, 111, 0, 5191], [89, 3, 6, -2368, -2352, 0, -24, 0, -111, -4, 0, 0, 86, 0, 3847], [58, 1, 2, 1735, 532, 0, 11, 0, 13, 0, 0, 0, 12, 0, 3406], [23, 6, 12, 4245, 5040, 0, 92, 0, -112, 3, 0, 0, 71, 0, 11548], [121, 677, 1337, -161366, -89458, 0, -817, 0, -8456, 354, 0, 0, 13772, 0, -560557], [254, 287, 558, -57687, -132979, 0, 93, 0, -2523, -139, 0, 0, 6712, 0, -200197], [48, 36, 69, -14427, 7755, 0, 63, 0, -473, 25, 0, 0, 613, 0, -54512], [106, 96, 184, -50840, 3856, 0, 368, 0, -2135, 17, 0, 0, 1765, 0, -9873], [59, 423, 809, -181909, -111153, 0, 638, 0, -8161, -127, 0, 0, 9093, 0, 138563], [35, 318, 605, -144063, -53816, 0, 359, 0, -7683, 104, 0, 0, 6354, 0, 103471], [427, 53, 100, -21260, -58450, 0, -324, 0, -540, -44, 0, 0, 1498, 0, -44909], [19, 231, 429, -51682, -8760, 0, 169, 0, -2949, 24, 0, 0, 4315, 0, -103021], [2, 174, 321, 53756, 79813, 0, 1109, 0, -461, 26, 0, 0, 2663, 0, 189296], [60, 341, 628, -181947, -133987, 0, -433, 0, -7871, 22, 0, 0, 7532, 0, 370394], [9, 55, 101, -7620, -24900, 0, 290, 0, -1097, -11, 0, 0, 1196, 0, -54673], [20, 142, 259, -73697, -109205, 0, 301, 0, -2855, -71, 0, 0, 3507, 0, -2081], [245, 596, 1085, -121372, -68219, 0, 2544, 0, -9974, 63, 0, 0, 11458, 0, 299771], [31, 16, 29, 3816, -2892, 0, 103, 0, -45, 9, 0, 0, 324, 0, 13019], [111, 9, 16, -11437, -17302, 0, 0, 0, -236, -14, 0, 0, 308, 0, -17247], [36, 147, 256, 73369, 40742, 0, 590, 0, 1142, 13, 0, 0, 2116, 0, -124351], [72, 45, 77, 8439, -21434, 0, 45, 0, 38, -23, 0, 0, 991, 0, -6965], [105, 7, 11, -3430, 443, 0, -33, 0, -76, 7, 0, 0, 114, 0, 17830], [96, 2, 3, 713, -14, 0, 9, 0, -3, 0, 0, 0, 33, 0, -7302], [6, 8, 11, 227, 3569, 0, 27, 0, -101, 7, 0, 0, 70, 0, 15303], [68, 3, 4, 1840, 1283, 0, 7, 0, 52, -1, 0, 0, 35, 0, 8260], [518, 3, 4, -2858, -5628, 0, -4, 0, -98, -5, 0, 0, 78, 0, 3516], [34, 1, 1, 25, -1030, 0, -2, 0, -48, -2, 0, 0, 15, 0, 6892], [122, 1, 1, 2054, 3065, 0, 17, 0, 31, 2, 0, 0, -17, 0, 2144], [7, 1, 1, -1507, -1842, 0, -4, 0, -23, -1, 0, 0, 26, 0, 2869], [126, 1, 1, 180, -1037, 0, 10, 0, 1, 0, 0, 0, 19, 0, -3480], [22, 1, 1, -507, -29, 0, -6, 0, -11, 1, 0, 0, 11, 0, 3272], [223, 1, 1, -1728, -2308, 0, -2, 0, -32, -1, 0, 0, 35, 0, -2468], [38, 1, 1, 42, 199, 0, 1, 0, -2, 2, 0, 0, 5, 0, 6081], [4, 3, 3, 1096, 368, 0, -12, 0, 5, 1, 0, 0, 27, 0, 13765]],