{"primary_winrate_percent": 51.86947175529478, "winrate_top": 51.86947175529478, "winrate_jungle": 49.494949494949495, "winrate_mid": 49.92743105950653, "winrate_adc": 49.42528735632184, "winrate_support": 20.454545454545457, "roles": [4, 5, 1, 3, 2], "matchups_top": [[14, 162, 292], [67, 191, 352], [74, 105, 200], [10, 782, 1503], [23, 323, 622], [420, 243, 470], [36, 109, 211], [54, 277, 539], [24, 492, 960], [516, 215, 421], [82, 598, 1173], [57, 116, 230], [157, 265, 532], [17, 289, 585], [98, 299, 606], [85, 214, 434], [8, 405, 825], [126, 184, 375], [2, 73, 149], [13, 309, 637]], "matchups_jungle": [[54, 8, 10], [163, 4, 5], [19, 14, 18], [29, 3, 4], [36, 6, 8], [59, 23, 32], [107, 7, 10], [60, 18, 27], [254, 18, 27], [33, 3, 5], [32, 3, 5], [20, 3, 5], [48, 3, 5], [121, 27, 46], [11, 12, 21], [203, 6, 11], [79, 9, 17], [154, 9, 17], [106, 3, 6], [35, 13, 26]], "matchups_mid": [[266, 3, 4], [69, 3, 4], [518, 3, 4], [142, 8, 11], [4, 13, 18], [99, 5, 7], [131, 6, 9], [1, 4, 6], [10, 7, 11], [50, 3, 5], [80, 13, 22], [45, 7, 12], [238, 32, 55], [91, 18, 31], [246, 11, 19], [112, 5, 9], [18, 5, 9], [3, 5, 9], [81, 5, 9], [61, 7, 13]], "matchups_adc": [[15, 1, 1], [110, 1, 1], [18, 2, 3], [202, 4, 6], [222, 4, 6], [236, 3, 5], [498, 6, 10], [45, 1, 2], [51, 3, 6], [67, 2, 4], [81, 4, 8], [96, 1, 2], [119, 1, 2], [145, 7, 16], [22, 3, 8], [21, 1, 5], [29, 0, 1], [86, 0, 1]], "matchups_support": [[9, 1, 1], [16, 1, 1], [22, 1, 1], [45, 1, 1], [50, 2, 2], [63, 1, 1], [99, 1, 1], [161, 1, 1], [350, 3, 3], [555, 3, 3], [497, 4, 5], [111, 3, 4], [89, 5, 7], [25, 2, 3], [53, 2, 3], [267, 2, 3], [412, 2, 4]]}