{"primary_winrate_percent": 0.5183778857837181, "matchups_top": 0.5183778857837181, "matchups_jungle": 0.49074074074074076, "matchups_mid": 0.49921996879875197, "matchups_adc": 0.5058823529411764, "matchups_support": 0.23076923076923078, "roles": [4, 5, 1, 3, 2]}