{"primary_winrate_percent": 51.837788578371814, "matchups_top": 51.837788578371814, "matchups_jungle": 49.074074074074076, "matchups_mid": 49.921996879875195, "matchups_adc": 50.588235294117645, "matchups_support": 23.076923076923077, "roles": [4, 5, 1, 3, 2]}