{"primary_winrate_percent": 48.36821425707642, "matchups_top": 48.69109947643979, "matchups_jungle": 46.15384615384615, "matchups_mid": 46.36524822695036, "matchups_adc": 48.36821425707642, "matchups_support": 35.869565217391305, "roles": [3, 5, 4, 2, 1]}