{"primary_winrate_percent": 0.4836821425707642, "matchups_top": 0.4869109947643979, "matchups_jungle": 0.46153846153846156, "matchups_mid": 0.46365248226950356, "matchups_adc": 0.4836821425707642, "matchups_support": 0.358695652173913, "roles": [3, 5, 4, 2, 1]}