{"primary_winrate_percent": 48.51679970298868, "lane_winrates": {"1": 35.294117647058826, "2": 36.36363636363637, "3": 48.51679970298868, "4": 46.91943127962085, "5": 46.95723684210527}, "roles": [3, 5, 4, 2, 1], "matchups": {"1": [[106, 0, 1, -1573, -1731, 0, -16, 0, -16, -2, 0, 0, 23, 0, -6968], [59, 0, 1, -576, -834, 0, 16, 0, -11, -3, 0, 0, 17, 0, -2722], [56, 0, 1, 1478, 484, 0, 8, 0, 21, 0, 0, 0, 6, 0, 677], [28, 0, 1, -414, -986, 0, -21, 0, 8, 0, 0, 0, 20, 0, -4333], [64, 4, 6, 7746, 5776, 0, -3, 0, 100, 8, 0, 0, 24, 0, -5778], [245, 1, 1, 2142, 3016, 0, 14, 0, -5, 4, 0, 0, -14, 0, 2864], [203, 1, 1, -152, 85, 0, -10, 0, 19, -1, 0, 0, 5, 0, 1845], [164, 1, 1, 1314, 1412, 0, -18, 0, 70, 1, 0, 0, 0, 0, 3544], [131, 1, 1, 1036, 1649, 0, 21, 0, -12, 0, 0, 0, -4, 0, -1901], [121, 1, 1, 1743, 1639, 0, -8, 0, 16, 4, 0, 0, 1, 0, 7332], [60, 2, 2, 1036, 39, 0, -2, 0, 17, 1, 0, 0, 15, 0, 2121]], "2": [[516, 0, 1, 443, 1537, 0, 25, 0, 4, 0, 0, 0, -3, 0, 3596], [432, 0, 1, 860, 176, 0, -22, 0, 0, 3, 0, 0, 6, 0, -341], [161, 0, 1, 297, -463, 0, 6, 0, 0, 0, 0, 0, 12, 0, -6079], [50, 0, 1, 455, -758, 0, 2, 0, 0, -1, 0, 0, 14, 0, -2389], [12, 0, 2, 97, -928, 0, 28, 0, 0, 2, 0, 0, 27, 0, -7203], [497, 1, 3, 2964, -109, 0, -52, 0, 4, -2, 0, 0, 40, 0, 15765], [63, 1, 3, -1485, -2980, 0, 7, 0, 0, 1, 0, 0, 51, 0, -12782], [16, 1, 3, -1533, -5385, 0, -49, 0, 0, -4, 0, 0, 71, 0, -12517], [201, 1, 2, -429, -1908, 0, 20, 0, 0, -1, 0, 0, 36, 0, -463], [143, 1, 2, -508, -2045, 0, -15, 0, 8, 1, 0, 0, 23, 0, -4930], [89, 4, 8, 6899, 4470, 0, 91, 0, -4, 6, 0, 0, 45, 0, 16642], [45, 1, 2, -3515, -1765, 0, -113, 0, -8, -1, 0, 0, 32, 0, 993], [26, 1, 2, 782, -522, 0, 0, 0, 4, 0, 0, 0, 20, 0, 4462], [412, 8, 15, -1906, -361, 0, -193, 0, -8, 4, 0, 0, 142, 0, 18239], [267, 4, 7, -3019, 888, 0, -72, 0, 0, 7, 0, 0, 57, 0, 15604], [53, 4, 6, 1600, 695, 0, 13, 0, -4, 0, 0, 0, 54, 0, 12994], [35, 2, 3, 628, 474, 0, 15, 0, 4, 3, 0, 0, 21, 0, -3852], [117, 3, 4, -2091, -2486, 0, -19, 0, 0, -1, 0, 0, 56, 0, -8467], [40, 3, 4, -2073, -3051, 0, -17, 0, 4, -3, 0, 0, 65, 0, 2910], [25, 5, 6, 4335, 5634, 0, -18, 0, 0, 6, 0, 0, 23, 0, 28678], [555, 2, 2, 519, 643, 0, -13, 0, 0, 2, 0, 0, 9, 0, 8352], [111, 5, 5, 2381, 1784, 0, 23, 0, 0, 4, 0, 0, 38, 0, 20261], [101, 1, 1, 1051, 981, 0, 8, 0, 0, 0, 0, 0, 1, 0, 588], [99, 7, 7, -805, -486, 0, -74, 0, 0, 1, 0, 0, 86, 0, 307], [79, 1, 1, 464, -289, 0, 0, 0, 0, 2, 0, 0, 11, 0, 3115], [44, 2, 2, 916, 1673, 0, 26, 0, 0, 0, 0, 0, 13, 0, 15121], [43, 2, 2, -1123, -875, 0, -6, 0, 0, 0, 0, 0, 25, 0, 7700], [22, 1, 1, 1104, 629, 0, 7, 0, 0, -2, 0, 0, 3, 0, 3949], [9, 1, 1, 335, -220, 0, -4, 0, 0, 0, 0, 0, 12, 0, -949], [1, 1, 1, 381, -316, 0, -13, 0, 0, -1, 0, 0, 6, 0, 3373]], "3": [[105, 0, 1, 446, -2, 0, -17, 0, 4, 2, 0, 0, 8, 0, -2784], [164, 0, 2, 1036, 2259, 0, 11, 0, -4, 2, 0, 0, 1, 0, 301], [427, 0, 1, -75, -748, 0, -39, 0, 0, -2, 0, 0, 23, 0, -4525], [36, 0, 1, -1415, -2599, 0, -14, 0, 0, -4, 0, 0, 30, 0, -4705], [7, 0, 1, 284, 1026, 0, 32, 0, 4, 1, 0, 0, 7, 0, -644], [497, 0, 1, -2049, -1599, 0, -39, 0, 0, -1, 0, 0, 17, 0, -1255], [37, 0, 1, 108, -1102, 0, -51, 0, 0, 0, 0, 0, 16, 0, -8791], [6, 0, 1, -1439, -3596, 0, -22, 0, 4, -2, 0, 0, 40, 0, -2765], [2, 0, 1, -1244, -2243, 0, -31, 0, 0, 1, 0, 0, 24, 0, -5778], [120, 0, 1, 607, -1009, 0, -45, 0, 17, 0, 0, 0, 12, 0, 2271], [60, 0, 1, 629, -895, 0, -15, 0, 4, -2, 0, 0, 19, 0, -4837], [9, 0, 1, -1355, -3280, 0, -56, 0, 0, -3, 0, 0, 26, 0, -10800], [555, 0, 4, 2384, 3024, 0, -32, 0, 0, 1, 0, 0, 18, 0, -1318], [54, 0, 1, -688, -1990, 0, -63, 0, -8, 0, 0, 0, 25, 0, -7077], [27, 0, 3, -2652, -4261, 0, -97, 0, 0, -5, 0, 0, 71, 0, -12167], [40, 0, 1, -2104, -3030, 0, -97, 0, 0, -1, 0, 0, 25, 0, -9524], [4, 1, 7, -3583, -4067, 0, -98, 0, 3, -10, 0, 0, 100, 0, -14720], [103, 1, 6, 557, -1673, 0, -149, 0, -4, 2, 0, 0, 79, 0, -6428], [63, 1, 5, -990, -2360, 0, -63, 0, -7, 1, 0, 0, 69, 0, -11939], [133, 2, 7, -2147, -2814, 0, -36, 0, -4, -2, 0, 0, 69, 0, -24464], [238, 1, 3, 793, -201, 0, -23, 0, 0, 1, 0, 0, 29, 0, -5098], [122, 1, 3, -253, -1288, 0, 16, 0, -4, -4, 0, 0, 50, 0, 926], [143, 1, 3, 363, -1295, 0, -34, 0, 0, -2, 0, 0, 39, 0, -9883], [163, 1, 3, 776, -1134, 0, -72, 0, 2, 2, 0, 0, 48, 0, 3929], [127, 1, 3, 1910, 1975, 0, 21, 0, 0, 0, 0, 0, 17, 0, -7321], [142, 2, 6, -4575, -9710, 0, -173, 0, -16, -1, 0, 0, 110, 0, -26137], [50, 9, 24, 1922, -14576, 0, -239, 0, -34, -6, 0, 0, 365, 0, -23094], [1, 3, 8, -1261, -5232, 0, -150, 0, 0, -3, 0, 0, 120, 0, -7118], [99, 4, 10, 1902, -5975, 0, -138, 0, -16, -4, 0, 0, 151, 0, -23182], [43, 2, 5, -259, -5749, 0, -169, 0, -12, 1, 0, 0, 82, 0, -16046], [42, 5, 12, 1129, -1805, 0, -48, 0, 4, -5, 0, 0, 134, 0, -17599], [39, 3, 7, 8971, 8364, 0, 203, 0, 8, 9, 0, 0, 18, 0, 20505], [15, 173, 380, -32556, -103565, 0, -852, 0, -67, -74, 0, 0, 4472, 0, -258424], [13, 6, 13, 475, -9122, 0, -54, 0, 16, -14, 0, 0, 186, 0, -6247], [145, 2159, 4470, -481568, -602855, 0, -9961, 0, 266, 115, 0, 0, 48952, 0, -1847618], [81, 1181, 2420, -463206, -707569, 0, -17301, 0, -541, -1013, 0, 0, 29658, 0, -1782398], [29, 139, 284, -28573, -62637, 0, -2701, 0, -9, 97, 0, 0, 3242, 0, -231638], [45, 49, 100, 12738, -45835, 0, -688, 0, -40, -5, 0, 0, 1431, 0, -83855], [134, 31, 63, 10531, 1506, 0, 217, 0, -19, 9, 0, 0, 615, 0, 42081], [517, 1, 2, 1531, 1028, 0, -12, 0, 0, -1, 0, 0, 4, 0, -2394], [136, 1, 2, 882, 1532, 0, 15, 0, 0, 1, 0, 0, 2, 0, 3116], [85, 1, 2, -1235, -5278, 0, -48, 0, 0, -9, 0, 0, 63, 0, -9245], [104, 5, 10, 3313, 6297, 0, 131, 0, 0, -1, 0, 0, 33, 0, 13020], [82, 2, 4, 814, -2851, 0, -42, 0, -4, -3, 0, 0, 57, 0, -1428], [10, 5, 10, -4341, -4769, 0, -154, 0, -4, -8, 0, 0, 157, 0, -6149], [115, 6, 12, -8217, -7205, 0, -132, 0, 4, -7, 0, 0, 193, 0, -10092], [101, 4, 8, 3543, -1582, 0, -23, 0, -8, 1, 0, 0, 76, 0, 6579], [58, 1, 2, 850, -654, 0, -38, 0, 0, 0, 0, 0, 27, 0, 8506], [236, 1070, 2127, 199149, 372656, 0, 5544, 0, -71, 457, 0, 0, 18773, 0, 699425], [429, 63, 125, 25305, 67122, 0, 688, 0, 132, 59, 0, 0, 668, 0, 92220], [498, 1242, 2451, -16870, -75299, 0, -4304, 0, 174, -20, 0, 0, 24886, 0, -416513], [21, 410, 793, -7430, 20554, 0, 155, 0, -67, -60, 0, 0, 7546, 0, -65272], [67, 814, 1570, -218039, -578193, 0, -12578, 0, 123, -164, 0, 0, 20230, 0, -1041707], [119, 514, 984, -11559, 492733, 0, 4405, 0, 319, -28, 0, 0, 6338, 0, 578245], [51, 1548, 2943, -140776, -22900, 0, 5432, 0, -338, -581, 0, 0, 29430, 0, 246873], [202, 880, 1655, -12947, 23167, 0, 2351, 0, -58, 36, 0, 0, 16556, 0, 148464], [96, 127, 237, -7249, -31368, 0, -930, 0, 79, 7, 0, 0, 2601, 0, -24177], [222, 1022, 1906, -322365, -498661, 0, -9216, 0, 5, -502, 0, 0, 22705, 0, -710652], [86, 13, 24, -5104, -13653, 0, -336, 0, -2, -7, 0, 0, 329, 0, -15587], [18, 490, 904, 51168, 248327, 0, -3821, 0, -10, 500, 0, 0, 6914, 0, 448399], [22, 1612, 2892, -58364, -305124, 0, -6643, 0, -231, -429, 0, 0, 31650, 0, 116480], [157, 104, 181, 51273, 52631, 0, 703, 0, 40, 66, 0, 0, 1261, 0, 67879], [350, 11, 19, -4962, -17988, 0, -1248, 0, -12, -3, 0, 0, 312, 0, 3567], [25, 3, 5, -2356, -5470, 0, -92, 0, 9, -7, 0, 0, 94, 0, -11847], [8, 6, 10, 5163, -2042, 0, -64, 0, 0, 3, 0, 0, 124, 0, -21666], [74, 47, 78, 29878, 28196, 0, 198, 0, 1, 25, 0, 0, 580, 0, 55935], [69, 7, 11, 3763, 2760, 0, 107, 0, -6, 11, 0, 0, 75, 0, 18045], [62, 2, 3, -221, -2553, 0, -55, 0, 0, 2, 0, 0, 49, 0, -7932], [17, 4, 6, 652, -1877, 0, -35, 0, -4, 2, 0, 0, 86, 0, -520], [126, 2, 3, -2397, -6482, 0, -56, 0, -4, -4, 0, 0, 60, 0, -8588], [84, 2, 3, 842, -135, 0, 3, 0, 0, -3, 0, 0, 32, 0, -308], [245, 2, 3, 1588, -397, 0, 20, 0, 0, 6, 0, 0, 28, 0, 16442], [203, 4, 6, 1623, 382, 0, -13, 0, 2, 4, 0, 0, 50, 0, -733], [90, 4, 6, 2326, -1445, 0, -68, 0, 12, -4, 0, 0, 79, 0, -1639], [112, 4, 6, 2632, 285, 0, 63, 0, 0, 4, 0, 0, 51, 0, -5927], [92, 2, 3, 256, 1093, 0, -27, 0, -4, 3, 0, 0, 17, 0, 4991], [161, 9, 12, 3700, 555, 0, 31, 0, -3, -4, 0, 0, 123, 0, 8493], [61, 3, 4, 2984, -1085, 0, 10, 0, -4, -2, 0, 0, 54, 0, 7334], [80, 3, 4, 25, 4059, 0, -2, 0, 0,