{"primary_winrate_percent": 48.44357976653696, "winrate_top": 47.0873786407767, "winrate_jungle": 42.857142857142854, "winrate_mid": 46.109271523178805, "winrate_adc": 48.44357976653696, "winrate_support": 34.34343434343434, "roles": [3, 5, 4, 2, 1], "matchups_top": [[31, 3, 3], [57, 2, 2], [150, 2, 2], [83, 5, 5], [126, 5, 6], [13, 8, 10], [240, 3, 4], [68, 3, 4], [39, 3, 4], [92, 5, 7], [17, 5, 7], [266, 2, 3], [84, 2, 3], [67, 2, 3], [98, 2, 3], [236, 2, 3], [54, 3, 5], [86, 3, 5], [133, 3, 5], [164, 3, 5]], "matchups_jungle": [[60, 1, 1], [121, 1, 1], [164, 1, 1], [203, 1, 1], [245, 1, 1], [64, 3, 5], [28, 0, 1], [56, 0, 1], [59, 0, 1], [106, 0, 1]], "matchups_mid": [[74, 9, 10], [115, 7, 8], [81, 12, 14], [131, 18, 23], [142, 14, 19], [42, 8, 11], [55, 23, 32], [4, 28, 42], [10, 6, 9], [90, 18, 28], [157, 35, 55], [161, 14, 22], [99, 17, 27], [246, 13, 21], [61, 21, 34], [26, 6, 10], [101, 17, 29], [39, 15, 26], [112, 10, 18], [18, 10, 18]], "matchups_adc": [[157, 102, 182], [22, 1619, 2904], [18, 508, 931], [96, 125, 233], [222, 1029, 1928], [202, 866, 1644], [51, 1575, 2990], [119, 510, 981], [67, 834, 1607], [21, 422, 822], [236, 1098, 2141], [498, 1254, 2477], [81, 1199, 2442], [29, 141, 289], [145, 2217, 4548], [15, 174, 380]], "matchups_support": [[1, 1, 1], [22, 1, 1], [40, 3, 3], [43, 2, 2], [44, 2, 2], [79, 1, 1], [99, 7, 7], [101, 1, 1], [111, 6, 6], [201, 1, 1], [555, 2, 2], [25, 4, 5], [117, 3, 4], [143, 3, 4], [35, 2, 3], [53, 4, 6], [89, 4, 7], [267, 4, 7], [26, 1, 2], [45, 1, 2]]}