{"primary_winrate_percent": 50.3336595782543, "matchups_top": 49.796868580818916, "matchups_jungle": 42.181069958847736, "matchups_mid": 46.78044996121024, "matchups_adc": 50.3336595782543, "matchups_support": 38.775510204081634, "roles": [3, 4, 5, 1, 2]}