{"primary_winrate_percent": 0.503336595782543, "matchups_top": 0.49796868580818915, "matchups_jungle": 0.4218106995884774, "matchups_mid": 0.4678044996121024, "matchups_adc": 0.503336595782543, "matchups_support": 0.3877551020408163, "roles": [3, 4, 5, 1, 2]}