{"primary_winrate_percent": 50.344276607310526, "winrate_top": 49.78814448126862, "winrate_jungle": 42.26415094339623, "winrate_mid": 46.979388770433545, "winrate_adc": 50.344276607310526, "winrate_support": 37.735849056603776, "roles": [3, 4, 5, 1, 2], "matchups_top": [[17, 330, 510], [80, 244, 400], [107, 72, 124], [236, 122, 212], [18, 115, 205], [10, 716, 1277], [54, 230, 411], [85, 193, 353], [74, 90, 169], [157, 238, 448], [8, 356, 674], [57, 111, 211], [24, 284, 541], [133, 183, 351], [98, 253, 490], [84, 272, 531], [68, 91, 180], [14, 115, 228], [13, 295, 585], [516, 227, 454]], "matchups_jungle": [[5, 8, 9], [35, 13, 16], [20, 4, 5], [427, 4, 5], [24, 7, 9], [11, 13, 18], [32, 7, 10], [59, 19, 28], [245, 17, 27], [203, 5, 8], [421, 8, 13], [60, 11, 18], [121, 20, 33], [76, 7, 12], [254, 11, 19], [64, 42, 73], [246, 4, 7], [107, 8, 14], [54, 4, 7], [19, 4, 7]], "matchups_mid": [[8, 27, 34], [101, 9, 12], [45, 25, 34], [1, 9, 13], [238, 43, 64], [246, 18, 28], [245, 16, 25], [103, 24, 40], [54, 6, 10], [13, 23, 39], [3, 51, 88], [61, 15, 26], [7, 13, 23], [4, 18, 32], [55, 20, 36], [142, 11, 20], [157, 56, 103], [90, 14, 26], [161, 9, 17], [38, 29, 55]], "matchups_adc": [[22, 5839, 10743], [29, 755, 1408], [21, 1913, 3586], [96, 623, 1181], [222, 4741, 8994], [51, 5922, 11589], [498, 6072, 11962], [119, 1946, 3867], [18, 2489, 4979], [202, 3884, 7803], [157, 528, 1077], [236, 5022, 10297], [110, 767, 1601], [15, 890, 1862], [145, 11465, 24217], [81, 5671, 12464]], "matchups_support": [[16, 1, 1], [26, 2, 2], [43, 1, 1], [54, 2, 2], [63, 1, 1], [99, 3, 3], [127, 1, 1], [161, 1, 1], [267, 2, 2], [432, 2, 2], [518, 2, 2], [555, 3, 4], [89, 2, 3], [40, 3, 5], [111, 3, 5], [53, 1, 2], [117, 1, 2], [412, 2, 8], [25, 0, 2], [37, 0, 2]]}