{"primary_winrate_percent": 50.15555475165503, "matchups_top": 51.0556621880998, "matchups_jungle": 25.0, "matchups_mid": 50.15555475165503, "matchups_adc": 51.17943281208588, "matchups_support": 44.8503785602692, "roles": [5, 2, 3, 4, 1]}