{"primary_winrate_percent": 50.228218552825886, "winrate_top": 50.63604240282685, "winrate_jungle": 25.64102564102564, "winrate_mid": 50.228218552825886, "winrate_adc": 51.020158827122785, "winrate_support": 44.96778493668074, "roles": [5, 2, 3, 4, 1], "matchups_top": [[14, 13, 18], [18, 12, 17], [27, 14, 20], [23, 24, 37], [31, 14, 22], [83, 19, 30], [85, 32, 55], [24, 38, 67], [518, 9, 16], [238, 9, 16], [114, 46, 82], [420, 16, 29], [82, 49, 90], [10, 103, 190], [157, 29, 55], [266, 29, 55], [90, 11, 21], [54, 22, 42], [36, 11, 21], [74, 26, 50]], "matchups_jungle": [[2, 1, 1], [5, 1, 1], [14, 1, 1], [20, 1, 1], [30, 2, 2], [33, 1, 1], [35, 1, 1], [54, 1, 1], [59, 2, 2], [60, 1, 1], [64, 2, 2], [104, 2, 2], [154, 1, 1], [246, 3, 3], [421, 1, 1], [245, 4, 5], [79, 1, 2], [121, 1, 2], [141, 1, 2], [11, 1, 4]], "matchups_mid": [[25, 193, 330], [55, 1131, 2067], [161, 548, 1008], [101, 610, 1125], [115, 322, 598], [131, 647, 1202], [10, 364, 685], [90, 890, 1679], [54, 177, 336], [245, 710, 1359], [80, 247, 474], [38, 995, 1911], [142, 670, 1287], [112, 593, 1145], [238, 1376, 2665], [105, 1129, 2193], [34, 391, 761], [99, 1123, 2193], [103, 1691, 3321], [69, 439, 865]], "matchups_adc": [[15, 84, 143], [74, 34, 59], [21, 123, 220], [29, 50, 90], [222, 255, 474], [110, 50, 94], [22, 323, 609], [67, 255, 494], [96, 44, 86], [18, 127, 250], [202, 198, 397], [157, 36, 74], [236, 285, 588], [81, 405, 837], [498, 406, 849], [134, 28, 60], [119, 149, 321], [51, 379, 832], [145, 670, 1490]], "matchups_support": [[26, 97, 158], [63, 117, 192], [143, 99, 163], [35, 46, 76], [432, 102, 169], [16, 168, 282], [161, 71, 121], [53, 333, 570], [9, 64, 110], [101, 65, 113], [267, 307, 534], [111, 371, 651], [40, 200, 352], [555, 272, 490], [117, 279, 503], [25, 299, 544], [99, 160, 292], [497, 248, 453], [89, 303, 556], [37, 64, 119]]}