{"primary_winrate_percent": 0.5015555475165503, "matchups_top": 0.510556621880998, "matchups_jungle": 0.25, "matchups_mid": 0.5015555475165503, "matchups_adc": 0.5117943281208588, "matchups_support": 0.448503785602692, "roles": [5, 2, 3, 4, 1]}