{"primary_winrate_percent": 0.5015499348578103, "matchups_top": 0.5387205387205387, "matchups_jungle": 0.3333333333333333, "matchups_mid": 0.520995597697257, "matchups_adc": 0.49942594718714123, "matchups_support": 0.5015499348578103, "roles": [2, 5, 4, 3, 1]}