{"primary_winrate_percent": 50.030985333608754, "winrate_top": 53.31262939958592, "winrate_jungle": 33.33333333333333, "winrate_mid": 52.17579137538292, "winrate_adc": 49.52178533475027, "winrate_support": 50.030985333608754, "roles": [2, 5, 4, 3, 1], "matchups_top": [[78, 6, 8], [240, 15, 21], [6, 10, 14], [157, 14, 21], [90, 4, 6], [516, 5, 8], [54, 11, 18], [164, 11, 18], [13, 22, 37], [31, 8, 14], [122, 28, 49], [69, 5, 9], [10, 26, 47], [17, 18, 34], [58, 15, 29], [114, 15, 29], [67, 9, 18], [82, 20, 41], [86, 22, 47], [266, 12, 26]], "matchups_jungle": [[11, 2, 2], [28, 2, 2], [64, 1, 1], [121, 1, 2], [36, 0, 1], [59, 0, 1]], "matchups_mid": [[131, 293, 535], [55, 419, 766], [105, 333, 622], [101, 287, 556], [238, 577, 1121], [157, 744, 1455], [245, 304, 595], [18, 165, 326], [103, 630, 1250], [80, 112, 224], [8, 398, 807], [90, 348, 706], [115, 110, 224], [4, 365, 753], [91, 206, 428], [10, 128, 267], [134, 538, 1125], [99, 431, 905], [3, 116, 244], [69, 197, 417]], "matchups_adc": [[18, 25, 29], [29, 6, 7], [96, 5, 7], [67, 32, 49], [202, 30, 52], [22, 41, 78], [51, 55, 107], [145, 90, 179], [157, 5, 10], [74, 3, 6], [498, 38, 78], [119, 15, 31], [21, 12, 26], [15, 7, 16], [81, 44, 102], [236, 30, 70], [222, 16, 39], [134, 4, 10], [110, 4, 13]], "matchups_support": [[35, 109, 186], [101, 205, 370], [267, 765, 1424], [89, 800, 1497], [53, 763, 1433], [432, 271, 511], [50, 279, 529], [26, 178, 338], [555, 586, 1124], [40, 534, 1026], [9, 181, 352], [16, 387, 756], [497, 596, 1173], [37, 144, 284], [111, 881, 1740], [99, 388, 790], [412, 1473, 3015], [25, 898, 1868], [117, 590, 1228], [63, 289, 606]]}