{"primary_winrate_percent": 50.15499348578103, "matchups_top": 53.87205387205387, "matchups_jungle": 33.33333333333333, "matchups_mid": 52.0995597697257, "matchups_adc": 49.942594718714126, "matchups_support": 50.15499348578103, "roles": [2, 5, 4, 3, 1]}