{"primary_winrate_percent": 52.25038083367954, "matchups_top": 42.857142857142854, "matchups_jungle": 52.25038083367954, "matchups_mid": 48.701298701298704, "matchups_adc": 50.0, "matchups_support": 22.22222222222222, "roles": [1, 4, 5, 2, 3]}