{"primary_winrate_percent": 52.14899188748695, "winrate_top": 42.31678486997636, "winrate_jungle": 52.14899188748695, "winrate_mid": 46.98795180722892, "winrate_adc": 50.0, "winrate_support": 21.73913043478261, "roles": [1, 4, 5, 2, 3], "matchups_top": [[133, 3, 3], [122, 12, 14], [157, 5, 6], [75, 4, 5], [41, 9, 12], [266, 9, 12], [36, 3, 4], [78, 3, 4], [10, 22, 32], [39, 11, 16], [24, 4, 6], [114, 16, 24], [54, 6, 9], [14, 4, 6], [57, 2, 3], [150, 4, 6], [98, 4, 6], [68, 2, 3], [240, 7, 11], [92, 12, 19]], "matchups_jungle": [[203, 325, 620], [245, 1673, 3227], [120, 1062, 2062], [19, 639, 1250], [11, 1140, 2245], [76, 403, 797], [56, 682, 1355], [35, 899, 1791], [102, 256, 511], [427, 149, 299], [421, 395, 797], [20, 423, 854], [36, 366, 743], [104, 502, 1023], [5, 420, 856], [24, 573, 1168], [77, 270, 552], [32, 450, 922], [2, 486, 998], [59, 1327, 2728]], "matchups_mid": [[4, 3, 3], [23, 1, 1], [117, 1, 1], [101, 3, 3], [10, 2, 2], [42, 2, 2], [69, 4, 4], [202, 1, 1], [81, 1, 1], [68, 1, 1], [91, 4, 5], [142, 2, 3], [112, 2, 3], [90, 2, 3], [131, 2, 3], [3, 2, 3], [1, 2, 3], [99, 2, 3], [13, 4, 6], [105, 2, 3]], "matchups_adc": [[222, 1, 1], [67, 1, 2], [145, 1, 2], [202, 1, 2], [236, 0, 1]], "matchups_support": [[9, 2, 2], [17, 1, 1], [25, 1, 1], [43, 1, 1], [53, 3, 3], [80, 1, 1], [111, 2, 2], [267, 7, 7], [350, 2, 2], [432, 2, 2], [497, 3, 4], [555, 5, 7], [412, 2, 3], [89, 3, 6], [143, 1, 2], [16, 0, 1], [201, 0, 1]]}