{"primary_winrate_percent": 52.139499008300895, "lane_winrates": {"1": 52.139499008300895, "2": 20.833333333333336, "3": 50.0, "4": 45.10250569476082, "5": 46.98795180722892}, "roles": [1, 4, 5, 2, 3], "matchups": {"1": [[429, 0, 2, -3291, -3673, 0, -13, 0, -37, -4, 0, 0, 47, 0, -14542], [39, 0, 2, -613, -1537, 0, 11, 0, -9, 0, 0, 0, 30, 0, -5112], [26, 0, 2, -3037, -3716, 0, 26, 0, -130, -2, 0, 0, 45, 0, -8181], [202, 0, 2, -2808, -2911, 0, 10, 0, -18, -5, 0, 0, 42, 0, -974], [85, 0, 1, -5601, -3654, 0, -18, 0, -84, 0, 0, 0, 41, 0, -4887], [150, 0, 3, -1028, -2072, 0, 9, 0, -5, -6, 0, 0, 52, 0, -13575], [497, 0, 2, -4764, -4833, 0, -18, 0, -54, -1, 0, 0, 50, 0, -18456], [84, 0, 3, -9201, -7165, 0, -3, 0, -157, -4, 0, 0, 91, 0, -15209], [3, 0, 3, -1527, -2701, 0, -4, 0, -27, 0, 0, 0, 52, 0, -12655], [42, 0, 1, -477, -1194, 0, -1, 0, 20, 1, 0, 0, 22, 0, -3425], [432, 0, 1, -2472, -2564, 0, 0, 0, -65, -1, 0, 0, 22, 0, -11063], [74, 0, 1, -848, -911, 0, 80, 0, -98, -1, 0, 0, 13, 0, 1544], [43, 0, 1, -820, -924, 0, 1, 0, -16, 0, 0, 0, 16, 0, -5820], [51, 0, 1, -114, -471, 0, 2, 0, -12, -1, 0, 0, 10, 0, -4081], [101, 0, 1, -1886, -1413, 0, 11, 0, -84, 0, 0, 0, 20, 0, -2125], [22, 0, 2, -1022, -2052, 0, 5, 0, -24, -2, 0, 0, 37, 0, -6624], [114, 0, 4, 953, 2942, 0, 5, 0, 18, 2, 0, 0, 20, 0, -14963], [90, 0, 1, -409, -595, 0, -9, 0, 12, 0, 0, 0, 18, 0, -696], [134, 0, 1, 661, 611, 0, 13, 0, 32, 0, 0, 0, 4, 0, 1921], [142, 0, 1, -2284, -2114, 0, -11, 0, -40, 0, 0, 0, 21, 0, -8285], [12, 0, 1, -3032, -2647, 0, -6, 0, -36, -1, 0, 0, 26, 0, -9034], [58, 1, 7, -1752, -1330, 0, 47, 0, -26, 0, 0, 0, 92, 0, -16776], [98, 4, 27, -16677, -19853, 0, -73, 0, -144, 0, 0, 0, 410, 0, -45224], [122, 1, 6, -505, 621, 0, 48, 0, -63, 1, 0, 0, 43, 0, -8841], [18, 3, 16, -3468, -2612, 0, 165, 0, -316, -11, 0, 0, 161, 0, -56162], [38, 1, 5, -11119, -9348, 0, 22, 0, -196, -4, 0, 0, 125, 0, -11905], [126, 1, 4, -1800, -3586, 0, 68, 0, -104, -4, 0, 0, 63, 0, -18116], [53, 1, 4, -5493, -4683, 0, -16, 0, -134, -4, 0, 0, 76, 0, -3087], [92, 16, 53, -14841, -5318, 0, 61, 0, -398, 11, 0, 0, 521, 0, -63305], [517, 71, 229, -103875, -83234, 0, 123, 0, -2447, -37, 0, 0, 2975, 0, -345233], [89, 5, 16, -11413, -11982, 0, -24, 0, -349, -4, 0, 0, 252, 0, 2235], [67, 6, 19, -9185, -4870, 0, 37, 0, -299, -14, 0, 0, 225, 0, -39169], [236, 2, 6, -3774, -843, 0, 6, 0, -63, 2, 0, 0, 73, 0, -17168], [136, 1, 3, -1065, -888, 0, 17, 0, -35, -1, 0, 0, 40, 0, -3562], [145, 14, 42, -12410, -5271, 0, 175, 0, -395, -16, 0, 0, 448, 0, -47557], [238, 1, 3, -3955, -3127, 0, 16, 0, -89, -3, 0, 0, 53, 0, -6444], [13, 1, 3, -1973, 764, 0, 15, 0, -69, -2, 0, 0, 23, 0, -8595], [99, 1, 3, -5725, -5315, 0, 2, 0, -86, -2, 0, 0, 73, 0, -7933], [55, 1, 3, 435, 686, 0, 29, 0, 23, 1, 0, 0, 14, 0, 504], [6, 9, 27, -15203, -11094, 0, 60, 0, -138, -3, 0, 0, 389, 0, -55428], [27, 1, 3, 32, 1109, 0, 7, 0, 4, 1, 0, 0, 12, 0, 2160], [117, 1, 3, -964, -2495, 0, -2, 0, -93, -4, 0, 0, 55, 0, -14383], [157, 5, 15, 3065, 48, 0, 47, 0, 61, -5, 0, 0, 155, 0, -6437], [14, 6, 17, -7664, -5866, 0, 79, 0, -150, 1, 0, 0, 223, 0, -9549], [23, 27, 75, 7726, 15235, 0, 147, 0, 326, 16, 0, 0, 640, 0, -47220], [68, 17, 45, -1473, 5429, 0, 213, 0, -413, 1, 0, 0, 406, 0, -41955], [111, 14, 36, -22161, -24833, 0, 63, 0, -328, 5, 0, 0, 539, 0, -6067], [133, 7, 18, -2080, 1208, 0, 29, 0, -133, -3, 0, 0, 165, 0, -35728], [82, 21, 52, -1652, -9016, 0, 112, 0, 20, -2, 0, 0, 593, 0, -88877], [80, 297, 709, -117962, 109779, 0, 285, 0, -5528, 136, 0, 0, 6360, 0, 364438], [516, 8, 19, -7620, -6234, 0, 25, 0, -223, 3, 0, 0, 262, 0, -2849], [113, 198, 468, -184242, -189356, 0, -45, 0, -2935, -14, 0, 0, 6176, 0, -243326], [164, 61, 144, -78008, -58336, 0, 115, 0, -2134, 12, 0, 0, 1831, 0, -90606], [246, 125, 295, -109145, -85978, 0, 180, 0, -3323, -16, 0, 0, 3616, 0, -135477], [79, 576, 1357, -475631, -461387, 0, -1249, 0, -9852, -62, 0, 0, 17572, 0, -756033], [105, 9, 21, -8772, -6776, 0, 48, 0, -285, 4, 0, 0, 286, 0, -35516], [31, 27, 63, -9636, -23388, 0, 164, 0, -72, -1, 0, 0, 823, 0, -32557], [266, 27, 62, 5339, 11500, 0, 191, 0, -161, 9, 0, 0, 534, 0, 426], [29, 178, 401, -144775, -65622, 0, 1302, 0, -6936, -44, 0, 0, 4520, 0, -68019], [62, 115, 256, -76284, -70146, 0, 444, 0, -2003, -23, 0, 0, 3024, 0, -187781], [30, 274, 608, 218201, 125628, 0, 1789, 0, 3994, -13, 0, 0, 4975, 0, -158538], [131, 71, 157, -15305, -41517, 0, 330, 0, -347, -33, 0, 0, 1858, 0, -81327], [86, 19, 42, -10042, -2269, 0, 111, 0, -79, 11, 0, 0, 450, 0, -13616], [28, 658, 1454, -10600, -68657, 0, -3540, 0, -4054, 119, 0, 0, 14879, 0, -343976], [57, 39, 86, -53471, -42419, 0, 42, 0, -1188, -21, 0, 0, 1277, 0, -36550], [60, 934, 2055, -678228, -346421, 0, -1928, 0, -18305, -9, 0, 0, 23795, 0, 112675], [4, 5, 11, 1353, 3752, 0, 8, 0, -37, 1, 0, 0, 78, 0, 14295], [54, 432, 944, -277188, -300966, 0, -190, 0, -6661, -1, 0, 0, 11927, 0, -695597], [106, 253, 549, -90008, 5196, 0, 527, 0, -3811, 113, 0, 0, 5353, 0, -116392], [64, 3354, 7172, -710373, 800017, 0, -523, 0, -33262, 1173, 0, 0, 66407, 0, 1280860], [78, 90, 192, -39940, -8708, 0, 153, 0, -1566, 51, 0, 0, 2020, 0, 3043], [33, 323, 688, -308554, -286740, 0, 191, 0, -7538, -63, 0, 0, 9128, 0, -549573], [163, 141, 300, -38848, -1222, 0, 836, 0, -2582, 26, 0, 0, 3081, 0, 34827], [63, 8, 17, -5993, -6557, 0, 26, 0, -180, -1, 0, 0, 186, 0, -35522], [17, 8, 17, -417, -2990, 0, 64, 0, -143, 7, 0, 0, 188, 0, -15522], [48, 85, 180, -24523, 5234, 0, 349, 0, -795, 34, 0, 0, 1772, 0, -21744], [154, 729, 1540, -335895, -509878, 0, 1877, 0, -16841, -12, 0, 0, 19654, 0, -576452], [121, 1866, 3914, -153226, 416781, 0, -2268, 0, -8480, 1399, 0, 0, 35363, 0, -488407], [9, 167, 349, -92879, -89646, 0, 613, 0, -2338, -60, 0, 0, 4274, 0, -208483], [141, 1590, 3320, -248609, -109175, 0, 2537, 0, -5232, 54, 0, 0, 33777, 0, -1522182], [32, 439, 910, -54283, -151803, 0, 497, 0, -1857, -85, 0, 0, 10392, 0, -284610], [107, 599, 1238, 216707, 278888, 0, 2555, 0, 1230, 233, 0, 0, 9837, 0, -221207], [72, 109, 224, -15408, -34875, 0, -187, 0, 252, -12, 0, 0, 2585, 0, -108734], [77, 272, 558, 65177, 138124, 0, 70, 0, 2342, 148, 0, 0, 4402, 0, 148744], [20, 409, 839, -161187, -112519, 0, 1334, 0, -5085, -47, 0, 0, 9376, 0, 30725], [5, 418, 856, -138226, 21767, 0, 228, 0, -3763, 106, 0, 0, 8590, 0, 260006], [59, 1322, 2702, -314998, 110843, 0, 622, 0, -12793, 58, 0, 0, 26461, 0, 1320716], [36, 367, 746, 180830, 155530, 0, 1796, 0, 4478, 63, 0, 0, 5847, 0, -338881], [104, 505, 1024, 156298, 285771, 0, 4485, 0, 1250, 137, 0, 0, 7870, 0, 240288], [24, 578, 1171, -15639, 94231, 0, 506, 0, -384, 264, 0, 0, 10868, 0, -251612], [76, 397, 802, 172684, 221274, 0, 289, 0, 1934, 153, 0, 0, 6561, 0, 312651], [2, 506, 1016, 247143, 474164, 0, 2756, 0, 2331, 318, 0, 0, 6257, 0, 540493], [75, 10, 20, -2232, -3597, 0, 15, 0, -87, -3, 0, 0, 237, 0, -31289], [143, 2, 4, -2321, 1279, 0, 14, 0, -96, 0, 0, 0, 35, 0, 6384], [8, 1, 2, -2255, -1008, 0, 9, 0, -42, 2, 0, 0, 31, 0, -7533], [1, 2, 4, -3662, -2711, 0, 18, 0, -75, -1, 0, 0, 56, 0, -3742], [91, 3, 6, -2203, -2176, 0, -4, 0, -40, -1, 0, 0, 71, 0, -7850], [10, 3, 6, -4056, -7743, 0, -36, 0, -31, -4, 0, 0, 107, 0, -27123], [555, 3, 6, -6626, -2668, 0, -1, 0, -154, -1, 0, 0, 79, 0, -7282], [223, 1, 2, -1398, -2913, 0, -5, 0, -26, -1, 0, 0, 37, 0, -7562], [421, 404, 807, 40809, 235340, 0, -483, 0, -2700, 208, 0, 0, 6205, 0, 285377], [11, 1106, 2209, 95364, 410263, 0, 2360, 0, 5224, 129, 0, 0, 18365, 0, -878316], [35, 899, 1794, -229092, 186098, 0, 1018, 0, -14406, 600, 0, 0, 16561, 0, 259632], [56, 680, 1353, 347826, 448580, 0, 2973, 0, 2790, 368, 0, 0, 9899, 0, 583775], [427, 144, 285, -39351, -124016, 0, -733, 0, -864, -40, 0, 0, 3884, 0, -191871], [102, 262, 515, 69460, 12864, 0, 1073, 0, 1911, 51, 0, 0, 4975, 0, -228897], [120, 1051, 2051, 283941, 651428, 0, 3282, 0, -100, 433, 0, 0, 15212, 0, 795893], [19, 643, 1254, -81592, 271791, 0, 127, 0, -3433, 264, 0, 0, 10290, 0, 746837], [245, 1667, 3216, 3616, 286056, 0, 7986, 0, 