{"primary_winrate_percent": 0.5225038083367954, "matchups_top": 0.42857142857142855, "matchups_jungle": 0.5225038083367954, "matchups_mid": 0.487012987012987, "matchups_adc": 0.5, "matchups_support": 0.2222222222222222, "roles": [1, 4, 5, 2, 3]}