{"primary_winrate_percent": 50.320582313768, "matchups_top": 49.0989010989011, "matchups_jungle": 38.46153846153847, "matchups_mid": 50.320582313768, "matchups_adc": 46.53465346534654, "matchups_support": 41.72185430463576, "roles": [5, 4, 3, 2, 1]}