{"primary_winrate_percent": 50.35712245014571, "winrate_top": 49.452164617851416, "winrate_jungle": 35.714285714285715, "winrate_mid": 50.35712245014571, "winrate_adc": 46.866840731070496, "winrate_support": 42.331288343558285, "roles": [5, 4, 3, 2, 1], "matchups_top": [[236, 30, 48], [83, 40, 65], [516, 63, 103], [74, 47, 77], [6, 45, 74], [107, 34, 59], [98, 89, 160], [126, 78, 141], [92, 102, 185], [23, 54, 98], [39, 111, 202], [266, 101, 186], [114, 166, 306], [54, 67, 124], [240, 55, 102], [150, 59, 110], [164, 81, 152], [10, 287, 544], [67, 61, 116], [122, 184, 353]], "matchups_jungle": [[9, 1, 1], [19, 1, 1], [20, 1, 1], [60, 1, 1], [107, 1, 1], [121, 1, 1], [141, 2, 2], [245, 1, 1], [36, 0, 1], [54, 0, 1], [64, 0, 1], [80, 0, 2]], "matchups_mid": [[69, 325, 591], [38, 546, 1005], [103, 948, 1755], [161, 306, 568], [74, 136, 254], [245, 410, 767], [238, 796, 1492], [105, 510, 967], [1, 267, 509], [101, 312, 596], [4, 652, 1248], [10, 230, 449], [131, 319, 623], [91, 360, 712], [55, 540, 1070], [8, 614, 1219], [99, 491, 977], [115, 150, 299], [61, 632, 1264], [136, 102, 204]], "matchups_adc": [[74, 4, 5], [157, 6, 8], [202, 28, 42], [51, 43, 65], [18, 9, 15], [21, 16, 27], [81, 49, 83], [119, 17, 29], [67, 28, 51], [145, 65, 129], [96, 2, 4], [29, 4, 8], [22, 37, 75], [498, 35, 71], [222, 24, 53], [236, 20, 50], [45, 3, 8], [110, 2, 6], [15, 4, 12]], "matchups_support": [[26, 1, 1], [37, 2, 2], [44, 1, 1], [79, 1, 1], [82, 1, 1], [111, 7, 8], [16, 3, 4], [40, 3, 4], [555, 6, 8], [117, 9, 13], [63, 2, 3], [143, 4, 6], [350, 2, 3], [99, 3, 5], [412, 8, 14], [53, 7, 13], [89, 8, 15], [25, 5, 10], [45, 1, 2], [50, 4, 8]]}