{"primary_winrate_percent": 0.50320582313768, "matchups_top": 0.490989010989011, "matchups_jungle": 0.38461538461538464, "matchups_mid": 0.50320582313768, "matchups_adc": 0.46534653465346537, "matchups_support": 0.41721854304635764, "roles": [5, 4, 3, 2, 1]}