{"primary_winrate_percent": 0.4998402690205969, "matchups_top": 0.48309639389736475, "matchups_jungle": 0.2857142857142857, "matchups_mid": 0.4998402690205969, "matchups_adc": 0.44004796163069543, "matchups_support": 0.34615384615384615, "roles": [5, 4, 3, 2, 1]}