{"primary_winrate_percent": 49.942390932021304, "winrate_top": 48.2462008984039, "winrate_jungle": 26.08695652173913, "winrate_mid": 49.942390932021304, "winrate_adc": 44.568868980963046, "winrate_support": 33.94495412844037, "roles": [5, 4, 3, 2, 1], "matchups_top": [[83, 446, 743], [27, 301, 534], [107, 242, 437], [10, 2167, 3928], [240, 737, 1342], [31, 441, 807], [82, 1093, 2001], [38, 199, 371], [133, 340, 634], [57, 317, 594], [122, 1506, 2832], [92, 1206, 2275], [68, 340, 643], [86, 1549, 2931], [420, 428, 811], [36, 232, 442], [75, 618, 1183], [266, 1017, 1948], [23, 594, 1144], [24, 1133, 2190]], "matchups_jungle": [[5, 1, 1], [19, 1, 1], [35, 1, 1], [54, 1, 1], [64, 5, 5], [107, 2, 2], [120, 1, 1], [121, 1, 1], [141, 1, 1], [421, 1, 1], [59, 1, 2], [254, 1, 2], [20, 0, 1], [28, 0, 1], [104, 0, 1], [245, 0, 1]], "matchups_mid": [[90, 945, 1666], [34, 404, 736], [3, 369, 684], [131, 636, 1193], [245, 758, 1439], [80, 319, 607], [38, 1144, 2183], [54, 183, 350], [74, 233, 447], [142, 760, 1459], [69, 607, 1171], [1, 528, 1021], [61, 1035, 2002], [13, 1521, 2958], [134, 1019, 1996], [4, 965, 1899], [103, 1570, 3102], [91, 725, 1433], [99, 806, 1597], [45, 1061, 2107]], "matchups_adc": [[119, 24, 30], [96, 7, 10], [22, 46, 68], [67, 26, 39], [29, 5, 8], [21, 23, 38], [157, 4, 7], [134, 4, 7], [202, 29, 52], [15, 5, 9], [236, 35, 63], [498, 42, 78], [145, 95, 180], [222, 23, 44], [81, 48, 92], [18, 15, 29], [74, 4, 8], [51, 38, 83], [110, 4, 10], [45, 3, 8]], "matchups_support": [[9, 1, 1], [12, 1, 1], [16, 2, 2], [43, 1, 1], [44, 1, 1], [63, 2, 2], [79, 1, 1], [99, 4, 4], [134, 1, 1], [161, 1, 1], [350, 1, 1], [432, 2, 2], [497, 4, 4], [518, 1, 1], [53, 7, 9], [267, 3, 4], [111, 9, 13], [101, 2, 3], [25, 5, 8], [412, 10, 16]]}