{"primary_winrate_percent": 49.98402690205969, "matchups_top": 48.309639389736475, "matchups_jungle": 28.57142857142857, "matchups_mid": 49.98402690205969, "matchups_adc": 44.00479616306954, "matchups_support": 34.61538461538461, "roles": [5, 4, 3, 2, 1]}