{"primary_winrate_percent": 51.13033594342006, "matchups_top": 51.63797890061077, "matchups_jungle": 51.13033594342006, "matchups_mid": 55.319148936170215, "matchups_adc": 44.18604651162791, "matchups_support": 48.767538869927954, "roles": [1, 4, 2, 5, 3]}