{"primary_winrate_percent": 0.5113033594342006, "matchups_top": 0.5163797890061077, "matchups_jungle": 0.5113033594342006, "matchups_mid": 0.5531914893617021, "matchups_adc": 0.4418604651162791, "matchups_support": 0.4876753886992795, "roles": [1, 4, 2, 5, 3]}