{"primary_winrate_percent": 51.174644091628096, "winrate_top": 51.71370967741935, "winrate_jungle": 51.174644091628096, "winrate_mid": 55.769230769230774, "winrate_adc": 45.09803921568628, "winrate_support": 48.543023654439494, "roles": [1, 4, 2, 5, 3], "matchups_top": [[240, 94, 163], [420, 63, 115], [516, 77, 141], [82, 170, 316], [2, 24, 45], [98, 94, 178], [78, 40, 77], [27, 31, 60], [57, 33, 64], [133, 33, 64], [10, 266, 518], [122, 208, 408], [24, 133, 261], [86, 220, 432], [14, 36, 71], [85, 45, 89], [58, 176, 355], [54, 54, 109], [13, 74, 150], [17, 70, 142]], "matchups_jungle": [[20, 153, 259], [427, 59, 106], [36, 137, 252], [5, 134, 248], [2, 173, 323], [24, 186, 356], [254, 286, 549], [245, 484, 930], [11, 372, 717], [141, 547, 1062], [163, 44, 87], [35, 264, 522], [76, 102, 202], [19, 210, 418], [121, 588, 1174], [56, 204, 410], [107, 194, 391], [120, 307, 621], [77, 94, 191], [154, 274, 562]], "matchups_mid": [[101, 3, 3], [43, 2, 2], [245, 2, 2], [122, 2, 2], [161, 2, 2], [63, 2, 2], [99, 4, 5], [18, 3, 4], [10, 4, 6], [84, 9, 14], [80, 3, 5], [91, 7, 12], [142, 4, 7], [238, 9, 17], [516, 1, 2], [114, 1, 2], [86, 1, 2], [266, 2, 4], [126, 1, 2], [69, 1, 2]], "matchups_adc": [[29, 1, 1], [39, 1, 1], [119, 2, 2], [157, 1, 1], [236, 7, 8], [18, 2, 3], [22, 3, 5], [51, 4, 7], [21, 2, 4], [222, 1, 2], [498, 2, 4], [145, 2, 8], [67, 0, 1], [81, 0, 2], [96, 0, 1], [134, 0, 1]], "matchups_support": [[9, 27, 42], [26, 24, 39], [3, 9, 15], [43, 34, 58], [89, 147, 256], [35, 16, 28], [37, 16, 28], [53, 145, 256], [111, 147, 265], [432, 32, 59], [40, 49, 91], [412, 190, 353], [63, 26, 50], [223, 8, 16], [117, 47, 94], [161, 13, 26], [25, 51, 103], [267, 52, 107], [497, 78, 161], [99, 31, 64]]}