{"primary_winrate_percent": 52.77958768797727, "matchups_top": 49.68738506803972, "matchups_jungle": 52.77958768797727, "matchups_mid": 47.27272727272727, "matchups_adc": 28.57142857142857, "matchups_support": 34.21052631578947, "roles": [1, 4, 5, 2, 3]}