{"primary_winrate_percent": 0.5277958768797727, "matchups_top": 0.4968738506803972, "matchups_jungle": 0.5277958768797727, "matchups_mid": 0.4727272727272727, "matchups_adc": 0.2857142857142857, "matchups_support": 0.34210526315789475, "roles": [1, 4, 5, 2, 3]}