{"primary_winrate_percent": 52.76400145155438, "winrate_top": 49.729180771834805, "winrate_jungle": 52.76400145155438, "winrate_mid": 47.5, "winrate_adc": 28.57142857142857, "winrate_support": 35.8974358974359, "roles": [1, 4, 5, 2, 3], "matchups_top": [[68, 18, 28], [27, 16, 25], [106, 12, 19], [420, 21, 34], [85, 18, 30], [122, 93, 155], [10, 110, 187], [17, 37, 64], [31, 19, 33], [82, 64, 114], [126, 25, 45], [41, 57, 104], [8, 47, 86], [14, 10, 19], [164, 46, 88], [84, 35, 67], [78, 12, 23], [83, 18, 35], [157, 27, 53], [80, 28, 55]], "matchups_jungle": [[36, 326, 609], [30, 232, 451], [20, 351, 686], [11, 844, 1656], [120, 755, 1492], [56, 559, 1107], [2, 388, 769], [106, 213, 427], [245, 1133, 2298], [35, 690, 1402], [29, 166, 340], [121, 1437, 2947], [254, 615, 1262], [76, 291, 598], [141, 1313, 2700], [163, 117, 242], [24, 420, 871], [203, 214, 444], [5, 294, 614], [32, 339, 711]], "matchups_mid": [[112, 1, 1], [134, 3, 3], [80, 2, 2], [103, 2, 2], [56, 1, 1], [91, 5, 5], [163, 1, 1], [84, 1, 1], [1, 1, 1], [79, 1, 1], [25, 1, 1], [50, 1, 1], [164, 1, 1], [11, 1, 1], [62, 1, 1], [39, 6, 7], [7, 4, 5], [38, 2, 3], [69, 2, 3], [105, 2, 3]], "matchups_adc": [[67, 1, 1], [145, 1, 1], [498, 2, 2], [236, 1, 2], [51, 0, 1]], "matchups_support": [[9, 1, 1], [16, 1, 1], [26, 1, 1], [31, 1, 1], [40, 1, 1], [43, 1, 1], [50, 1, 1], [99, 1, 1], [101, 1, 1], [111, 2, 2], [161, 1, 1], [201, 1, 1], [350, 1, 1], [89, 3, 4], [25, 2, 3], [412, 2, 3], [53, 1, 2], [63, 1, 2], [117, 1, 2], [497, 1, 2]]}