{"primary_winrate_percent": 0.4762022194821208, "matchups_top": 0.499622783855149, "matchups_jungle": 0.4762022194821208, "matchups_mid": 0.5420148560817084, "matchups_adc": 0.44954128440366975, "matchups_support": 0.4444444444444444, "roles": [1, 4, 5, 2, 3]}