{"primary_winrate_percent": 47.620221948212084, "matchups_top": 49.9622783855149, "matchups_jungle": 47.620221948212084, "matchups_mid": 54.20148560817084, "matchups_adc": 44.95412844036697, "matchups_support": 44.44444444444444, "roles": [1, 4, 5, 2, 3]}