{"primary_winrate_percent": 47.3953013278856, "winrate_top": 50.21902926230945, "winrate_jungle": 47.3953013278856, "winrate_mid": 53.95559387799095, "winrate_adc": 44.24778761061947, "winrate_support": 44.26229508196721, "roles": [1, 4, 5, 2, 3], "matchups_top": [[107, 28, 45], [83, 34, 55], [58, 136, 223], [54, 69, 118], [6, 44, 76], [57, 35, 63], [82, 106, 191], [31, 37, 67], [86, 139, 257], [240, 54, 102], [164, 64, 121], [122, 132, 250], [8, 94, 180], [98, 56, 108], [24, 113, 219], [266, 80, 157], [23, 56, 110], [84, 55, 109], [157, 69, 138], [10, 215, 432]], "matchups_jungle": [[102, 47, 70], [2, 81, 134], [35, 183, 304], [36, 60, 102], [32, 95, 162], [20, 75, 131], [245, 311, 544], [106, 48, 84], [107, 117, 207], [19, 91, 161], [24, 98, 177], [56, 114, 206], [11, 201, 365], [5, 68, 125], [30, 63, 116], [154, 116, 217], [59, 211, 397], [77, 43, 81], [254, 138, 260], [141, 306, 584]], "matchups_mid": [[82, 19, 24], [58, 15, 24], [10, 34, 57], [127, 29, 52], [45, 83, 153], [74, 17, 32], [112, 36, 68], [4, 76, 144], [3, 35, 69], [90, 43, 85], [142, 42, 85], [8, 69, 141], [13, 90, 185], [115, 12, 25], [81, 19, 40], [61, 53, 113], [161, 27, 58], [245, 49, 106], [55, 84, 185], [131, 34, 75]], "matchups_adc": [[21, 2, 2], [45, 1, 1], [69, 1, 1], [157, 2, 2], [51, 6, 7], [67, 8, 11], [236, 5, 7], [145, 12, 17], [498, 7, 10], [22, 4, 8], [222, 4, 8], [81, 6, 13], [202, 4, 9], [18, 1, 5], [29, 0, 1], [39, 0, 1], [74, 0, 1], [96, 0, 3], [110, 0, 2], [119, 0, 1]], "matchups_support": [[31, 1, 1], [35, 1, 1], [37, 1, 1], [63, 1, 1], [98, 1, 1], [101, 1, 1], [143, 2, 2], [432, 2, 2], [497, 4, 4], [25, 5, 6], [40, 4, 5], [117, 9, 12], [16, 2, 3], [50, 2, 3], [161, 2, 3], [111, 6, 11], [9, 1, 2], [26, 1, 2], [223, 1, 2], [555, 3, 6]]}