{"primary_winrate_percent": 49.66840852070249, "winrate_top": 33.88888888888889, "winrate_jungle": 28.57142857142857, "winrate_mid": 41.80064308681672, "winrate_adc": 49.66840852070249, "winrate_support": 16.666666666666664, "roles": [3, 5, 4, 2, 1], "matchups_top": [[112, 1, 1], [80, 2, 2], [114, 5, 5], [31, 1, 1], [54, 2, 2], [43, 4, 4], [42, 1, 1], [106, 1, 1], [2, 1, 1], [45, 2, 2], [84, 2, 2], [76, 1, 1], [85, 4, 4], [36, 1, 1], [13, 3, 3], [111, 1, 1], [238, 1, 1], [75, 2, 2], [145, 1, 1], [83, 2, 2]], "matchups_jungle": [[2, 1, 1], [11, 2, 2], [24, 1, 1], [28, 1, 1], [32, 1, 1], [35, 1, 1], [56, 1, 1], [107, 1, 1], [120, 1, 1], [154, 1, 1], [245, 2, 2], [517, 1, 1], [64, 4, 6], [76, 2, 3], [59, 1, 2], [121, 2, 4], [141, 1, 2], [54, 1, 3], [131, 0, 1]], "matchups_mid": [[3, 2, 2], [85, 2, 2], [26, 2, 2], [517, 2, 2], [61, 5, 6], [142, 4, 5], [246, 4, 5], [134, 12, 16], [90, 8, 11], [101, 5, 7], [38, 7, 10], [99, 7, 10], [112, 2, 3], [131, 6, 9], [74, 2, 3], [42, 2, 3], [45, 6, 9], [81, 4, 6], [157, 12, 20], [1, 3, 5]], "matchups_adc": [[22, 9776, 17855], [21, 3110, 5719], [29, 1014, 1888], [222, 7015, 13169], [202, 5688, 10720], [51, 10272, 19774], [119, 2834, 5487], [96, 842, 1654], [67, 5890, 11956], [110, 1230, 2503], [236, 8430, 17189], [18, 3267, 6666], [15, 1415, 2918], [157, 771, 1591], [145, 20437, 42557], [81, 9559, 19936]], "matchups_support": [[25, 1, 1], [40, 1, 1], [53, 3, 3], [63, 1, 1], [101, 1, 1], [111, 1, 1], [117, 2, 2], [161, 1, 1], [497, 1, 1], [555, 1, 1], [412, 2, 3], [89, 0, 1], [350, 0, 1]]}