{"primary_winrate_percent": 49.64238836355844, "lane_winrates": {"1": 30.303030303030305, "2": 16.666666666666664, "3": 49.64238836355844, "4": 34.104046242774565, "5": 42.244224422442244}, "roles": [3, 5, 4, 2, 1], "matchups": {"1": [[131, 0, 1, -1892, -1476, 0, -5, 0, -28, -1, 0, 0, 18, 0, -7482], [54, 1, 3, 1283, 1996, 0, 5, 0, 59, 3, 0, 0, 16, 0, 12369], [141, 1, 2, -4409, -3083, 0, -9, 0, -39, -2, 0, 0, 35, 0, -8907], [121, 2, 4, 1476, 4425, 0, 8, 0, -1, 6, 0, 0, 4, 0, 19712], [28, 1, 2, -336, 268, 0, 8, 0, -20, 1, 0, 0, 14, 0, -2710], [64, 4, 6, -2196, 1265, 0, -65, 0, -11, 3, 0, 0, 55, 0, 16362], [59, 2, 3, -849, 1888, 0, -2, 0, -20, -1, 0, 0, 24, 0, 7362], [517, 1, 1, -550, 460, 0, 1, 0, -4, 1, 0, 0, 6, 0, -1920], [245, 2, 2, 772, 1657, 0, 5, 0, -4, 0, 0, 0, -1, 0, -4586], [154, 1, 1, -56, -180, 0, 10, 0, 0, 0, 0, 0, 13, 0, 6172], [120, 1, 1, 4808, 4402, 0, 15, 0, 57, 0, 0, 0, -11, 0, 11023], [76, 2, 2, 823, 2357, 0, 3, 0, -15, 1, 0, 0, -1, 0, 7460], [56, 1, 1, -132, 389, 0, -63, 0, 25, 2, 0, 0, 11, 0, 7952], [35, 1, 1, -821, -866, 0, -10, 0, -17, 0, 0, 0, 14, 0, 4707], [32, 1, 1, 5077, 2787, 0, 6, 0, 68, 0, 0, 0, -12, 0, 5258], [24, 1, 1, 3703, 3331, 0, -14, 0, 73, 1, 0, 0, -9, 0, 9288], [11, 1, 1, 583, 2082, 0, -10, 0, 17, 1, 0, 0, -6, 0, 3593]], "2": [[350, 0, 1, 4192, 2127, 0, 2, 0, 0, 1, 0, 0, -11, 0, -737], [89, 0, 1, 469, 1037, 0, 1, 0, 0, 1, 0, 0, 0, 0, 2599], [412, 2, 3, 3284, 2520, 0, -41, 0, -5, 1, 0, 0, 13, 0, 5362], [555, 2, 2, 1782, 2534, 0, -27, 0, -5, 3, 0, 0, 6, 0, 17678], [497, 1, 1, -279, 375, 0, -20, 0, 0, 2, 0, 0, 7, 0, 241], [117, 2, 2, 3031, 2729, 0, -93, 0, 0, 2, 0, 0, -2, 0, 8188], [111, 1, 1, -28, -404, 0, -24, 0, 0, -1, 0, 0, 10, 0, 12484], [101, 1, 1, 386, 615, 0, -64, 0, 0, 0, 0, 0, 4, 0, 11693], [63, 1, 1, 1518, 1830, 0, -19, 0, 0, 0, 0, 0, -4, 0, 4729], [53, 3, 3, 1428, 3230, 0, -83, 0, 0, 0, 0, 0, 16, 0, 37849], [40, 1, 1, 1350, 1888, 0, -55, 0, 0, 1, 0, 0, -1, 0, 8400], [25, 1, 1, 714, 2018, 0, -3, 0, 0, 1, 0, 0, 0, 0, 7114]], "3": [[427, 0, 3, -1239, -177, 0, -123, 0, 0, -1, 0, 0, 42, 0, -611], [78, 0, 1, -2871, -2917, 0, -96, 0, 4, -1, 0, 0, 38, 0, 3903], [20, 0, 4, -7044, -11051, 0, -201, 0, 13, -7, 0, 0, 86, 0, -20408], [111, 0, 3, -2136, -1594, 0, -106, 0, -8, 2, 0, 0, 42, 0, -10997], [497, 0, 2, 324, -1044, 0, -73, 0, -4, 0, 0, 0, 31, 0, -9736], [266, 0, 3, -3634, -6390, 0, -132, 0, 0, -1, 0, 0, 59, 0, -18932], [60, 0, 1, 0, 0, 0, 0, 0, 0, -4, 0, 0, 0, 0, 0], [72, 0, 1, -1939, -3735, 0, -49, 0, -4, -2, 0, 0, 30, 0, -8679], [121, 0, 1, -542, -1202, 0, -20, 0, 0, 0, 0, 0, 21, 0, -1699], [77, 0, 3, 1704, -5827, 0, -92, 0, 20, -1, 0, 0, 68, 0, -23575], [28, 0, 1, 0, 0, 0, 0, 0, 0, 0, 0, 0, 0, 0, 0], [105, 1, 9, -2280, -11152, 0, -145, 0, -16, 2, 0, 0, 157, 0, -35024], [11, 2, 13, -7784, -18503, 0, -367, 0, 17, -7, 0, 0, 246, 0, -41402], [412, 2, 13, -4164, -11525, 0, -275, 0, -7, -10, 0, 0, 224, 0, 604], [14, 1, 6, 337, -1373, 0, -9, 0, -4, -6, 0, 0, 73, 0, -14219], [91, 1, 5, -7315, -10425, 0, -228, 0, -12, 1, 0, 0, 105, 0, -14405], [432, 1, 5, -482, -5215, 0, -242, 0, -7, 1, 0, 0, 78, 0, -8845], [56, 1, 5, -1888, -1789, 0, -79, 0, 0, 4, 0, 0, 35, 0, -18240], [268, 2, 10, -5945, -9561, 0, -155, 0, -7, -13, 0, 0, 165, 0, -43884], [58, 4, 17, -963, -14640, 0, -105, 0, -8, -15, 0, 0, 254, 0, -44324], [64, 1, 4, 389, -237, 0, -97, 0, 4, 5, 0, 0, 21, 0, 4902], [98, 1, 4, -284, -1830, 0, -86, 0, -12, 2, 0, 0, 54, 0, -11248], [36, 1, 4, -5408, -10173, 0, -144, 0, 4, -12, 0, 0, 101, 0, -21888], [3, 2, 8, -4272, -4519, 0, -107, 0, 0, -6, 0, 0, 110, 0, -3085], [19, 1, 4, -4329, -5191, 0, -145, 0, -32, 2, 0, 0, 49, 0, -20355], [53, 1, 4, -1031, -7438, 0, -206, 0, -4, -1, 0, 0, 76, 0, -7282], [38, 1, 4, -1672, -6290, 0, -154, 0, -4, 0, 0, 0, 61, 0, -34031], [150, 2, 7, 84, -3063, 0, -6, 0, -4, -2, 0, 0, 100, 0, 1885], [62, 3, 10, -1150, -1842, 0, -152, 0, -3, 6, 0, 0, 104, 0, -21157], [54, 6, 19, 2454, -13728, 0, -450, 0, -3, -7, 0, 0, 321, 0, -1335], [17, 20, 62, -27988, -68716, 0, -1177, 0, -32, -50, 0, 0, 1065, 0, -130608], [13, 24, 74, -33070, -80707, 0, -649, 0, 19, -81, 0, 0, 1423, 0, -110143], [143, 4, 12, 1768, -5660, 0, -211, 0, -4, -4, 0, 0, 182, 0, -246], [76, 1, 3, -1891, -5090, 0, -79, 0, 0, -1, 0, 0, 56, 0, -13524], [84, 2, 6, -2397, -4563, 0, -130, 0, -8, 1, 0, 0, 88, 0, -12511], [9, 2, 6, 889, -3403, 0, -148, 0, 2, -3, 0, 0, 81, 0, -1241], [1, 20, 55, -6702, -35669, 0, -508, 0, -16, -14, 0, 0, 853, 0, -33886], [350, 59, 160, -90302, -193477, 0, -11796, 0, -132, -24, 0, 0, 3011, 0, -238526], [517, 3, 8, 2320, -14319, 0, -109, 0, 0, -4, 0, 0, 150, 0, -36288], [126, 6, 16, -6631, -13793, 0, -146, 0, 2, -11, 0, 0, 271, 0, -23423], [133, 38, 97, -12985, -43338, 0, -1117, 0, -7, -49, 0, 0, 1395, 0, -44904], [79, 2, 5, 393, -701, 0, -68, 0, 1, -2, 0, 0, 81, 0, 2994], [55, 8, 20, -3457, -12059, 0, -303, 0, -11, 8, 0, 0, 296, 0, -43516], [40, 2, 5, -2822, -10546, 0, -249, 0, -8, -4, 0, 0, 116, 0, -25162], [131, 2, 5, 667, -488, 0, -126, 0, 16, 1, 0, 0, 50, 0, 5511], [103, 15, 37, 5614, -19392, 0, -369, 0, -4, -4, 0, 0, 552, 0, -448], [86, 57, 138, -31016, -113988, 0, -1720, 0, -82, -69, 0, 0, 2154, 0, -238832], [518, 51, 121, 39035, 8149, 0, 32, 0, -43, 50, 0, 0, 1192, 0, 39771], [429, 324, 763, -62998, 119959, 0, 3282, 0, 355, 89, 0, 0, 6519, 0, -125661], [39, 34, 80, 21947, 32960, 0, 654, 0, 12, 22, 0, 0, 495, 0, -50951], [164, 3, 7, 451, -200, 0, -63, 0, -8, 3, 0, 0, 48, 0, -11852], [68, 3, 7, 1091, -3738, 0, -22, 0, 0, -1, 0, 0, 92, 0, -1166], [420, 3, 7, -1498, -10897, 0, -125, 0, 0, -12, 0, 0, 165, 0, -13618], [90, 9, 21, -3369, -16175, 0, -264, 0, -18, -17, 0, 0, 359, 0, -17864], [30, 18, 41, 190, -8683, 0, -373, 0, 21, -15, 0, 0, 488, 0, -3313], [44, 4, 9, 13, -10102, 0, -305, 0, -5, -7, 0, 0, 183, 0, 6389], [7, 4, 9, -635, -6189, 0, -102, 0, 0, -3, 0, 0, 128, 0, -19432], [4, 25, 56, -10585, -13617, 0, -709, 0, 24, -17, 0, 0, 646, 0, -2813], [163, 26, 58, 12032, 7959, 0, -181, 0, 21, 28, 0, 0, 552, 0, -15233], [6, 5, 11, 8137, 943, 0, -74, 0, -4, 0, 0, 0, 91, 0, 7904], [117, 5, 11, -7876, -11328, 0, -401, 0, -8, -13, 0, 0, 184, 0, -24501], [238, 6, 13, -4098, -17069, 0, -164, 0, 2, -9, 0, 0, 259, 0, -22203], [8, 36, 78, 8696, -37132, 0, -265, 0, -25, -24, 0, 0, 1067, 0, -21682], [61, 29, 62, -5693, -38940, 0, -451, 0, -8, -40, 0, 0, 977, 0, -51055], [555, 16, 34, -1110, 2914, 0, -850, 0, -12, 18, 0, 0, 278, 0, -6966], [25, 18, 38, 9422, -19271, 0, -383, 0, -9, 13, 0, 0, 492, 0, 3754], [81, 9443, 19724, -2191857, -2616324, 0, -75207, 0, -6777, -5087, 0, 0, 218211, 0, -9767217], [145, 20359, 42367, -2973344, -2103941, 0, 11644, 0, 348, 3638, 0, 0, 440298, 0, -6414514], [142, 14, 29, 1029, -11439, 0, -305, 0, -23, -7, 0, 0, 411, 0, -11155], [82, 15, 31, 4283, -3868, 0, -202, 0, -19, 14, 0, 0, 348, 0, -12630], [15, 1403, 2893, -131036, -389476, 0, -568, 0, -815, -357, 0, 0, 32295, 0, -749319], [157, 763, 1568, 173593, 35200, 0, 2705, 0, 402, 101, 0, 0, 15297, 0, -207665], [18, 3246, 6653, -36379, 899487, 0, -26022, 0, 67, 2260, 0, 0, 60266, 0, 776233], [236, 8360, 17116, 1383424, 3678648, 0, 79477, 0, -1872, 3787, 0, 0, 143904, 0, 5946801], [110, 1229, 2503, 26578, 60376, 0, 4985, 0, -139, 33, 0, 0, 24691, 0, 389751], [67, 5841, 11830, -1046497, -2874081, 0, -52929, 0, -792, 377, 0, 0, 141478, 0, -6051690], [136, 3, 6, 899, -7014, 0, -83, 0, 1, -8, 0, 0, 98, 0, -15328], [75, 2, 4, 9768, 3162, 0, 39, 0, -6, -3, 0, 0, 17, 0, -3104], [37, 11, 22, -10464, -19351, 0, -767, 0, -9, -19, 0, 0, 385, 0, -50136], [35, 2, 4, 343, -4332, 0, -164, 0, 0, 0, 0, 0, 74, 0, -6608], [2, 1, 2, 1982, 4943, 0, 71, 0, 4, 0, 0, 0, 0, 0, 2545], [245, 4, 8, 1633, 218, 0, -79, 0, 5, 4, 0, 0, 69, 0, -1999], [106, 2, 4, -87, 1361, 0, -66, 0, 12, 0, 0, 0, 28, 0, 12592], [41, 3, 6, 913, -2543, 0, -17, 0, 0, -10, 0, 0, 70, 0, 5874], [42, 34, 68, -502, -18494, 0, -365, 0, -25, 4, 0, 0, 785, 0, -15822], [120, 1, 2, -1006, -3967, 0, -45, 0, 1, -1, 0, 0, 43, 0, -8454], [89, 2, 4, -1682, -6904, 0, -129, 0, 0, -6, 0, 0, 92, 0, -193], [24, 3, 6,