{"primary_winrate_percent": 49.68542873393771, "matchups_top": 33.53658536585366, "matchups_jungle": 25.806451612903224, "matchups_mid": 41.901408450704224, "matchups_adc": 49.68542873393771, "matchups_support": 16.666666666666664, "roles": [3, 5, 4, 2, 1]}