{"primary_winrate_percent": 0.49685428733937714, "matchups_top": 0.3353658536585366, "matchups_jungle": 0.25806451612903225, "matchups_mid": 0.41901408450704225, "matchups_adc": 0.49685428733937714, "matchups_support": 0.16666666666666666, "roles": [3, 5, 4, 2, 1]}