{"primary_winrate_percent": 51.51210039915135, "winrate_top": 51.057401812688816, "winrate_jungle": 20.0, "winrate_mid": 51.51210039915135, "winrate_adc": 46.39865996649916, "winrate_support": 49.79332884744785, "roles": [5, 2, 3, 4, 1], "matchups_top": [[157, 5, 5], [23, 3, 3], [27, 4, 4], [104, 2, 2], [266, 2, 2], [126, 3, 3], [1, 2, 2], [83, 3, 3], [24, 7, 8], [150, 5, 6], [98, 6, 8], [133, 5, 7], [18, 2, 3], [86, 8, 13], [67, 6, 10], [114, 7, 12], [85, 4, 7], [8, 9, 16], [38, 1, 2], [112, 4, 8]], "matchups_jungle": [[32, 1, 1], [56, 1, 1], [60, 1, 1], [120, 1, 1], [121, 3, 3], [163, 1, 1], [64, 3, 4], [141, 1, 3]], "matchups_mid": [[91, 275, 493], [105, 436, 793], [55, 442, 822], [245, 298, 570], [142, 341, 655], [8, 444, 862], [127, 195, 380], [90, 417, 815], [131, 227, 447], [246, 306, 611], [157, 796, 1593], [103, 780, 1563], [38, 370, 744], [238, 586, 1185], [84, 438, 886], [3, 129, 262], [268, 121, 248], [115, 153, 314], [517, 88, 182], [61, 484, 1015]], "matchups_adc": [[29, 7, 9], [96, 10, 13], [134, 2, 3], [119, 12, 19], [51, 43, 69], [18, 14, 23], [202, 20, 33], [157, 3, 5], [236, 24, 40], [145, 54, 94], [222, 15, 27], [81, 33, 66], [67, 12, 25], [22, 23, 52], [498, 30, 68], [15, 3, 7], [21, 5, 12], [110, 4, 10], [518, 1, 3], [45, 0, 5]], "matchups_support": [[53, 709, 1286], [111, 729, 1332], [89, 691, 1294], [267, 560, 1050], [117, 500, 948], [40, 391, 745], [16, 335, 644], [432, 225, 435], [37, 126, 245], [26, 190, 370], [412, 1278, 2537], [9, 162, 323], [63, 257, 519], [35, 102, 207], [25, 781, 1596], [99, 355, 732], [555, 492, 1016], [497, 471, 978], [12, 132, 275], [143, 267, 560]]}