{"primary_winrate_percent": 0.5150862068965517, "matchups_top": 0.5047619047619047, "matchups_jungle": 0.14285714285714285, "matchups_mid": 0.5150862068965517, "matchups_adc": 0.46382189239332094, "matchups_support": 0.4979292267365662, "roles": [5, 2, 3, 4, 1]}