{"primary_winrate_percent": 51.508620689655174, "matchups_top": 50.476190476190474, "matchups_jungle": 14.285714285714285, "matchups_mid": 51.508620689655174, "matchups_adc": 46.38218923933209, "matchups_support": 49.79292267365662, "roles": [5, 2, 3, 4, 1]}