{"primary_winrate_percent": 0.5147380659280536, "matchups_top": 0.47099447513812154, "matchups_jungle": 0.5147380659280536, "matchups_mid": 0.44635193133047213, "matchups_adc": 0.45614035087719296, "matchups_support": 0.46511627906976744, "roles": [1, 4, 5, 2, 3]}