{"primary_winrate_percent": 51.47380659280536, "matchups_top": 47.09944751381215, "matchups_jungle": 51.47380659280536, "matchups_mid": 44.63519313304721, "matchups_adc": 45.614035087719294, "matchups_support": 46.51162790697674, "roles": [1, 4, 5, 2, 3]}