{"primary_winrate_percent": 51.45854736776564, "lane_winrates": {"1": 51.45854736776564, "2": 51.11111111111111, "3": 45.76271186440678, "4": 46.00262123197903, "5": 45.0199203187251}, "roles": [1, 4, 5, 2, 3], "matchups": {"1": [[429, 0, 2, 2194, -1688, 0, 12, 0, 20, -4, 0, 0, 37, 0, -2408], [34, 0, 1, -182, -1311, 0, 9, 0, -9, 1, 0, 0, 15, 0, -5430], [238, 0, 1, 159, 718, 0, 4, 0, 2, 0, 0, 0, 11, 0, -5095], [122, 0, 2, -2628, -3533, 0, 57, 0, -123, -2, 0, 0, 44, 0, -8326], [202, 0, 1, 25, -1344, 0, 18, 0, -12, -3, 0, 0, 19, 0, -2875], [44, 0, 1, -508, -1449, 0, -3, 0, 7, 0, 0, 0, 19, 0, -4718], [8, 0, 1, -2982, -2640, 0, 42, 0, -69, 0, 0, 0, 27, 0, -5893], [99, 0, 1, 205, -1056, 0, 3, 0, -12, -4, 0, 0, 17, 0, 4548], [1, 0, 4, -8600, -8529, 0, 7, 0, -150, -7, 0, 0, 73, 0, -39778], [69, 0, 1, 0, 0, 0, 0, 0, 0, -1, 0, 0, 0, 0, 0], [84, 0, 1, -1060, -2020, 0, 2, 0, 6, -1, 0, 0, 23, 0, -7186], [45, 0, 1, 663, 1902, 0, 17, 0, -20, 2, 0, 0, -5, 0, 1929], [91, 0, 2, -1099, -3215, 0, -10, 0, 12, -3, 0, 0, 45, 0, -4589], [43, 0, 1, -1530, -1547, 0, -7, 0, -16, -2, 0, 0, 20, 0, -1952], [114, 0, 2, -3993, -3534, 0, -16, 0, -11, -1, 0, 0, 50, 0, -6967], [89, 0, 2, -762, -1266, 0, -13, 0, -28, 1, 0, 0, 30, 0, -2531], [53, 0, 1, 0, 0, 0, 0, 0, 0, 0, 0, 0, 0, 0, 0], [142, 0, 1, -3323, -1621, 0, 9, 0, -72, 0, 0, 0, 19, 0, -8980], [105, 1, 12, -6400, -9540, 0, 7, 0, -135, -5, 0, 0, 179, 0, -42143], [555, 1, 5, -4531, -4789, 0, -15, 0, -80, -4, 0, 0, 83, 0, -9073], [27, 2, 10, 567, -3539, 0, 157, 0, -65, 0, 0, 0, 131, 0, -29006], [67, 2, 8, -7105, -9701, 0, -35, 0, -67, -7, 0, 0, 156, 0, -18747], [22, 1, 4, -2977, -5582, 0, 1, 0, -32, -6, 0, 0, 65, 0, -16141], [86, 11, 34, -541, -11264, 0, 160, 0, 8, -12, 0, 0, 424, 0, -94261], [63, 3, 9, 1272, -2058, 0, 24, 0, -14, -7, 0, 0, 96, 0, -18766], [13, 1, 3, 1244, 1144, 0, 19, 0, 21, -3, 0, 0, 25, 0, -1170], [240, 1, 3, -929, -181, 0, 2, 0, -52, -1, 0, 0, 35, 0, 7951], [145, 6, 17, -6614, -12326, 0, 42, 0, -92, -10, 0, 0, 259, 0, -56999], [92, 11, 30, -1269, -10372, 0, -18, 0, 178, -7, 0, 0, 369, 0, -16890], [111, 6, 16, -13405, -16378, 0, -7, 0, -203, -12, 0, 0, 292, 0, -27362], [246, 67, 174, -59701, -79404, 0, 47, 0, -1238, -19, 0, 0, 2281, 0, -95408], [266, 23, 58, -727, -16681, 0, -1, 0, 115, -28, 0, 0, 730, 0, -47592], [136, 2, 5, -1694, -2221, 0, 48, 0, -52, -5, 0, 0, 68, 0, -9624], [17, 4, 10, 3144, 1695, 0, 34, 0, -8, -2, 0, 0, 79, 0, 1176], [25, 2, 5, -495, -3939, 0, -2, 0, 23, 1, 0, 0, 86, 0, -17140], [133, 6, 15, -14532, -17731, 0, 100, 0, -391, 0, 0, 0, 267, 0, -78100], [57, 18, 45, -14370, -33913, 0, -49, 0, -97, -28, 0, 0, 698, 0, -60357], [157, 4, 10, -2124, -8400, 0, 2, 0, 24, -14, 0, 0, 131, 0, -31020], [4, 2, 5, -925, -2510, 0, 12, 0, -32, -2, 0, 0, 74, 0, -9362], [9, 84, 204, -25204, -80853, 0, 446, 0, -626, -71, 0, 0, 2668, 0, -182047], [131, 32, 77, -20147, -27314, 0, 129, 0, -122, -11, 0, 0, 994, 0, -109877], [81, 5, 12, -7788, -10510, 0, 5, 0, -53, -7, 0, 0, 204, 0, -23369], [517, 56, 134, -42198, -50785, 0, 142, 0, -774, -46, 0, 0, 1732, 0, -179495], [79, 326, 762, -101379, -292014, 0, -200, 0, -1819, -119, 0, 0, 10056, 0, -715012], [10, 3, 7, -2667, -5132, 0, 24, 0, -7, -2, 0, 0, 114, 0, -10446], [203, 161, 372, -19045, -16883, 0, 430, 0, 407, -49, 0, 0, 3902, 0, -243798], [82, 14, 32, -5349, -9889, 0, 64, 0, -14, -13, 0, 0, 409, 0, -60270], [23, 11, 25, 2113, -5556, 0, 76, 0, 213, 4, 0, 0, 275, 0, -9743], [31, 16, 36, -8113, -15262, 0, -11, 0, 9, -13, 0, 0, 446, 0, -58705], [62, 56, 125, -38655, -51858, 0, 86, 0, -462, -19, 0, 0, 1658, 0, -186041], [113, 100, 221, -76917, -141848, 0, -298, 0, -873, -76, 0, 0, 3304, 0, -284328], [102, 155, 337, 101107, -16432, 0, 1152, 0, 2369, -66, 0, 0, 3410, 0, -421309], [33, 162, 352, -93054, -174696, 0, -175, 0, -2198, -41, 0, 0, 4738, 0, -342096], [106, 115, 249, -32179, -49995, 0, 236, 0, -608, 23, 0, 0, 2869, 0, -137937], [76, 322, 694, 280164, 191263, 0, 393, 0, 6442, 75, 0, 0, 5468, 0, -37258], [163, 123, 265, 14955, -41513, 0, 521, 0, -423, -58, 0, 0, 2951, 0, -151472], [54, 202, 435, -88145, -193176, 0, 20, 0, -1517, -49, 0, 0, 5866, 0, -458283], [104, 337, 714, 234764, 187246, 0, 3807, 0, 3857, 91, 0, 0, 5444, 0, -230983], [64, 2307, 4878, 275734, 282850, 0, 925, 0, 2714, 603, 0, 0, 46671, 0, -1452220], [141, 819, 1725, 40687, -235148, 0, 1787, 0, 3635, -242, 0, 0, 18233, 0, -1842709], [28, 406, 853, 61904, -205593, 0, -1937, 0, 1641, -182, 0, 0, 9767, 0, -637404], [59, 780, 1627, -105733, -160347, 0, 391, 0, -2978, -166, 0, 0, 17565, 0, -461900], [427, 98, 203, 10913, -102382, 0, -564, 0, 403, -91, 0, 0, 2928, 0, -128674], [421, 246, 509, 110684, 121944, 0, -252, 0, 784, 55, 0, 0, 3980, 0, -27209], [60, 697, 1430, -226717, -293797, 0, -1080, 0, -6097, -87, 0, 0, 16522, 0, -312114], [107, 305, 625, 126989, 65250, 0, 1392, 0, 2629, 85, 0, 0, 5477, 0, -414976], [36, 238, 487, 158453, 35145, 0, 1199, 0, 5105, -63, 0, 0, 4572, 0, -381563], [154, 461, 943, -82375, -416250, 0, 339, 0, -5417, -89, 0, 0, 12645, 0, -644133], [80, 191, 389, -13613, 11472, 0, 350, 0, -956, 58, 0, 0, 3820, 0, -21486], [24, 301, 612, 67476, -16016, 0, 189, 0, 2697, 112, 0, 0, 6014, 0, -304982], [11, 580, 1175, 173915, 109048, 0, 1896, 0, 6177, -3, 0, 0, 10520, 0, -876465], [56, 346, 700, 238029, 186416, 0, 1538, 0, 4340, 131, 0, 0, 5472, 0, 137041], [35, 461, 931, -17868, 30386, 0, 123, 0, -3505, 227, 0, 0, 9009, 0, -253325], [29, 119, 239, -80110, -59493, 0, 660, 0, -3264, -83, 0, 0, 2747, 0, -163773], [164, 52, 104, -37924, -27166, 0, -25, 0, -1083, 2, 0, 0, 1133, 0, -11877], [143, 1, 2, -2524, -2416, 0, -4, 0, -14, -2, 0, 0, 41, 0, -8400], [7, 1, 2, -1877, -1208, 0, 30, 0, -49, 0, 0, 0, 28, 0, -4787], [222, 1, 2, -7548, -5869, 0, -4, 0, -81, -4, 0, 0, 49, 0, -20376], [96, 1, 2, -63, -402, 0, 1, 0, 16, 0, 0, 0, 21, 0, -3375], [127, 1, 2, -1565, -2214, 0, -11, 0, -13, -1, 0, 0, 37, 0, -8036], [516, 2, 4, -1614, -3290, 0, 8, 0, -15, -2, 0, 0, 66, 0, -9452], [48, 44, 87, -19251, -21286, 0, -49, 0, -53, 29, 0, 0, 1078, 0, -84752], [30, 262, 514, 246227, 44586, 0, 1783, 0, 5396, -176, 0, 0, 4612, 0, -158201], [254, 438, 859, 126541, -32971, 0, -272, 0, 3830, -128, 0, 0, 8636, 0, -257927], [20, 247, 484, -50020, -175661, 0, 1317, 0, -1051, -147, 0, 0, 6228, 0, -283433], [120, 518, 1014, 238556, 222497, 0, 1603, 0, 3907, 116, 0, 0, 8140, 0, -30099], [121, 1085, 2118, 246235, 121101, 0, -987, 0, 4733, 851, 0, 0, 19259, 0, -907183], [245, 960, 1857, 151135, -133829, 0, 4089, 0, -1802, 47, 0, 0, 18860, 0, -1132863], [78, 45, 87, 8474, 9161, 0, 25, 0, -54, 19, 0, 0, 829, 0, -31547], [72, 55, 106, -7694, -40384, 0, -85, 0, 256, -10, 0, 0, 1371, 0, -81939], [2, 311, 599, 278273, 306361, 0, 1268, 0, 5412, 317, 0, 0, 3613, 0, 209061], [32, 231, 443, -32613, -180088, 0, 115, 0, 46, -142, 0, 0, 5667, 0, -375551], [19, 317, 604, 53830, 65125, 0, 26, 0, 483, 163, 0, 0, 5600, 0, -203371], [518, 4, 7, -3934, -4435, 0, 25, 0, -16, -3, 0, 0, 112, 0, -5884], [14, 4, 7, -4598, -3158, 0, 1, 0, -79, 1, 0, 0, 81, 0, -12595], [77, 140, 242, 83081, 58828, 0, -256, 0, 2450, 26, 0, 0, 1929, 0, 173842], [98, 10, 16, -4654, -4262, 0, -43, 0, 62, 2, 0, 0, 222, 0, 1754], [68, 15, 23, 5449, 4181, 0, 148, 0, 49, -2, 0, 0, 201, 0, 25538], [236, 2, 3, 243, -1601, 0, 7, 0, -21, -3, 0, 0, 40, 0, -8367], [75, 10, 15, -3344, -3826, 0, -2, 0, 84, -1, 0, 0, 206, 0, 21887], [18, 4, 6, -2872, -4872, 0, 7, 0, -46, -2, 0, 0, 95, 0, -15311], [58, 2, 3, -47, 463, 0, 2, 0, -17, 3, 0, 0, 20, 0, 4852], [223, 4, 6, -1049, -613, 0, -43, 0, 2, 8, 0, 0, 55, 0, 3680], [12, 2, 3, -1946, -3055, 0, 3, 0, -52, 1, 0, 0, 47, 0, 1025], [6, 8, 11, 6112, 5094, 0, 45, 0, 55, 8, 0, 0, 41, 0, 7997], [39, 1, 1, 1762, 1666, 0, -3, 0, 19, 1, 0, 0, -3, 0, 832], [83, 2, 2, 217, -242, 0, 23, 0, 2, 0, 0, 0, 9, 0, -4668], [126, 2, 2, -340, 1271, 0, -1, 0, -8, 2, 0, 0, 4, 0, 3865], [3, 1, 1, 830, 1865, 0, 5, 0, -8, 2, 0, 0, -3, 0, 6340]],