{"primary_winrate_percent": 51.48548911683763, "winrate_top": 47.306176084099874, "winrate_jungle": 51.48548911683763, "winrate_mid": 45.6, "winrate_adc": 45.0, "winrate_support": 46.93877551020408, "roles": [1, 4, 5, 2, 3], "matchups_top": [[74, 4, 4], [24, 12, 16], [106, 3, 4], [75, 6, 8], [420, 5, 7], [6, 7, 10], [133, 4, 6], [83, 4, 6], [157, 14, 22], [92, 16, 26], [58, 14, 23], [85, 9, 15], [68, 6, 10], [14, 4, 7], [114, 17, 30], [82, 14, 25], [31, 6, 11], [98, 6, 11], [164, 6, 11], [122, 22, 41]], "matchups_jungle": [[77, 138, 245], [32, 231, 435], [19, 314, 608], [245, 943, 1831], [120, 517, 1009], [121, 1089, 2126], [254, 438, 856], [20, 236, 462], [2, 299, 587], [35, 466, 921], [80, 186, 370], [107, 313, 628], [30, 257, 516], [11, 565, 1147], [154, 463, 941], [36, 234, 476], [24, 302, 617], [56, 345, 705], [28, 414, 855], [60, 666, 1376]], "matchups_mid": [[92, 2, 2], [112, 3, 3], [115, 2, 2], [10, 2, 2], [245, 2, 2], [161, 3, 3], [81, 2, 2], [105, 5, 5], [68, 3, 4], [4, 6, 9], [80, 4, 6], [268, 2, 3], [39, 2, 3], [103, 5, 8], [7, 3, 5], [131, 7, 12], [18, 4, 7], [45, 6, 11], [238, 11, 21], [38, 7, 14]], "matchups_adc": [[15, 1, 1], [18, 1, 1], [29, 1, 1], [51, 3, 3], [96, 2, 2], [99, 1, 1], [142, 1, 1], [202, 3, 3], [429, 1, 1], [22, 2, 3], [67, 4, 7], [81, 2, 4], [498, 3, 6], [145, 7, 15], [119, 1, 3], [21, 0, 2], [110, 0, 1], [157, 0, 1], [222, 0, 2], [236, 0, 2]], "matchups_support": [[16, 1, 1], [17, 1, 1], [26, 2, 2], [35, 1, 1], [40, 1, 1], [44, 2, 2], [50, 1, 1], [99, 1, 1], [350, 1, 1], [111, 5, 6], [412, 3, 5], [25, 1, 2], [117, 2, 4], [161, 1, 2], [432, 1, 2], [497, 1, 3], [63, 1, 4], [43, 0, 2], [53, 0, 3], [89, 0, 2]]}