{"primary_winrate_percent": 49.136890194158916, "winrate_top": 48.62620812488541, "winrate_jungle": 38.2306477093207, "winrate_mid": 49.136890194158916, "winrate_adc": 50.071317829457364, "winrate_support": 33.746130030959755, "roles": [5, 4, 3, 1, 2], "matchups_top": [[240, 366, 634], [24, 759, 1350], [78, 223, 399], [54, 414, 742], [58, 902, 1619], [23, 428, 779], [98, 425, 777], [80, 434, 795], [31, 256, 473], [86, 1018, 1885], [85, 290, 538], [41, 695, 1293], [68, 199, 371], [14, 187, 349], [82, 736, 1379], [164, 468, 880], [122, 956, 1798], [57, 171, 322], [107, 145, 275], [83, 218, 414]], "matchups_jungle": [[30, 5, 5], [2, 9, 10], [9, 6, 7], [54, 7, 9], [24, 10, 13], [36, 3, 4], [121, 34, 47], [29, 7, 10], [107, 11, 16], [120, 11, 16], [254, 11, 16], [113, 4, 6], [60, 9, 14], [35, 18, 28], [154, 7, 11], [59, 15, 24], [33, 5, 8], [76, 10, 16], [28, 16, 26], [203, 3, 5]], "matchups_mid": [[136, 387, 643], [58, 905, 1558], [90, 1856, 3287], [105, 2573, 4658], [80, 925, 1678], [92, 356, 659], [82, 455, 847], [1, 1279, 2388], [127, 1110, 2073], [86, 456, 852], [54, 462, 864], [112, 1186, 2219], [69, 807, 1517], [91, 1789, 3382], [45, 1897, 3588], [131, 1376, 2623], [8, 2428, 4637], [10, 713, 1371], [238, 4338, 8348], [245, 1493, 2887]], "matchups_adc": [[29, 100, 171], [15, 130, 228], [22, 748, 1403], [96, 87, 164], [498, 822, 1583], [222, 509, 1004], [51, 765, 1509], [67, 554, 1094], [18, 255, 504], [202, 468, 926], [236, 655, 1309], [119, 231, 469], [145, 1373, 2797], [21, 241, 511], [74, 40, 85], [81, 721, 1623], [110, 79, 181]], "matchups_support": [[12, 3, 3], [9, 4, 4], [43, 3, 3], [63, 6, 6], [16, 7, 8], [111, 20, 23], [26, 4, 5], [53, 11, 14], [40, 7, 9], [25, 23, 30], [35, 3, 4], [555, 19, 26], [89, 12, 17], [267, 14, 20], [99, 9, 13], [518, 2, 3], [143, 4, 6], [497, 7, 12], [117, 14, 25], [350, 7, 13]]}