{"primary_winrate_percent": 0.4915209280118831, "matchups_top": 0.48604479308776716, "matchups_jungle": 0.3733108108108108, "matchups_mid": 0.4915209280118831, "matchups_adc": 0.49986611326817515, "matchups_support": 0.3431372549019608, "roles": [5, 4, 3, 1, 2]}