{"primary_winrate_percent": 49.15209280118831, "matchups_top": 48.60447930877672, "matchups_jungle": 37.33108108108108, "matchups_mid": 49.15209280118831, "matchups_adc": 49.98661132681752, "matchups_support": 34.31372549019608, "roles": [5, 4, 3, 1, 2]}