{"primary_winrate_percent": 52.36535311687061, "lane_winrates": {"1": 47.651006711409394, "2": 26.923076923076923, "3": 44.44444444444444, "4": 52.36535311687061, "5": 51.181102362204726}, "roles": [4, 5, 1, 2, 3], "matchups": {"1": [[62, 0, 2, -1536, -1726, 0, -16, 0, -35, -1, 0, 0, 32, 0, -10577], [517, 0, 1, -1117, -642, 0, -19, 0, -22, 0, 0, 0, 16, 0, -5580], [427, 0, 1, -237, -801, 0, -9, 0, -3, 0, 0, 0, 20, 0, -4765], [78, 0, 2, -728, 485, 0, -5, 0, -33, 0, 0, 0, 15, 0, -6485], [67, 0, 1, 89, -796, 0, 16, 0, -15, -1, 0, 0, 15, 0, -1115], [76, 0, 2, -686, 987, 0, -16, 0, -9, 3, 0, 0, 10, 0, -7446], [32, 0, 1, -1563, -1213, 0, -3, 0, -25, -2, 0, 0, 19, 0, -36], [113, 0, 1, -159, -500, 0, -4, 0, 14, 0, 0, 0, 15, 0, -826], [5, 0, 2, -217, 242, 0, -23, 0, -2, 0, 0, 0, 30, 0, 4668], [54, 0, 1, 282, -304, 0, 2, 0, -4, 0, 0, 0, 12, 0, -1553], [203, 0, 1, 301, 663, 0, 5, 0, -5, 2, 0, 0, 3, 0, -7459], [31, 0, 1, 1462, 822, 0, 7, 0, 16, -1, 0, 0, 5, 0, -1664], [80, 0, 2, -3843, -2673, 0, -25, 0, -46, -5, 0, 0, 46, 0, -8848], [28, 0, 3, -3460, -4024, 0, -34, 0, -53, -4, 0, 0, 57, 0, -12872], [35, 2, 6, -394, 2464, 0, 21, 0, -151, 2, 0, 0, 14, 0, -10596], [59, 3, 7, -4304, -6827, 0, -59, 0, -24, -5, 0, 0, 121, 0, -10535], [121, 7, 15, -995, 284, 0, -145, 0, -28, 2, 0, 0, 148, 0, -11170], [11, 3, 6, 2208, 2762, 0, -18, 0, 47, 0, 0, 0, 39, 0, 2235], [254, 3, 6, 1719, 124, 0, 18, 0, -15, 4, 0, 0, 30, 0, 13797], [421, 1, 2, -1091, -1095, 0, -9, 0, -41, 0, 0, 0, 29, 0, -1822], [120, 1, 2, 1151, 1628, 0, -4, 0, 14, 1, 0, 0, 2, 0, 6894], [60, 1, 2, 2114, 2630, 0, 1, 0, -11, 4, 0, 0, -3, 0, 6258], [9, 1, 2, 684, -1067, 0, 10, 0, -11, -2, 0, 0, 35, 0, -255], [72, 1, 2, -874, -406, 0, -12, 0, 17, 0, 0, 0, 24, 0, 6525], [56, 2, 4, 2028, 1673, 0, -13, 0, 24, 3, 0, 0, 27, 0, 5274], [107, 2, 4, 3004, 3264, 0, 12, 0, 16, 2, 0, 0, 19, 0, 1526], [24, 1, 2, -1123, -1568, 0, -6, 0, -51, -2, 0, 0, 36, 0, -7577], [30, 1, 2, 3559, 3616, 0, 22, 0, 12, 1, 0, 0, -9, 0, -1286], [64, 14, 24, 467, 11464, 0, -120, 0, -12, 2, 0, 0, 195, 0, 43594], [20, 2, 3, 90, 575, 0, 2, 0, -21, -1, 0, 0, 23, 0, 5467], [29, 2, 3, -4028, -659, 0, -37, 0, -54, 0, 0, 0, 37, 0, 6231], [245, 7, 10, 1415, 2505, 0, -38, 0, -4, 4, 0, 0, 80, 0, 27171], [141, 5, 7, 181, 1211, 0, -73, 0, 76, 2, 0, 0, 48, 0, 18118], [154, 3, 3, -1066, -1924, 0, -27, 0, -8, -1, 0, 0, 43, 0, 23613], [79, 1, 1, 1309, 449, 0, 4, 0, 25, 1, 0, 0, 4, 0, 5188], [36, 1, 1, 1463, 561, 0, 2, 0, 28, -2, 0, 0, 11, 0, 1837], [2, 3, 3, 3338, 5541, 0, -2, 0, 63, 6, 0, 0, -5, 0, 19167], [33, 1, 1, 1850, 1089, 0, -6, 0, 10, 1, 0, 0, 0, 0, 2846], [86, 1, 1, -2619, -1893, 0, -2, 0, -48, -3, 0, 0, 29, 0, -3647], [19, 4, 4, 5975, 7305, 0, 49, 0, 68, 5, 0, 0, -16, 0, 14098], [14, 1, 1, 834, 1351, 0, 11, 0, -29, 0, 0, 0, -2, 0, 1484], [131, 1, 1, 356, 726, 0, 5, 0, 8, 0, 0, 0, 4, 0, -303], [77, 2, 2, 2118, 1218, 0, -8, 0, 56, 0, 0, 0, 4, 0, 6502], [516, 1, 1, 75, -278, 0, 1, 0, 11, -1, 0, 0, 12, 0, 4053]], "2": [[497, 0, 1, -194, -625, 0, -25, 0, 0, -1, 0, 0, 22, 0, -295], [111, 0, 1, -685, -210, 0, -7, 0, 0, 0, 0, 0, 12, 0, -4805], [44, 0, 1, 921, 1355, 0, -31, 0, -4, 1, 0, 0, 0, 0, 4630], [12, 0, 1, -2494, -2264, 0, -37, 0, 0, 0, 0, 0, 23, 0, -7535], [555, 1, 2, 873, 1564, 0, -26, 0, 0, 3, 0, 0, 11, 0, 8310], [25, 1, 2, 1454, 3271, 0, -19, 0, 0, 0, 0, 0, 2, 0, 11463], [89, 2, 3, 472, -1879, 0, -27, 0, -8, -2, 0, 0, 40, 0, -5937], [267, 1, 1, 1384, 1390, 0, -7, 0, 0, 1, 0, 0, -1, 0, 1889], [201, 2, 2, 353, -1075, 0, -76, 0, 0, -1, 0, 0, 30, 0, 3431], [143, 4, 4, -1980, 413, 0, -94, 0, 0, -1, 0, 0, 38, 0, 12415], [117, 1, 1, 2075, 2141, 0, -6, 0, 0, 0, 0, 0, 0, 0, 10020], [99, 1, 1, -840, -279, 0, -17, 0, 0, 0, 0, 0, 12, 0, 259], [63, 2, 2, 1487, 1516, 0, -47, 0, 0, 3, 0, 0, 6, 0, 11701], [43, 1, 1, -10, 253, 0, -10, 0, 0, 0, 0, 0, 8, 0, 3916], [40, 2, 2, -1069, -1116, 0, -122, 0, 0, 0, 0, 0, 22, 0, 19421], [37, 1, 1, -223, 60, 0, -28, 0, 0, 1, 0, 0, 9, 0, 5451]], "3": [[498, 0, 1, -344, -2441, 0, -3, 0, 0, -3, 0, 0, 31, 0, 65], [119, 0, 1, 494, 581, 0, 12, 0, 0, 1, 0, 0, 6, 0, -7740], [110, 0, 1, -51, -567, 0, 8, 0, 0, -1, 0, 0, 25, 0, -471], [236, 1, 2, 1197, 1505, 0, 88, 0, 0, 0, 0, 0, 3, 0, 4890], [222, 1, 2, -253, -743, 0, 11, 0, 0, -2, 0, 0, 28, 0, 3737], [81, 2, 4, 374, 2768, 0, 19, 0, -3, 2, 0, 0, 17, 0, 6952], [22, 1, 2, -525, -1905, 0, -4, 0, -4, -1, 0, 0, 37, 0, -650], [145, 2, 2, 2201, 5515, 0, 84, 0, 0, 2, 0, 0, -7, 0, 14044], [51, 2, 2, 922, 4465, 0, 72, 0, 4, 3, 0, 0, -18, 0, 9629], [18, 1, 1, 1428, 3547, 0, 30, 0, -4, 0, 0, 0, -8, 0, 9474]],