{"primary_winrate_percent": 0.5239389504495087, "matchups_top": 0.5239389504495087, "matchups_jungle": 0.46099290780141844, "matchups_mid": 0.532, "matchups_adc": 0.45454545454545453, "matchups_support": 0.3181818181818182, "roles": [4, 5, 1, 2, 3]}