{"primary_winrate_percent": 52.40541578644133, "winrate_top": 52.40541578644133, "winrate_jungle": 46.0, "winrate_mid": 53.03030303030303, "winrate_adc": 45.45454545454545, "winrate_support": 29.166666666666668, "roles": [4, 5, 1, 2, 3], "matchups_top": [[23, 234, 419], [6, 209, 386], [24, 374, 701], [54, 174, 331], [98, 252, 483], [67, 119, 229], [58, 448, 865], [10, 650, 1256], [133, 89, 172], [240, 181, 352], [57, 94, 187], [27, 94, 189], [82, 455, 916], [86, 596, 1225], [114, 425, 881], [164, 185, 385], [122, 605, 1266], [157, 197, 413], [420, 141, 297], [78, 83, 175]], "matchups_jungle": [[516, 1, 1], [77, 2, 2], [131, 1, 1], [14, 1, 1], [57, 1, 1], [19, 5, 5], [86, 1, 1], [72, 1, 1], [33, 1, 1], [2, 2, 2], [79, 1, 1], [154, 2, 2], [141, 5, 7], [245, 7, 10], [107, 2, 3], [29, 2, 3], [64, 15, 25], [121, 7, 13], [59, 4, 8], [30, 1, 2]], "matchups_mid": [[61, 4, 4], [81, 2, 2], [131, 3, 4], [10, 6, 8], [38, 10, 14], [8, 15, 21], [127, 2, 3], [58, 2, 3], [74, 2, 3], [41, 2, 3], [13, 4, 6], [112, 1, 2], [134, 2, 4], [54, 1, 2], [86, 1, 2], [55, 4, 8], [69, 1, 2], [99, 1, 2], [161, 1, 2], [136, 1, 2]], "matchups_adc": [[18, 1, 1], [22, 1, 1], [51, 3, 3], [63, 1, 1], [145, 2, 3], [81, 2, 4], [222, 1, 2], [236, 1, 3], [21, 0, 1], [110, 0, 1], [119, 0, 1], [498, 0, 1]], "matchups_support": [[40, 2, 2], [43, 1, 1], [63, 2, 2], [99, 1, 1], [143, 4, 4], [201, 1, 1], [267, 1, 1], [89, 2, 3], [25, 1, 2], [117, 1, 2], [555, 1, 2], [44, 0, 1], [111, 0, 1], [497, 0, 1]]}