{"primary_winrate_percent": 52.39389504495087, "matchups_top": 52.39389504495087, "matchups_jungle": 46.09929078014184, "matchups_mid": 53.2, "matchups_adc": 45.45454545454545, "matchups_support": 31.818181818181817, "roles": [4, 5, 1, 2, 3]}