{"primary_winrate_percent": 41.146024585147494, "winrate_top": 17.77777777777778, "winrate_jungle": 15.686274509803921, "winrate_mid": 25.0, "winrate_adc": 41.272965879265094, "winrate_support": 41.146024585147494, "roles": [2, 3, 1, 5, 4], "matchups_top": [[8, 1, 1], [10, 3, 3], [13, 1, 1], [14, 1, 1], [27, 1, 1], [31, 1, 1], [54, 2, 2], [57, 1, 1], [58, 1, 1], [68, 1, 1], [80, 3, 3], [82, 2, 2], [84, 2, 2], [85, 2, 2], [92, 1, 1], [112, 1, 1], [122, 1, 1], [157, 2, 2], [240, 1, 1], [517, 1, 1]], "matchups_jungle": [[2, 1, 1], [5, 1, 1], [20, 1, 1], [28, 2, 2], [32, 1, 1], [36, 1, 1], [54, 2, 2], [59, 2, 2], [76, 1, 1], [79, 1, 1], [104, 1, 1], [106, 1, 1], [113, 2, 2], [121, 1, 1], [141, 5, 5], [154, 1, 1], [203, 3, 3], [64, 9, 10], [60, 3, 4], [245, 3, 4]], "matchups_mid": [[3, 1, 1], [4, 2, 2], [7, 1, 1], [10, 1, 1], [13, 1, 1], [25, 1, 1], [31, 1, 1], [39, 2, 2], [50, 1, 1], [54, 1, 1], [68, 1, 1], [84, 3, 3], [91, 2, 2], [99, 1, 1], [157, 3, 3], [245, 1, 1], [246, 1, 1], [555, 1, 1], [61, 4, 5], [103, 3, 4]], "matchups_adc": [[157, 6, 8], [22, 103, 152], [119, 28, 43], [15, 11, 17], [18, 30, 47], [67, 81, 127], [29, 12, 19], [498, 100, 159], [21, 26, 42], [222, 62, 102], [236, 67, 115], [96, 15, 26], [145, 148, 264], [81, 60, 110], [51, 78, 151], [202, 35, 70], [110, 8, 17], [74, 4, 12]], "matchups_support": [[111, 2619, 4155], [40, 1550, 2488], [53, 2235, 3644], [267, 2293, 3743], [54, 246, 402], [89, 2205, 3661], [412, 4152, 6911], [44, 200, 333], [26, 530, 893], [117, 2006, 3386], [12, 475, 802], [432, 703, 1189], [16, 1109, 1880], [50, 657, 1134], [9, 478, 829], [497, 1794, 3114], [555, 1848, 3213], [99, 988, 1733], [43, 808, 1421], [37, 445, 784]]}