{"primary_winrate_percent": 41.049192996013275, "lane_winrates": {"1": 16.666666666666664, "2": 41.049192996013275, "3": 41.66117336849044, "4": 18.181818181818183, "5": 26.53061224489796}, "roles": [2, 3, 1, 5, 4], "matchups": {"1": [[107, 0, 1, 3091, 3308, 0, 5, 0, 102, 0, 0, 0, -23, 0, 4383], [80, 0, 1, 2643, 2759, 0, -3, 0, 79, 0, 0, 0, -12, 0, 4494], [56, 0, 1, 2112, 2440, 0, 13, 0, 15, 3, 0, 0, -12, 0, -694], [35, 0, 1, 493, 457, 0, 1, 0, 64, 0, 0, 0, 0, 0, -1235], [11, 0, 1, 1422, 2057, 0, -3, 0, 100, 0, 0, 0, -10, 0, 4107], [60, 2, 3, 3454, 5005, 0, 4, 0, 99, 0, 0, 0, -6, 0, 13644], [245, 3, 4, 5286, 8737, 0, 1, 0, 237, -1, 0, 0, -6, 0, 19853], [64, 10, 11, 23489, 31413, 0, 26, 0, 694, 8, 0, 0, -59, 0, 102053], [421, 1, 1, 3318, 3366, 0, -2, 0, 101, 0, 0, 0, -7, 0, 11075], [203, 3, 3, 4141, 6621, 0, 8, 0, 176, 2, 0, 0, -16, 0, 10648], [141, 5, 5, 12405, 15750, 0, 67, 0, 295, 6, 0, 0, -29, 0, 49383], [121, 1, 1, 2215, 2879, 0, 3, 0, 76, 2, 0, 0, -4, 0, 10170], [113, 2, 2, 3803, 5216, 0, -18, 0, 168, 1, 0, 0, -3, 0, 25513], [106, 1, 1, 1986, 3843, 0, -6, 0, 84, 1, 0, 0, -9, 0, 9822], [104, 1, 1, 2700, 3416, 0, 8, 0, 84, 3, 0, 0, -9, 0, 8842], [79, 1, 1, 1245, 1919, 0, 4, 0, 43, 0, 0, 0, -7, 0, 5168], [76, 1, 1, 1452, 3557, 0, -5, 0, 80, 3, 0, 0, -2, 0, 15777], [59, 2, 2, 424, 1000, 0, -4, 0, 60, -1, 0, 0, 2, 0, 7322], [54, 1, 1, 0, 0, 0, 0, 0, 0, 0, 0, 0, 0, 0, 0], [36, 1, 1, 4115, 4251, 0, 20, 0, 92, 0, 0, 0, -24, 0, 3105], [32, 1, 1, 4141, 4359, 0, 7, 0, 84, 1, 0, 0, -11, 0, 10100], [28, 2, 2, 5139, 7527, 0, 0, 0, 152, 4, 0, 0, -29, 0, 14651], [20, 1, 1, 1594, 1537, 0, -5, 0, 92, 0, 0, 0, 0, 0, 8581], [2, 1, 1, 3639, 3310, 0, -1, 0, 120, 0, 0, 0, 0, 0, 20032]], "2": [[11, 0, 1, 721, 64, 0, 10, 0, 39, -1, 0, 0, 9, 0, -3193], [254, 0, 2, 601, 88, 0, 27, 0, 0, -1, 0, 0, 20, 0, -251], [122, 0, 4, 1339, 1719, 0, 85, 0, 0, 3, 0, 0, 17, 0, -1722], [84, 0, 2, -1767, -3694, 0, 64, 0, 0, -4, 0, 0, 42, 0, -10091], [266, 0, 1, 795, 872, 0, 16, 0, 4, 0, 0, 0, 2, 0, -249], [119, 0, 1, -2442, -1743, 0, 27, 0, 4, 0, 0, 0, 21, 0, -8757], [6, 0, 3, -1305, -272, 0, 28, 0, 0, 1, 0, 0, 28, 0, -9097], [41, 0, 3, -737, -340, 0, 45, 0, 0, 0, 0, 0, 28, 0, -3934], [91, 0, 1, -621, -766, 0, 12, 0, 0, 0, 0, 0, 16, 0, 3712], [121, 0, 1, 216, 1646, 0, 17, 0, 0, 0, 0, 0, -6, 0, 1015], [19, 0, 2, 1153, 369, 0, 47, 0, 0, 1, 0, 0, 24, 0, -15718], [56, 0, 1, 754, 1507, 0, 32, 0, 0, 0, 0, 0, 1, 0, -2584], [114, 0, 1, -2381, -2272, 0, 5, 0, 0, 0, 0, 0, 17, 0, -18261], [27, 0, 3, -1489, -1976, 0, 55, 0, 0, 0, 0, 0, 46, 0, -18323], [24, 0, 2, -679, -1816, 0, 42, 0, 0, -1, 0, 0, 38, 0, 81], [102, 0, 1, -470, 314, 0, -1, 0, 0, 1, 0, 0, 8, 0, -48], [105, 1, 5, -2658, -150, 0, 69, 0, 2, -2, 0, 0, 50, 0, -18885], [240, 1, 5, -1492, -357, 0, 94, 0, 0, 2, 0, 0, 41, 0, -11831], [238, 1, 4, 134, 95, 0, 115, 0, 23, -1, 0, 0, 31, 0, -500], [36, 1, 4, -3796, -4182, 0, 49, 0, 4, -1, 0, 0, 83, 0, -13195], [82, 3, 11, -3667, -4238, 0, 230, 0, -4, 3, 0, 0, 145, 0, -22273], [517, 2, 7, -2586, 417, 0, 64, 0, 4, -2, 0, 0, 69, 0, -12469], [90, 8, 26, -566, 3512, 0, 228, 0, 0, -5, 0, 0, 230, 0, 9106], [75, 1, 3, -2154, -2939, 0, 35, 0, 2, -3, 0, 0, 59, 0, -11486], [32, 3, 9, -2590, -2036, 0, 184, 0, 0, 0, 0, 0, 107, 0, 707], [112, 1, 3, -1368, 257, 0, 18, 0, 0, -1, 0, 0, 31, 0, 1014], [142, 12, 36, -6979, 3693, 0, 388, 0, 3, 3, 0, 0, 335, 0, -20002], [4, 4, 11, 1047, 5620, 0, 85, 0, -1, 6, 0, 0, 57, 0, 12449], [86, 3, 8, -316, 2544, 0, 420, 0, 0, -5, 0, 0, 41, 0, -7286], [516, 18, 47, -232, -6303, 0, 1053, 0, 8, -9, 0, 0, 500, 0, 1942], [69, 2, 5, 428, 3085, 0, 136, 0, 0, 3, 0, 0, 20, 0, -3699], [60, 2, 5, 652, 3719, 0, 44, 0, 0, 1, 0, 0, 17, 0, 1840], [107, 3, 7, 1621, 2095, 0, 123, 0, 4, 4, 0, 0, 41, 0, 4380], [22, 31, 72, -22515, 10016, 0, 455, 0, 18, -8, 0, 0, 613, 0, 5495], [134, 10, 23, -9207, 4655, 0, 229, 0, 12, -2, 0, 0, 190, 0, 8285], [164, 4, 9, -2067, 140, 0, 166, 0, 0, -1, 0, 0, 97, 0, 5248], [427, 9, 20, -11188, -10588, 0, 40, 0, 54, -5, 0, 0, 279, 0, -12917], [21, 71, 154, -19896, 60072, 0, 1319, 0, 5, -10, 0, 0, 1033, 0, 61983], [157, 6, 13, 3826, 6594, 0, 528, 0, 12, 4, 0, 0, 86, 0, 4564], [223, 55, 118, -17718, -11881, 0, 2359, 0, 20, -14, 0, 0, 1232, 0, 30097], [78, 43, 92, 5991, 21673, 0, 1812, 0, 0, 1, 0, 0, 776, 0, 113167], [34, 15, 32, 1672, 10863, 0, 262, 0, 36, -4, 0, 0, 265, 0, 35031], [61, 11, 23, -4563, -2899, 0, 101, 0, 0, -5, 0, 0, 290, 0, -3147], [59, 11, 23, 1023, 8755, 0, 265, 0, 40, 1, 0, 0, 146, 0, 34284], [74, 12, 25, -1342, 10657, 0, 339, 0, 16, 3, 0, 0, 171, 0, 39955], [115, 13, 27, -1768, 14303, 0, 333, 0, 2, 5, 0, 0, 167, 0, 17694], [236, 1, 2, -74, 773, 0, 13, 0, 5, 3, 0, 0, 8, 0, 6607], [68, 2, 4, -964, 1311, 0, 60, 0, 4, -1, 0, 0, 32, 0, 4552], [150, 1, 2, -88, -383, 0, 15, 0, 4, 3, 0, 0, 19, 0, -2728], [76, 4, 8, -5027, 616, 0, 17, 0, 5, -1, 0, 0, 83, 0, 18733], [104, 1, 2, 1096, 2581, 0, 37, 0, 28, 0, 0, 0, -1, 0, 78], [55, 2, 4, 3176, 4842, 0, 109, 0, 4, 6, 0, 0, 10, 0, 13997], [30, 4, 8, -2209, 2080, 0, 86, 0, 4, -1, 0, 0, 56, 0, -9398], [154, 26, 51, 3518, 13366, 0, 947, 0, 0, -6, 0, 0, 401, 0, 6484], [518, 94, 183, 17322, 100517, 0, 1587, 0, 73, 12, 0, 0, 1022, 0, 221508], [45, 148, 285, -33349, 70385, 0, 1931, 0, 28, 21, 0, 0, 2258, 0, 49369], [1, 98, 187, -11881, 40650, 0, 983, 0, 53, 16, 0, 0, 1577, 0, 86476], [17, 49, 93, -37679, -7660, 0, 566, 0, 42, -25, 0, 0, 938, 0, -42401], [64, 9, 17, 1701, 1846, 0, 291, 0, 95, -9, 0, 0, 159, 0, 26086], [35, 265, 493, -104718, 82105, 0, 2594, 0, 199, 6, 0, 0, 4106, 0, 250400], [79, 58, 107, -8515, 11212, 0, 872, 0, 12, -11, 0, 0, 1037, 0, 130165], [48, 6, 11, -3875, -3700, 0, 196, 0, 0, 2, 0, 0, 140, 0, -27106], [127, 6, 11, -1336, 2097, 0, 74, 0, 0, -4, 0, 0, 99, 0, 1357], [201, 446, 815, 17298, -78357, 0, 15292, 0, 42, -158, 0, 0, 8966, 0, 586333], [80, 43, 78, -192, 36071, 0, 1327, 0, 54, -8, 0, 0, 504, 0, 150553], [101, 352, 634, 73258, 348159, 0, 4716, 0, 87, -11, 0, 0, 3744, 0, 1028938], [63, 697, 1249, -87936, 525521, 0, 7684, 0, 513, -99, 0, 0, 8374, 0, 1707346], [161, 393, 701, 39508, 329594, 0, 5581, 0, 113, 11, 0, 0, 4342, 0, 953873], [25, 2061, 3662, -99644, 1155573, 0, 18020, 0, 691, -165, 0, 0, 28099, 0, 4029651], [106, 70, 124, 28815, 51674, 0, 2600, 0, 44, 3, 0, 0, 894, 0, 254213], [37, 434, 766, -146505, 77883, 0, 1250, 0, 24, -71, 0, 0, 6898, 0, 236944], [43, 789, 1388, -28815, 319756, 0, 6233, 0, 190, -121, 0, 0, 11780, 0, 1590145], [99, 984, 1729, -5988, 662282, 0, 10040, 0, 172, 82, 0, 0, 12089, 0, 2007730], [143, 654, 1149, 3437, 588348, 0, 9320, 0, 319, -2, 0, 0, 6967, 0, 1593564], [98, 106, 186, 5568, 8506, 0, 3798, 0, 22, -39, 0, 0, 1780, 0, 108206], [497, 1782, 3096, -162824, 284966, 0, 4409, 0, 135, -531, 0, 0, 29080, 0, 2008704], [9, 481, 833, 9400, 326418, 0, 6759, 0, 271, -19, 0, 0, 5769, 0, 1028450], [555, 1836, 3174, 533186, 2315535, 0, 49385, 0, 253, 839, 0, 0, 13554, 0, 6761675], [50, 660, 1140, 221872, 747323, 0, 6684, 0, 92, 120, 0, 0, 6093, 0, 2187067], [10, 14, 24, -10664, -935, 0, 50, 0, 4, -6, 0, 0, 247, 0, 10732], [26, 525, 890, 208517, 160542, 0, 5882, 0, 100, 9, 0, 0, 7586, 0, 763041], [12, 477, 807, 32745, 23164, 0, 14139, 0, 27, -102, 0, 0, 8148, 0, 1040931], [16, 1109, 1874, -124293, 57700, 0, 1646, 0, 10, -264, 0, 0, 18576, 0, 1655716], [432, 700, 1179, 204315, 322081, 0, 2275, 0, 124, -67, 0, 0, 9225, 0, 1388919], [412, 4132, 6895, 656292, 2793988, 0, 13345, 0, 370, -662, 0, 0, 48834, 0, 11306148], [81, 18, 30, -5518, 12564, 0, 374, 0, 18, 1, 0, 0, 180, 0, 54725], [268, 3, 5, 696, 6451, 0, 163, 0, 0, -2, 0, 0, 9, 0, 715], [117, 1999, 3331, 142491, 428674, 0, 5805, 0, 249, -299, 0, 0, 30306, 0, 2942567], [89, 2203, 3644, 646210, 607022, 0, 69052, 0, 112, -455, 0, 0, 32074, 0, 5544688], [14, 23, 38, 11687, 16209, 0, 911, 0, 20, -13, 0, 0, 273, 0, 84072], [44, 198, 326, -4526, -20138, 0, 6130, 0, 23, -42, 0, 0, 3449, 0, 326209], [85, 11, 18, 2356, 10029, 0, 125, 0, 13, -3, 0, 0, 99, 0, 12622], [53, 2247, 3663, 650003, 909546, 0, 54645, 0, 297, -17, 0, 0, 30565, 0,