{"primary_winrate_percent": 41.18579162815264, "matchups_top": 19.047619047619047, "matchups_jungle": 18.181818181818183, "matchups_mid": 26.666666666666668, "matchups_adc": 41.62011173184357, "matchups_support": 41.18579162815264, "roles": [2, 3, 1, 5, 4]}