{"primary_winrate_percent": 0.41185791628152646, "matchups_top": 0.19047619047619047, "matchups_jungle": 0.18181818181818182, "matchups_mid": 0.26666666666666666, "matchups_adc": 0.41620111731843573, "matchups_support": 0.41185791628152646, "roles": [2, 3, 1, 5, 4]}