{"primary_winrate_percent": 51.75547294506402, "matchups_top": 50.95238095238095, "matchups_jungle": 51.75547294506402, "matchups_mid": 53.990610328638496, "matchups_adc": 33.33333333333333, "matchups_support": 49.57983193277311, "roles": [1, 2, 4, 5, 3]}