{"primary_winrate_percent": 0.5175547294506402, "matchups_top": 0.5095238095238095, "matchups_jungle": 0.5175547294506402, "matchups_mid": 0.539906103286385, "matchups_adc": 0.3333333333333333, "matchups_support": 0.4957983193277311, "roles": [1, 2, 4, 5, 3]}