{"primary_winrate_percent": 51.71649057012008, "winrate_top": 51.63120567375886, "winrate_jungle": 51.71649057012008, "winrate_mid": 53.77777777777778, "winrate_adc": 36.84210526315789, "winrate_support": 49.43224829674489, "roles": [1, 2, 4, 5, 3], "matchups_top": [[57, 7, 8], [67, 8, 11], [420, 8, 11], [31, 7, 10], [14, 7, 10], [6, 4, 6], [39, 14, 21], [240, 9, 14], [78, 5, 8], [164, 8, 13], [86, 19, 33], [68, 8, 14], [17, 9, 16], [74, 5, 9], [75, 6, 11], [82, 18, 34], [516, 7, 14], [157, 5, 10], [85, 7, 14], [13, 9, 18]], "matchups_jungle": [[29, 217, 402], [2, 546, 1026], [19, 623, 1181], [254, 805, 1538], [141, 1812, 3485], [106, 297, 572], [120, 900, 1734], [77, 246, 476], [24, 451, 881], [5, 484, 952], [245, 1741, 3442], [36, 533, 1069], [163, 203, 409], [104, 514, 1036], [56, 565, 1140], [9, 212, 428], [11, 948, 1920], [35, 779, 1591], [107, 511, 1045], [121, 1546, 3183]], "matchups_mid": [[30, 2, 2], [1, 2, 2], [103, 7, 9], [90, 3, 4], [74, 3, 4], [7, 3, 4], [161, 3, 4], [4, 2, 3], [99, 2, 3], [61, 3, 5], [91, 3, 5], [45, 5, 9], [8, 5, 9], [142, 1, 2], [246, 1, 2], [54, 1, 2], [10, 1, 2], [42, 1, 2], [3, 1, 2], [84, 5, 10]], "matchups_adc": [[21, 1, 1], [22, 2, 2], [51, 4, 4], [81, 2, 2], [18, 1, 2], [145, 2, 4], [119, 0, 1], [222, 0, 1], [498, 0, 2]], "matchups_support": [[57, 6, 9], [35, 9, 14], [143, 14, 24], [63, 15, 26], [3, 5, 9], [117, 35, 64], [412, 86, 159], [53, 61, 113], [555, 37, 69], [16, 18, 34], [111, 55, 104], [267, 32, 61], [432, 14, 27], [350, 27, 53], [12, 11, 22], [37, 7, 14], [497, 32, 64], [99, 23, 46], [25, 26, 52], [26, 7, 14]]}