{"primary_winrate_percent": 50.72269520276211, "matchups_top": 51.141975308641975, "matchups_jungle": 39.175257731958766, "matchups_mid": 50.72269520276211, "matchups_adc": 47.25274725274725, "matchups_support": 33.33333333333333, "roles": [5, 4, 2, 1, 3]}