{"primary_winrate_percent": 0.5072269520276211, "matchups_top": 0.5114197530864197, "matchups_jungle": 0.3917525773195876, "matchups_mid": 0.5072269520276211, "matchups_adc": 0.4725274725274725, "matchups_support": 0.3333333333333333, "roles": [5, 4, 2, 1, 3]}