{"primary_winrate_percent": 50.80818536507684, "winrate_top": 51.711245326430834, "winrate_jungle": 37.4384236453202, "winrate_mid": 50.80818536507684, "winrate_adc": 47.91666666666667, "winrate_support": 34.146341463414636, "roles": [5, 4, 2, 1, 3], "matchups_top": [[24, 70, 112], [27, 15, 24], [114, 84, 142], [31, 23, 39], [240, 22, 38], [83, 11, 19], [78, 12, 21], [420, 17, 30], [98, 28, 50], [82, 49, 88], [133, 36, 65], [157, 73, 135], [86, 61, 113], [74, 17, 32], [164, 32, 62], [58, 66, 129], [6, 23, 45], [23, 31, 61], [39, 50, 99], [54, 26, 52]], "matchups_jungle": [[29, 2, 2], [19, 2, 2], [33, 2, 2], [106, 4, 4], [421, 3, 3], [24, 4, 5], [141, 11, 14], [59, 6, 8], [121, 9, 12], [245, 6, 8], [77, 2, 3], [30, 2, 3], [203, 4, 6], [254, 2, 3], [11, 6, 9], [120, 3, 5], [2, 3, 5], [32, 3, 5], [64, 19, 33], [60, 4, 7]], "matchups_mid": [[54, 569, 1004], [74, 401, 713], [10, 650, 1207], [131, 1380, 2577], [103, 2715, 5179], [31, 290, 554], [245, 1613, 3102], [55, 1912, 3686], [86, 324, 625], [105, 2093, 4049], [82, 279, 544], [90, 1196, 2335], [69, 675, 1326], [518, 503, 990], [127, 1395, 2752], [80, 672, 1331], [101, 594, 1183], [58, 306, 611], [8, 1866, 3742], [99, 1167, 2343]], "matchups_adc": [[29, 1, 1], [39, 1, 1], [54, 1, 1], [59, 1, 1], [69, 1, 1], [134, 4, 4], [157, 2, 2], [67, 7, 8], [21, 6, 9], [110, 2, 3], [22, 9, 14], [202, 5, 8], [222, 8, 14], [236, 12, 21], [498, 7, 13], [145, 12, 25], [18, 4, 9], [119, 4, 10], [81, 8, 27], [51, 5, 17]], "matchups_support": [[37, 1, 1], [43, 2, 2], [50, 1, 1], [54, 1, 1], [63, 2, 2], [79, 1, 1], [89, 5, 5], [143, 3, 3], [161, 3, 3], [201, 1, 1], [223, 1, 1], [40, 4, 5], [53, 4, 5], [117, 7, 9], [267, 6, 8], [412, 12, 17], [350, 2, 3], [432, 2, 3], [497, 8, 12], [25, 5, 8]]}