{"primary_winrate_percent": 50.39145386697885, "winrate_top": 46.774193548387096, "winrate_jungle": 26.666666666666668, "winrate_mid": 50.39145386697885, "winrate_adc": 50.84033613445378, "winrate_support": 47.90419161676647, "roles": [5, 2, 3, 4, 1], "matchups_top": [[31, 3, 3], [14, 3, 3], [42, 3, 3], [518, 2, 2], [236, 2, 2], [85, 7, 8], [82, 7, 9], [157, 3, 4], [92, 6, 8], [240, 3, 4], [57, 3, 4], [150, 3, 4], [27, 2, 3], [54, 4, 6], [98, 4, 6], [164, 2, 3], [80, 5, 8], [17, 15, 24], [133, 3, 5], [58, 4, 7]], "matchups_jungle": [[19, 2, 2], [32, 1, 1], [35, 1, 1], [60, 1, 1], [64, 2, 2], [121, 1, 1], [154, 1, 1], [164, 1, 1], [20, 1, 2], [107, 0, 1], [120, 0, 1], [141, 0, 1]], "matchups_mid": [[10, 80, 126], [91, 130, 222], [136, 41, 73], [105, 224, 412], [238, 329, 614], [1, 152, 287], [90, 271, 513], [157, 378, 716], [69, 105, 199], [55, 192, 366], [131, 131, 250], [3, 67, 128], [80, 49, 94], [101, 161, 310], [54, 36, 70], [8, 221, 430], [518, 91, 178], [7, 192, 376], [161, 112, 220], [38, 179, 352]], "matchups_adc": [[15, 10, 11], [74, 6, 9], [110, 6, 10], [96, 4, 7], [81, 44, 84], [119, 14, 27], [157, 4, 8], [202, 29, 58], [236, 39, 78], [22, 41, 83], [222, 32, 65], [145, 79, 165], [498, 43, 93], [67, 24, 52], [51, 41, 90], [21, 18, 40], [18, 12, 27], [29, 3, 10]], "matchups_support": [[3, 7, 8], [45, 6, 7], [43, 18, 22], [101, 10, 14], [37, 5, 7], [497, 29, 43], [201, 10, 16], [117, 22, 37], [50, 13, 22], [412, 69, 119], [63, 15, 26], [16, 16, 28], [161, 8, 14], [89, 25, 49], [25, 38, 75], [53, 33, 66], [40, 22, 44], [54, 6, 12], [143, 13, 26], [432, 12, 25]]}