{"primary_winrate_percent": 50.488216724175906, "lane_winrates": {"1": 20.0, "2": 48.094747682801234, "3": 51.03950103950103, "4": 47.61904761904761, "5": 50.488216724175906}, "roles": [5, 2, 3, 4, 1], "matchups": {"1": [[120, 0, 1, 689, 1096, 0, 1, 0, -8, 0, 0, 0, 3, 0, -3703], [107, 0, 1, -2, 881, 0, -1, 0, -4, 0, 0, 0, 9, 0, 1749], [20, 1, 2, 1220, 1451, 0, -23, 0, 57, -1, 0, 0, 12, 0, -1501], [164, 1, 1, -854, -1480, 0, -16, 0, 0, 1, 0, 0, 19, 0, 3457], [154, 1, 1, -938, -844, 0, -9, 0, 4, 0, 0, 0, 16, 0, 61], [121, 1, 1, 1354, 997, 0, 20, 0, 23, 2, 0, 0, 5, 0, 13701], [64, 2, 2, 1477, 1802, 0, -35, 0, 23, 2, 0, 0, 8, 0, 6299], [60, 1, 1, 1618, 2132, 0, 1, 0, 21, 0, 0, 0, -8, 0, 1032], [35, 2, 2, 2622, 4770, 0, -23, 0, 78, 1, 0, 0, -20, 0, 4832], [32, 1, 1, 2205, 257, 0, -41, 0, 74, -1, 0, 0, 8, 0, 1593], [19, 2, 2, 3043, 1642, 0, 2, 0, 41, 1, 0, 0, 9, 0, 6635]], "2": [[48, 0, 1, -1444, -1435, 0, 8, 0, 0, 0, 0, 0, 22, 0, -3973], [68, 0, 1, -1319, -457, 0, -15, 0, 0, 0, 0, 0, 13, 0, -5280], [154, 0, 3, 2308, -2588, 0, 60, 0, 0, 4, 0, 0, 45, 0, -4495], [64, 0, 1, -880, -2680, 0, 3, 0, 0, 0, 0, 0, 22, 0, -10367], [81, 0, 1, -1674, -42, 0, -7, 0, 0, -1, 0, 0, 9, 0, -1549], [420, 0, 1, 153, -565, 0, 17, 0, 0, -1, 0, 0, 16, 0, -4540], [7, 0, 1, -1169, -2033, 0, -7, 0, 0, 0, 0, 0, 20, 0, -8941], [69, 0, 1, 308, 297, 0, -4, 0, 0, -1, 0, 0, 10, 0, -7431], [106, 0, 2, -2339, -5172, 0, 28, 0, -1, -4, 0, 0, 49, 0, -16329], [74, 0, 1, 0, 0, 0, 0, 0, 0, 0, 0, 0, 0, 0, 0], [86, 0, 1, -850, -964, 0, 60, 0, 0, 1, 0, 0, 11, 0, -6822], [14, 0, 1, -846, -1547, 0, 7, 0, 0, 1, 0, 0, 19, 0, -9701], [103, 0, 1, 592, -1349, 0, 10, 0, 0, 0, 0, 0, 21, 0, -4574], [30, 0, 1, -1085, -33, 0, -19, 0, 0, 0, 0, 0, 8, 0, -1212], [223, 0, 2, 914, -1215, 0, 6, 0, 0, 0, 0, 0, 23, 0, -6895], [98, 1, 5, -802, -3725, 0, 39, 0, 0, 2, 0, 0, 98, 0, -11100], [99, 13, 40, 3682, -10359, 0, -83, 0, 8, 2, 0, 0, 459, 0, -41095], [26, 8, 21, 1739, -11487, 0, -34, 0, 0, 3, 0, 0, 287, 0, -52599], [111, 25, 64, 6342, -17711, 0, 400, 0, 2, 8, 0, 0, 833, 0, 30105], [518, 2, 5, 2425, -793, 0, -51, 0, 0, 2, 0, 0, 49, 0, -3438], [35, 2, 5, -1856, -5353, 0, -46, 0, 8, -1, 0, 0, 97, 0, -8761], [9, 6, 15, 9240, 6081, 0, -29, 0, 9, 8, 0, 0, 92, 0, 7811], [555, 18, 44, 6565, 779, 0, 29, 0, 0, 22, 0, 0, 424, 0, -2411], [267, 18, 43, 11652, -14824, 0, -392, 0, -4, 7, 0, 0, 566, 0, -12207], [12, 6, 14, -2595, -13472, 0, 88, 0, 4, -5, 0, 0, 248, 0, -5067], [432, 10, 23, 3063, -6433, 0, -143, 0, -3, -5, 0, 0, 316, 0, -1942], [350, 11, 25, 4332, -9776, 0, -268, 0, 6, -4, 0, 0, 317, 0, -20154], [143, 12, 25, 1877, 1496, 0, -93, 0, 8, 3, 0, 0, 216, 0, 28933], [89, 25, 51, 10906, -15677, 0, 418, 0, -5, 3, 0, 0, 644, 0, 6439], [1, 2, 4, -1692, -2650, 0, -22, 0, 0, -2, 0, 0, 62, 0, -146], [21, 2, 4, -1417, -2068, 0, -48, 0, -4, 0, 0, 0, 44, 0, -3977], [25, 39, 77, 16124, -13981, 0, -262, 0, -20, 2, 0, 0, 895, 0, -31464], [53, 30, 58, 137, -23440, 0, 75, 0, 5, 2, 0, 0, 809, 0, 3263], [40, 21, 40, -6782, -18744, 0, -373, 0, -4, -7, 0, 0, 553, 0, -35573], [161, 8, 14, 3544, 111, 0, -93, 0, -3, 3, 0, 0, 107, 0, -1467], [54, 8, 14, 7754, -1173, 0, 28, 0, -4, 7, 0, 0, 155, 0, -14743], [63, 15, 26, -1346, 4397, 0, -61, 0, 5, 1, 0, 0, 232, 0, 25412], [16, 16, 27, -1420, -7343, 0, -349, 0, -10, -15, 0, 0, 357, 0, 51934], [412, 68, 114, 24024, 2396, 0, -926, 0, -5, -8, 0, 0, 1190, 0, 151672], [78, 3, 5, 1528, 3129, 0, 12, 0, 0, 7, 0, 0, 19, 0, 16150], [50, 12, 20, -6262, -16315, 0, -182, 0, -4, -4, 0, 0, 301, 0, -17523], [201, 12, 20, -3089, -24421, 0, 102, 0, -4, -3, 0, 0, 396, 0, -23271], [117, 21, 35, -1926, -20012, 0, -268, 0, -3, 2, 0, 0, 514, 0, -64369], [79, 2, 3, -628, -2117, 0, -9, 0, 0, 1, 0, 0, 47, 0, 2846], [37, 6, 9, 2138, -2289, 0, -58, 0, 0, 2, 0, 0, 102, 0, -13078], [497, 27, 40, -2216, -18228, 0, -460, 0, -16, -15, 0, 0, 517, 0, -29355], [101, 10, 13, 6587, 5345, 0, 13, 0, 0, 8, 0, 0, 94, 0, 30613], [45, 6, 7, 1975, 2123, 0, -11, 0, 0, 4, 0, 0, 59, 0, 14429], [43, 19, 22, 5967, -3704, 0, -166, 0, -5, 0, 0, 0, 228, 0, 39254], [427, 1, 1, 1027, 636, 0, 6, 0, 0, -1, 0, 0, 2, 0, -977], [15, 1, 1, 883, -37, 0, 14, 0, 0, -1, 0, 0, 10, 0, 61], [44, 2, 2, 511, -3103, 0, 8, 0, 0, 0, 0, 0, 46, 0, -734], [3, 7, 7, 3115, -280, 0, 111, 0, 0, 5, 0, 0, 68, 0, 30543], [113, 1, 1, 246, -1048, 0, 14, 0, 0, 0, 0, 0, 22, 0, -2903], [72, 1, 1, -595, -829, 0, 22, 0, 0, 1, 0, 0, 16, 0, 1305], [57, 2, 2, -598, -1572, 0, 8, 0, 4, -1, 0, 0, 34, 0, 7481], [22, 1, 1, -296, -1274, 0, 5, 0, 0, -2, 0, 0, 22, 0, 256], [80, 1, 1, 0, 0, 0, 0, 0, 0, 0, 0, 0, 0, 0, 0], [246, 1, 1, -63, 736, 0, 15, 0, 0, 0, 0, 0, 5, 0, 3078], [157, 1, 1, -585, -567, 0, 20, 0, 0, -1, 0, 0, 13, 0, 2690], [516, 1, 1, 654, 369, 0, 17, 0, 4, -1, 0, 0, 11, 0, -1493]], "3": [[50, 0, 2, -382, -1080, 0, -20, 0, 0, 0, 0, 0, 33, 0, 1007], [518, 0, 1, 36, 464, 0, -18, 0, 0, 0, 0, 0, 7, 0, -6398], [126, 0, 1, 878, 582, 0, 1, 0, 0, 0, 0, 0, 6, 0, 133], [163, 0, 1, 218, 1689, 0, 7, 0, 0, 2, 0, 0, 5, 0, -3485], [103, 0, 1, 607, -1416, 0, 4, 0, 0, -2, 0, 0, 22, 0, -2956], [131, 0, 1, -690, -676, 0, -9, 0, 0, 0, 0, 0, 17, 0, -3755], [142, 0, 1, -1106, -2954, 0, -29, 0, 0, -1, 0, 0, 38, 0, 660], [429, 1, 4, -840, -712, 0, 48, 0, 8, -1, 0, 0, 50, 0, -5756], [29, 3, 10, -2325, -561, 0, -18, 0, 25, 5, 0, 0, 89, 0, -36621], [18, 10, 27, -4253, -10063, 0, -203, 0, -4, -7, 0, 0, 339, 0, -24863], [498, 41, 90, -10426, -12242, 0, -102, 0, 52, 8, 0, 0, 956, 0, -59312], [51, 42, 92, -10096, 7194, 0, 629, 0, 30, -13, 0, 0, 907, 0, -40875], [67, 26, 55, -6836, -5353, 0, -38, 0, 5, 12, 0, 0, 622, 0, -94540], [145, 81, 167, -4088, 36426, 0, 1015, 0, 59, 58, 0, 0, 1346, 0, -29919], [21, 19, 39, 2533, 13421, 0, 316, 0, -5, -16, 0, 0, 299, 0, 9723], [202, 28, 57, 1635, 10956, 0, 573, 0, 26, 0, 0, 0, 489, 0, 19448], [236, 40, 81, 2822, 25049, 0, 763, 0, 66, 16, 0, 0, 628, 0, -44109], [22, 42, 85, -7076, 5672, 0, -5, 0, 18, 2, 0, 0, 810, 0, 20442], [69, 1, 2, 1903, 2210, 0, 31, 0, 0, 2, 0, 0, 2, 0, 3212], [45, 2, 4, -27, 1129, 0, 61, 0, 0, -3, 0, 0, 35, 0, 5899], [134, 2, 4, -1815, -6702, 0, -9, 0, 0, -4, 0, 0, 82, 0, -4716], [157, 4, 8, 4876, 9714, 0, 162, 0, -2, 2, 0, 0, -3, 0, 6182], [110, 6, 12, 8217, 7205, 0, 132, 0, -4, 7, 0, 0, 46, 0, 10092], [81, 43, 85, -14026, -8873, 0, -31, 0, -8, -17, 0, 0, 898, 0, -102530], [222, 35, 66, -14802, -5485, 0, 59, 0, 13, -8, 0, 0, 689, 0, -56390], [119, 15, 28, -2482, 31917, 0, 487, 0, 27, 5, 0, 0, 56, 0, 58147], [96, 4, 7, -448, 1654, 0, 1, 0, 0, -1, 0, 0, 63, 0, -1070], [74, 6, 9, 9485, 10605, 0, 172, 0, 8, 4, 0, 0, 19, 0, 37146], [15, 8, 10, 2618, 6173, 0, 61, 0, -4, 0, 0, 0, 68, 0, 35693], [39, 1, 1, 1007, 1471, 0, 32, 0, 0, 0, 0, 0, -5, 0, 1166], [161, 3, 3, 1441, 3628, 0, 61, 0, 0, -1, 0, 0, 8, 0, 9548], [10, 3, 3, 3366, 3878, 0, 10, 0, 4, 3, 0, 0, 12, 0, 22666], [86, 1, 1, 186, 922, 0, -2, 0, 0, 3, 0, 0, 0, 0, 2364], [203, 2, 2, 1920, 2316, 0, -24, 0, 0, 4, 0, 0, -4, 0, -7126], [90, 1, 1, 1491, 1483, 0, 19, 0, 3, 1, 0, 0, 0, 0, 7653], [112, 1, 1, 1117, 2858, 0, 11, 0, 0, 1, 0, 0, -9, 0, 6782]],