{"primary_winrate_percent": 50.392711278667925, "matchups_top": 47.94520547945205, "matchups_jungle": 23.076923076923077, "matchups_mid": 50.392711278667925, "matchups_adc": 50.61867266591676, "matchups_support": 48.26427771556551, "roles": [5, 2, 3, 4, 1]}