{"primary_winrate_percent": 0.5039271127866792, "matchups_top": 0.4794520547945205, "matchups_jungle": 0.23076923076923078, "matchups_mid": 0.5039271127866792, "matchups_adc": 0.5061867266591676, "matchups_support": 0.4826427771556551, "roles": [5, 2, 3, 4, 1]}