{"primary_winrate_percent": 51.63507673461054, "winrate_top": 51.17227319062182, "winrate_jungle": 48.0, "winrate_mid": 52.99180896848535, "winrate_adc": 51.87500000000001, "winrate_support": 51.63507673461054, "roles": [2, 5, 4, 3, 1], "matchups_top": [[1, 6, 6], [236, 5, 5], [6, 5, 6], [112, 6, 8], [31, 6, 8], [420, 12, 16], [81, 5, 7], [75, 9, 13], [157, 7, 11], [98, 11, 18], [24, 17, 28], [14, 3, 5], [27, 7, 12], [240, 14, 24], [86, 28, 49], [133, 4, 7], [13, 20, 36], [17, 20, 37], [126, 7, 13], [23, 8, 15]], "matchups_jungle": [[13, 1, 1], [24, 1, 1], [28, 2, 2], [32, 1, 1], [36, 1, 1], [254, 2, 2], [35, 2, 3], [64, 6, 9], [120, 3, 5], [11, 1, 2], [20, 2, 4], [59, 1, 2], [60, 1, 2], [107, 1, 2], [245, 1, 2], [2, 0, 1], [17, 0, 1], [104, 0, 1], [121, 0, 1], [141, 0, 4]], "matchups_mid": [[80, 39, 63], [25, 21, 37], [127, 54, 98], [55, 124, 227], [91, 87, 164], [157, 168, 317], [142, 81, 153], [34, 48, 91], [45, 143, 277], [101, 60, 117], [115, 22, 43], [38, 84, 165], [245, 76, 150], [69, 49, 97], [74, 30, 60], [90, 90, 188], [103, 186, 389], [13, 148, 310], [99, 111, 236], [84, 105, 228]], "matchups_adc": [[33, 1, 1], [112, 1, 1], [157, 1, 1], [429, 1, 1], [22, 13, 17], [81, 9, 13], [18, 2, 3], [21, 3, 5], [67, 5, 9], [498, 8, 15], [119, 3, 6], [202, 6, 12], [222, 3, 6], [236, 6, 14], [145, 11, 29], [51, 4, 14], [15, 0, 1], [29, 0, 3], [45, 0, 3], [63, 0, 1]], "matchups_support": [[37, 175, 333], [267, 912, 1744], [40, 659, 1275], [117, 835, 1627], [111, 1111, 2176], [143, 300, 588], [53, 1001, 1962], [54, 88, 173], [50, 294, 578], [16, 453, 901], [63, 289, 576], [432, 295, 589], [44, 88, 176], [101, 182, 373], [35, 108, 224], [161, 162, 338], [89, 856, 1787], [497, 761, 1595], [412, 1724, 3635], [9, 206, 437]]}