{"primary_winrate_percent": 0.5165277060429425, "matchups_top": 0.5190839694656488, "matchups_jungle": 0.4878048780487805, "matchups_mid": 0.532508674008146, "matchups_adc": 0.5135135135135135, "matchups_support": 0.5165277060429425, "roles": [2, 5, 4, 3, 1]}