{"primary_winrate_percent": 51.652770604294254, "matchups_top": 51.908396946564885, "matchups_jungle": 48.78048780487805, "matchups_mid": 53.250867400814606, "matchups_adc": 51.35135135135135, "matchups_support": 51.652770604294254, "roles": [2, 5, 4, 3, 1]}