{"primary_winrate_percent": 49.91340030376509, "matchups_top": 48.724489795918366, "matchups_jungle": 23.52941176470588, "matchups_mid": 49.91340030376509, "matchups_adc": 45.2887537993921, "matchups_support": 45.28130671506352, "roles": [5, 2, 4, 3, 1]}