{"primary_winrate_percent": 49.815625153645705, "winrate_top": 48.69976359338061, "winrate_jungle": 21.052631578947366, "winrate_mid": 49.815625153645705, "winrate_adc": 45.40229885057471, "winrate_support": 45.439189189189186, "roles": [5, 2, 4, 3, 1], "matchups_top": [[30, 6, 6], [31, 3, 3], [238, 4, 4], [126, 5, 6], [16, 3, 4], [516, 4, 6], [127, 2, 3], [80, 4, 6], [18, 2, 3], [57, 2, 3], [86, 10, 15], [41, 8, 12], [85, 2, 3], [98, 2, 3], [78, 2, 3], [68, 4, 6], [164, 4, 6], [82, 7, 11], [75, 3, 5], [92, 5, 9]], "matchups_jungle": [[5, 1, 1], [24, 1, 1], [35, 1, 1], [59, 2, 2], [64, 1, 1], [102, 1, 1], [107, 2, 2], [121, 3, 3], [141, 1, 1], [254, 1, 1], [104, 1, 2], [11, 0, 1], [120, 0, 1], [246, 0, 1]], "matchups_mid": [[74, 165, 287], [115, 160, 282], [90, 556, 987], [245, 446, 822], [112, 412, 764], [34, 264, 490], [161, 311, 578], [38, 631, 1177], [1, 327, 612], [105, 718, 1357], [136, 121, 229], [3, 261, 494], [99, 645, 1225], [69, 333, 636], [238, 984, 1884], [131, 379, 726], [517, 167, 321], [4, 759, 1467], [103, 1180, 2285], [157, 1119, 2174]], "matchups_adc": [[29, 2, 2], [64, 2, 2], [15, 7, 8], [74, 3, 4], [110, 5, 7], [202, 7, 10], [21, 8, 12], [45, 4, 6], [96, 2, 3], [222, 15, 23], [81, 29, 52], [67, 5, 9], [18, 6, 11], [22, 16, 30], [119, 4, 8], [134, 1, 2], [429, 1, 2], [498, 15, 30], [51, 19, 39], [145, 23, 48]], "matchups_support": [[37, 5, 7], [350, 25, 36], [16, 31, 46], [54, 6, 9], [35, 6, 9], [117, 43, 67], [40, 21, 35], [43, 18, 30], [432, 12, 20], [412, 86, 145], [111, 48, 81], [267, 51, 88], [99, 20, 35], [89, 41, 76], [143, 8, 15], [50, 14, 27], [53, 43, 84], [44, 5, 10], [25, 32, 64], [497, 39, 80]]}