{"primary_winrate_percent": 0.4991340030376509, "matchups_top": 0.4872448979591837, "matchups_jungle": 0.23529411764705882, "matchups_mid": 0.4991340030376509, "matchups_adc": 0.45288753799392095, "matchups_support": 0.4528130671506352, "roles": [5, 2, 4, 3, 1]}