{"primary_winrate_percent": 50.93975356311397, "matchups_top": 52.10084033613446, "matchups_jungle": 42.168674698795186, "matchups_mid": 49.90278677900194, "matchups_adc": 45.63758389261745, "matchups_support": 50.93975356311397, "roles": [2, 5, 4, 3, 1]}