{"primary_winrate_percent": 51.065567292747815, "lane_winrates": {"1": 41.17647058823529, "2": 51.065567292747815, "3": 44.73684210526316, "4": 50.73529411764706, "5": 50.17942583732058}, "roles": [2, 5, 4, 3, 1], "matchups": {"1": [[145, 0, 1, 1222, 383, 0, 4, 0, 10, -1, 0, 0, 5, 0, 6946], [421, 0, 1, -590, -1163, 0, -16, 0, 8, 1, 0, 0, 25, 0, -3524], [266, 0, 1, 95, -1302, 0, -13, 0, 26, -1, 0, 0, 24, 0, -4021], [104, 0, 2, -27, -786, 0, 6, 0, -4, -1, 0, 0, 23, 0, -4833], [106, 0, 1, 2, 732, 0, 8, 0, 12, 0, 0, 0, 4, 0, -5079], [33, 0, 1, -193, -359, 0, -3, 0, 10, -2, 0, 0, 17, 0, 1885], [113, 0, 1, -876, -948, 0, -12, 0, -15, 0, 0, 0, 15, 0, 114], [107, 0, 1, -610, -631, 0, 0, 0, -3, -2, 0, 0, 13, 0, -1797], [121, 1, 5, -1079, -1876, 0, -43, 0, 44, 0, 0, 0, 59, 0, -597], [32, 1, 3, 238, 625, 0, -11, 0, 26, 0, 0, 0, 30, 0, 1394], [254, 2, 4, 2321, -1279, 0, -14, 0, 96, 0, 0, 0, 44, 0, -6384], [245, 3, 6, 1847, 2849, 0, 43, 0, 11, 4, 0, 0, 29, 0, -11509], [9, 1, 2, -522, 454, 0, -5, 0, 0, 0, 0, 0, 18, 0, 3721], [19, 2, 4, 1031, 3961, 0, 14, 0, 3, 0, 0, 0, 13, 0, 4926], [5, 1, 2, 2524, 2416, 0, 4, 0, 14, 2, 0, 0, -1, 0, 8400], [24, 1, 2, -551, -1054, 0, -1, 0, -6, 2, 0, 0, 30, 0, -988], [28, 1, 2, 1611, 1594, 0, -12, 0, 11, 0, 0, 0, 11, 0, 8324], [141, 3, 5, 125, 2982, 0, 17, 0, -34, -1, 0, 0, 38, 0, 16210], [11, 2, 3, 2416, 6455, 0, 9, 0, 89, 7, 0, 0, -9, 0, 7917], [79, 4, 6, -1488, 2096, 0, -18, 0, 25, 0, 0, 0, 45, 0, 18485], [35, 2, 3, 396, 1082, 0, -8, 0, 2, 3, 0, 0, 14, 0, -3870], [64, 6, 8, 4346, 9491, 0, -21, 0, 115, 9, 0, 0, 6, 0, 28778], [56, 4, 5, 4940, 7235, 0, -22, 0, 85, 3, 0, 0, -4, 0, 16436], [48, 1, 1, 378, 0, 0, -8, 0, 9, 1, 0, 0, 3, 0, -757], [63, 1, 1, -1041, -2025, 0, -15, 0, -4, -2, 0, 0, 28, 0, 1355], [20, 1, 1, -994, -726, 0, -3, 0, -7, 0, 0, 0, 17, 0, 1427], [36, 1, 1, -1613, -1214, 0, -1, 0, -13, 0, 0, 0, 16, 0, -7485], [76, 1, 1, 1517, 1928, 0, 15, 0, 0, 1, 0, 0, 0, 0, 7796], [2, 1, 1, 1670, 2300, 0, 6, 0, 30, 0, 0, 0, -7, 0, 9894], [120, 2, 2, -1177, 1036, 0, -29, 0, 11, 1, 0, 0, 3, 0, 6976], [72, 1, 1, -214, -354, 0, -18, 0, -14, 0, 0, 0, 15, 0, -2322], [57, 1, 1, 633, 459, 0, -1, 0, 3, 0, 0, 0, 6, 0, 8990], [54, 1, 1, -1713, -938, 0, -7, 0, -32, 1, 0, 0, 17, 0, 1276], [80, 1, 1, -1905, -1272, 0, -4, 0, -25, -2, 0, 0, 18, 0, -8126], [59, 3, 3, 2620, 3587, 0, 9, 0, 34, 0, 0, 0, -12, 0, 5031], [23, 1, 1, 1132, 1285, 0, 16, 0, 32, 2, 0, 0, -1, 0, 3869]], "2": [[62, 0, 2, -1895, -3814, 0, 41, 0, 0, -2, 0, 0, 51, 0, -12931], [39, 0, 3, 675, -2620, 0, 172, 0, 0, -1, 0, 0, 51, 0, -20209], [83, 0, 4, 1980, -413, 0, 94, 0, 0, 1, 0, 0, 41, 0, -12415], [136, 0, 1, 612, 379, 0, 16, 0, 0, 1, 0, 0, 4, 0, -866], [238, 0, 3, -247, -21, 0, 87, 0, 0, 0, 0, 0, 28, 0, -9109], [122, 0, 3, -919, -1829, 0, 71, 0, 0, -4, 0, 0, 42, 0, -28144], [84, 0, 1, -447, -1105, 0, 4, 0, 0, 1, 0, 0, 18, 0, -7299], [82, 0, 3, -1160, -2655, 0, 54, 0, 0, -1, 0, 0, 54, 0, -15992], [55, 0, 2, 186, -1053, 0, 24, 0, 0, -2, 0, 0, 27, 0, -3348], [91, 0, 1, 565, 660, 0, 25, 0, 0, 0, 0, 0, 0, 0, 1906], [268, 0, 1, -863, -1466, 0, 2, 0, 0, -1, 0, 0, 24, 0, -3994], [240, 0, 1, -291, 37, 0, 1, 0, -4, 0, 0, 0, 13, 0, 2678], [29, 0, 1, 499, 118, 0, -9, 0, 0, 2, 0, 0, 7, 0, -2030], [24, 0, 1, -535, -1409, 0, 13, 0, 0, 0, 0, 0, 16, 0, -9597], [96, 0, 1, -1642, -203, 0, -4, 0, 0, 0, 0, 0, 11, 0, 800], [102, 0, 2, -250, -1968, 0, 32, 0, 0, -2, 0, 0, 41, 0, -8037], [246, 1, 4, -1444, -2732, 0, 65, 0, 4, 2, 0, 0, 45, 0, -33187], [112, 1, 4, -538, 303, 0, -6, 0, 12, 2, 0, 0, 39, 0, 1775], [92, 1, 4, -1012, 412, 0, 65, 0, 0, 3, 0, 0, 34, 0, 5337], [110, 1, 4, -718, 1458, 0, 11, 0, -8, -1, 0, 0, 37, 0, -1213], [10, 5, 18, -744, -10306, 0, -32, 0, -8, 1, 0, 0, 247, 0, -50264], [164, 1, 3, -1275, -710, 0, 43, 0, 0, -1, 0, 0, 31, 0, -11556], [69, 1, 3, -1295, -2035, 0, 37, 0, -4, 0, 0, 0, 41, 0, -23388], [121, 1, 3, -1383, -538, 0, 24, 0, 2, 0, 0, 0, 31, 0, -7741], [4, 2, 6, 783, 1708, 0, 48, 0, -2, 0, 0, 0, 42, 0, 13357], [86, 11, 32, 6721, 14440, 0, 1948, 0, 17, 7, 0, 0, 155, 0, -33528], [90, 5, 14, -3013, -4696, 0, 33, 0, -5, -1, 0, 0, 156, 0, -41640], [59, 7, 19, -4957, -8724, 0, -22, 0, -12, -3, 0, 0, 269, 0, -23827], [79, 24, 65, -14817, -46230, 0, -27, 0, -2, -9, 0, 0, 1001, 0, -94585], [1, 45, 121, -30245, -57640, 0, -44, 0, -20, -7, 0, 0, 1659, 0, -183573], [64, 3, 8, 350, -1988, 0, 111, 0, 0, 0, 0, 0, 103, 0, -6356], [17, 22, 58, -24262, -34287, 0, -82, 0, -8, -7, 0, 0, 839, 0, -108245], [34, 11, 28, -3553, -15094, 0, -44, 0, 6, -2, 0, 0, 390, 0, -33535], [223, 31, 78, -9812, -40462, 0, 1100, 0, -15, -5, 0, 0, 1106, 0, -125291], [48, 4, 10, -3781, -10977, 0, 115, 0, -1, -3, 0, 0, 174, 0, -23454], [78, 18, 45, -2546, -18173, 0, 631, 0, 10, -3, 0, 0, 590, 0, -45508], [31, 4, 10, -1306, -4336, 0, 165, 0, 3, -5, 0, 0, 137, 0, -5727], [516, 15, 37, -2706, -12018, 0, 534, 0, -4, 12, 0, 0, 440, 0, -34952], [14, 9, 22, 1932, -1232, 0, 253, 0, 1, -1, 0, 0, 238, 0, -514], [45, 65, 158, -19486, -63481, 0, -52, 0, -47, -29, 0, 0, 2041, 0, -114124], [427, 7, 17, -1384, -5910, 0, -38, 0, 14, 2, 0, 0, 207, 0, 4123], [21, 86, 208, -18755, -11677, 0, 180, 0, -19, -19, 0, 0, 2161, 0, -78119], [157, 3, 7, -620, -52, 0, 336, 0, 0, -1, 0, 0, 53, 0, -19351], [127, 3, 7, -2572, -4185, 0, 14, 0, 5, -6, 0, 0, 97, 0, -10042], [350, 483, 1123, -675, -559694, 0, -9058, 0, -299, 3, 0, 0, 15473, 0, -1560237], [54, 87, 199, -10425, -63824, 0, 112, 0, -10, 42, 0, 0, 2454, 0, -85328], [201, 271, 619, -128219, -457283, 0, 5931, 0, -173, -218, 0, 0, 9918, 0, -783684], [154, 11, 25, 9328, 4035, 0, 409, 0, 1, 7, 0, 0, 218, 0, -13794], [3, 35, 79, 2597, -12106, 0, 753, 0, -8, -6, 0, 0, 890, 0, -30665], [432, 344, 765, 33019, -242842, 0, -4209, 0, -41, -11, 0, 0, 9562, 0, -590423], [12, 240, 533, -63113, -317880, 0, 4500, 0, -80, -93, 0, 0, 7816, 0, -466564], [22, 26, 57, -4701, -10336, 0, 39, 0, -10, -16, 0, 0, 621, 0, -510], [80, 21, 46, 14028, 10694, 0, 508, 0, 51, 1, 0, 0, 408, 0, 59310], [99, 608, 1323, -59025, -235645, 0, -3222, 0, -115, 132, 0, 0, 15192, 0, -507562], [63, 445, 964, -132072, -143046, 0, -2957, 0, 3, -11, 0, 0, 10602, 0, -363983], [43, 463, 984, -92270, -334024, 0, -3371, 0, -56, -110, 0, 0, 12701, 0, -540768], [25, 1318, 2796, -253198, -728987, 0, -8729, 0, -229, -242, 0, 0, 33956, 0, -1085896], [555, 909, 1928, 123374, 526076, 0, 12566, 0, -224, 751, 0, 0, 14550, 0, 1196780], [163, 9, 19, -1978, -2034, 0, 41, 0, 0, 6, 0, 0, 185, 0, -34908], [518, 58, 122, -27828, -33195, 0, -290, 0, -21, -5, 0, 0, 1463, 0, -29563], [74, 10, 21, -6189, -1131, 0, 47, 0, 8, -17, 0, 0, 208, 0, -14060], [412, 2269, 4749, -430422, -1178879, 0, -29482, 0, -930, -945, 0, 0, 57642, 0, -1555043], [497, 870, 1813, -227507, -763939, 0, -11914, 0, -431, -330, 0, 0, 24171, 0, -1438190], [26, 288, 595, 79145, -225029, 0, -967, 0, -83, -8, 0, 0, 7637, 0, -556187], [98, 53, 108, 1954, -45730, 0, 1342, 0, -29, 5, 0, 0, 1504, 0, -86510], [267, 1229, 2498, -291417, -1236807, 0, -19580, 0, -516, -545, 0, 0, 34871, 0, -2140024], [117, 984, 1994, -185052, -1056153, 0, -11654, 0, -342, -353, 0, 0, 28146, 0, -2195487], [254, 1, 2, 2110, 2751, 0, 34, 0, -4, 1, 0, 0, 11, 0, 10960], [20, 2, 4, -1642, -2879, 0, 8, 0, 12, -6, 0, 0, 72, 0, -3389], [150, 1, 2, -52, -1900, 0, 38, 0, 0, 1, 0, 0, 38, 0, -6143], [76, 4, 8, -368, -271, 0, 22, 0, 13, -3, 0, 0, 73, 0, 25215], [113, 1, 2, -3274, -2916, 0, 13, 0, 0, -2, 0, 0, 46, 0, -7989], [61, 5, 10, 1613, 3084, 0, 26, 0, 0, 4, 0, 0, 69, 0, 4891], [30, 4, 8, 641, -5026, 0, 42, 0, 0, -7, 0, 0, 120, 0, -8593], [142, 7, 14, 1070, -1579, 0, 36, 0, 4, 6, 0, 0, 160, 0, -24919], [37, 239, 476, -77858, -210027, 0, -2839, 0, -108, -177, 0, 0, 6400, 0, -559591], [40, 789, 1562, -174804, -670815, 0, -9849, 0, -300, -356, 0, 0, 21225, 0, -1088797], [35, 143, 281, -47160, -44284, 0, -885, 0, 34, 93, 0, 0, 3182, 0, -149610], [9, 274, 534, 10895, -38323, 0, 189, 0, -9, -11, 0, 0, 5575, 0, 53877], [50, 382, 740, 57699, 48994, 0, -1444, 0, -183, 196, 0, 0, 7009, 0, 44794], [89, 1245, 2361, 288004, -575585, 0, 