{"primary_winrate_percent": 0.5093975356311397, "matchups_top": 0.5210084033613446, "matchups_jungle": 0.42168674698795183, "matchups_mid": 0.49902786779001945, "matchups_adc": 0.4563758389261745, "matchups_support": 0.5093975356311397, "roles": [2, 5, 4, 3, 1]}