{"primary_winrate_percent": 50.94868703810472, "winrate_top": 51.908396946564885, "winrate_jungle": 41.37931034482759, "winrate_mid": 49.63547995139733, "winrate_adc": 45.22292993630573, "winrate_support": 50.94868703810472, "roles": [2, 5, 4, 3, 1], "matchups_top": [[23, 1, 1], [96, 2, 2], [31, 1, 1], [10, 5, 5], [85, 2, 2], [518, 1, 1], [67, 2, 2], [50, 1, 1], [161, 1, 1], [39, 1, 1], [150, 3, 4], [17, 3, 4], [83, 3, 4], [86, 5, 7], [27, 2, 3], [57, 2, 3], [41, 2, 3], [6, 2, 3], [266, 4, 6], [58, 1, 2]], "matchups_jungle": [[23, 1, 1], [77, 1, 1], [59, 3, 3], [80, 1, 1], [54, 1, 1], [5, 1, 1], [57, 1, 1], [72, 1, 1], [120, 2, 2], [2, 1, 1], [76, 1, 1], [36, 1, 1], [63, 1, 1], [48, 2, 2], [79, 4, 5], [64, 7, 9], [56, 4, 6], [35, 2, 3], [11, 2, 3], [141, 3, 5]], "matchups_mid": [[10, 11, 16], [74, 8, 12], [55, 38, 57], [99, 36, 59], [45, 39, 64], [3, 14, 23], [238, 44, 74], [105, 26, 45], [4, 28, 49], [142, 28, 49], [161, 11, 20], [7, 23, 42], [25, 6, 11], [39, 14, 26], [134, 33, 62], [90, 25, 47], [101, 20, 38], [81, 11, 21], [112, 12, 23], [91, 18, 35]], "matchups_adc": [[29, 1, 1], [157, 1, 1], [67, 8, 10], [202, 8, 11], [15, 2, 3], [110, 2, 3], [498, 8, 12], [51, 8, 13], [222, 8, 13], [145, 15, 28], [22, 8, 15], [81, 6, 12], [119, 3, 6], [236, 5, 14], [18, 2, 6], [45, 1, 4], [21, 0, 3], [74, 0, 1], [96, 0, 1]], "matchups_support": [[44, 126, 211], [161, 291, 538], [16, 678, 1267], [53, 1180, 2209], [89, 1265, 2377], [101, 294, 554], [111, 1372, 2591], [50, 384, 742], [9, 274, 534], [37, 245, 481], [40, 800, 1585], [35, 139, 277], [117, 1002, 2000], [267, 1247, 2532], [26, 286, 589], [412, 2281, 4738], [497, 876, 1836], [555, 923, 1936], [43, 466, 980], [25, 1308, 2797]]}